Demand,Entities In Part 1,Part 1 VA Time,Drilling Queue Time,Part 1 Storage Time,Part 1 Stored,Entities In Part 2,Part 2 VA Time,Milling Queue Time,Part 2 Storage Time,Part 2 Stored,Entities Out,Assembly Time,Assembly Queue Time,Drilling Utilization,Milling Utilization,Assembly Utilization
7,4921,3.001686,0.028374,1.52469,15,5138,3.001738,0.00226,32.317876,232,4906,3.007488,0.178454,0.341792,0.267625,0.512982
13,2160,2.996812,0,15.424312,6,2265,2.990346,0,16.641485,111,2154,3.020345,0,0.149739,0.117389,0.225907
3,2214,2.99685,0,2.548998,14,2241,2.985284,0,10.723775,41,2200,3.002305,0,0.15331,0.116007,0.230056
10,5688,3.014338,0.072612,0.156063,53,6056,3.006632,0.012824,58.827262,421,5635,2.99452,0.329992,0.395501,0.315421,0.586787
9,12444,2.992463,4.312082,134.594359,2885,12699,2.998766,1.118083,163.426465,3140,9559,2.996595,2.905791,0.855678,0.660039,0.995767
6,4344,3.002647,0.010083,34.012687,15,4440,2.989268,0.000709,6.040711,111,4329,2.997195,0.118102,0.301596,0.230234,0.450989
2,1484,3.000951,0,49.167148,42,1446,3.005436,0,1.19044,4,1442,3.006816,0,0.103037,0.075335,0.15055
6,4452,3.003074,0.010916,20.762189,201,4272,3.005985,0.000273,0.270143,21,4251,3.00291,0.07978,0.309447,0.222588,0.443725
17,10880,2.998147,2.840057,89.294724,1342,12087,2.998391,0.740226,136.116087,2549,9538,2.997316,2.898592,0.754237,0.628347,0.993782
4,6471,3.002582,0.122692,2.976487,39,6471,2.998705,0.017229,14.240041,39,6432,2.99527,0.553202,0.449556,0.336812,0.670091
4,2896,3.003175,0,0.966012,8,2964,3.005347,0,30.937608,76,2888,3.004008,0.001668,0.201059,0.154311,0.301293
2,8388,2.998351,0.483585,9.204625,136,8292,3.003483,0.103494,7.618948,40,8252,2.99002,1.638816,0.582214,0.431418,0.857151
11,7700,3.001519,0.398978,39.243106,61,7700,2.996654,0.104889,2.797306,61,7639,2.998147,1.418421,0.534993,0.399782,0.796389
5,3525,3.00657,0.001283,3.772165,25,3805,3.00024,0,25.509468,305,3500,3.011991,0.013375,0.245161,0.197376,0.366964
17,11985,3.002511,3.175336,169.462444,2435,11900,3.002922,0.743024,136.584144,2350,9550,2.993077,2.916127,0.832491,0.619099,0.993693
3,2160,2.997298,0,13.773263,108,2067,3.001697,0,9.462253,15,2052,3.000259,0,0.149636,0.107519,0.214149
19,11632,3.003639,2.612092,139.830228,2098,11408,2.998181,0.670901,121.829323,1874,9534,2.999378,2.916671,0.808758,0.593248,0.994038
14,10944,3.006411,1.57395,96.170527,1409,10992,2.996993,0.575733,110.258228,1457,9535,3.004159,2.912325,0.76124,0.571926,0.995385
4,3016,3.000782,0,61.576474,196,2840,3.004235,0,0.121813,20,2820,2.990674,0.010693,0.209029,0.148134,0.293614
2,5832,3.008472,0.082476,6.292182,408,5464,3.002409,0.000974,16.716862,40,5424,2.990789,0.299688,0.405475,0.284222,0.563451
16,11792,2.997899,4.661894,104.103279,2279,10480,2.99974,0.472127,59.012659,967,9513,3.000464,2.896571,0.815959,0.543929,0.992118
15,10695,3.000763,2.314811,82.347326,1175,9825,2.997944,0.293254,28.941233,305,9520,3.001078,2.872071,0.739878,0.510815,0.993348
13,2175,3.026309,0,12.478962,72,2103,3.016493,0,4.16108,0,2103,2.992564,0,0.15222,0.110133,0.21852
13,9295,3.011669,0.833375,9.381476,71,9451,3.001389,0.227746,60.84398,227,9224,3.004234,2.723025,0.647609,0.492194,0.963049
6,5808,2.990022,0.068259,2.242337,41,5800,3.003893,0.015487,8.130287,33,5767,2.988811,0.405018,0.401163,0.302054,0.598748
16,11883,3.00237,7.079427,119.814785,2403,13158,3.00315,1.755235,242.348906,3678,9480,3.011391,2.912199,0.821341,0.686032,0.992432
4,3020,2.997025,0,19.4843,182,2840,2.996205,0,11.621884,2,2838,2.996073,0.006345,0.209064,0.14773,0.295469
15,7370,3.005726,0.307086,3.723112,58,7680,3.0034,0.034513,42.281651,368,7312,3.004908,1.054996,0.512476,0.400006,0.763894
4,2684,3.000419,0.00021,1.535322,22,2960,3.00823,0,62.416262,298,2662,2.995999,0.007051,0.186021,0.154349,0.277813
4,12818,2.998972,4.865114,171.896725,3291,12342,2.995471,0.856535,175.213876,2815,9527,3.003107,2.928326,0.884591,0.64133,0.994664
11,8250,2.999394,0.519254,29.204307,506,7810,3.008363,0.077021,2.58651,66,7744,3.009052,1.391863,0.572007,0.407913,0.810214
13,11008,2.999049,2.389546,126.937765,1691,11168,2.993805,0.682214,70.272518,1851,9317,3.008164,2.725469,0.764202,0.57906,0.974268
5,5075,2.999909,0.031449,21.85893,14,5152,3.000475,0.008047,1.153932,91,5061,2.997442,0.235663,0.352208,0.268124,0.526803
6,2157,2.995424,0,30.254228,161,2004,3.001507,0,3.425163,8,1996,3.001547,0.000326,0.149563,0.104213,0.208211
15,6750,3.001927,0.21637,19.038573,189,6579,2.994752,0.039446,1.72899,18,6561,3.002265,0.817752,0.468565,0.342067,0.684223
2,1438,3.019039,0,39.826745,8,1470,2.997008,0,1.191979,40,1430,3.010241,0,0.100503,0.076377,0.149742
15,5768,2.998306,0.060379,3.113737,31,5880,3.002582,0.008229,15.247569,143,5737,3.003927,0.323694,0.399941,0.306514,0.598931
5,3680,3.001688,0.000585,19.716896,65,3620,3.003379,0,4.788556,5,3615,2.999591,0.040224,0.255449,0.188754,0.376634
14,13050,3.001387,7.455477,180.841835,3489,13212,2.998427,0.952998,179.12931,3651,9561,2.99881,2.911755,0.904329,0.686479,0.996634
13,5536,3.015683,0.091219,8.234101,16,5696,3.001041,0.005092,19.587797,176,5520,3.003407,0.38252,0.386454,0.296779,0.576039
14,10052,2.994976,1.159778,42.884169,633,10248,3.002703,0.362291,61.865238,829,9419,3.007877,2.797514,0.694401,0.533554,0.985028
16,9724,2.999838,1.032037,55.042773,1168,8658,2.997506,0.214529,8.943913,102,8556,2.997497,2.237976,0.674937,0.450122,0.891501
16,8140,3.007745,0.542898,7.396024,77,8272,3.001294,0.108026,14.226949,209,8063,2.999109,1.664486,0.564039,0.43058,0.840543
14,682,2.988411,0,12.016986,2,702,2.98843,0,4.124204,22,680,2.978478,0,0.047178,0.036404,0.070477
9,5677,2.998744,0.04874,35.341335,433,5257,2.996947,0.009165,8.048214,13,5244,2.996366,0.239247,0.392803,0.273526,0.546117
14,9730,2.996054,1.045646,24.699138,304,9898,2.999336,0.324037,66.141226,472,9426,3.007082,2.771477,0.674806,0.514987,0.985519
16,5656,2.997236,0.074673,0.237385,21,6088,2.988255,0.010939,56.295513,453,5635,3.001099,0.42699,0.392134,0.315838,0.588224
13,6705,2.999964,0.203375,19.902033,369,6336,3.003804,0.011318,5.542728,0,6336,3.003315,0.725906,0.465466,0.330418,0.660729
15,10010,3.001397,1.246123,35.378561,623,9898,3.003159,0.258628,30.806192,511,9387,2.999606,2.835647,0.695056,0.516064,0.978842
3,2301,3.007158,0,3.249643,48,2262,3.001732,0,15.845291,9,2253,2.982956,0.001128,0.160161,0.117881,0.233933
13,9607,3.000355,0.742559,60.690001,457,9360,2.999404,0.29526,8.137791,210,9150,2.999467,2.4892,0.667232,0.487323,0.953792
4,2860,2.997501,0.000118,0.111943,17,2928,3.00728,0,47.353447,85,2843,2.998926,0.007253,0.19783,0.152476,0.296148
10,6489,3.000376,0.141979,22.784405,324,6219,2.989765,0.025051,1.342304,54,6165,2.995438,0.622736,0.450681,0.322317,0.641904
13,2868,3.00149,0.000193,1.137204,16,2900,2.991134,0,29.049308,48,2852,3.000825,0.008323,0.199259,0.150466,0.29754
11,10860,2.999533,1.877193,63.109803,1351,10305,2.999835,0.35886,48.651328,796,9509,3.00594,2.928801,0.750336,0.535782,0.99347
5,3475,2.989087,0.000042,0.087577,16,3815,2.993564,0.00012,48.826363,356,3459,3.009632,0.020328,0.240035,0.198139,0.361638
14,2908,3.004464,0,7.157588,4,2916,2.995139,0,9.601022,12,2904,2.988779,0.00198,0.202245,0.151629,0.301534
18,8052,3.004879,0.29372,40.29446,595,7458,2.989378,0.0433,2.130415,1,7457,2.996724,1.066749,0.559452,0.387062,0.776025
11,10164,3.003862,1.467536,40.356689,792,10094,3.001626,0.339088,49.192121,722,9372,2.999434,2.758715,0.705488,0.525736,0.977011
2,5816,3.00172,0.075532,15.484732,65,5792,3.003941,0.014659,8.385615,41,5751,2.993513,0.422792,0.403758,0.301312,0.59844
12,8652,2.999657,0.49355,36.494272,204,8484,3.001657,0.133897,3.607115,36,8448,2.996251,1.859286,0.600553,0.441299,0.879564
20,14660,3.000825,50.858326,216.100193,5195,14360,3.00036,1.726576,249.081865,4895,9465,2.999829,2.860296,0.975622,0.747224,0.986833
10,7330,2.992263,0.466412,74.588845,349,7020,2.998653,0.079085,0.984397,39,6981,3.001409,1.186257,0.507071,0.365073,0.728288
14,9506,2.998735,1.190732,21.952299,327,9478,3.002638,0.254215,19.671267,299,9179,3.0076,2.643543,0.658039,0.491224,0.959578
11,13176,2.997239,8.738693,204.521588,3668,13032,2.997688,1.088821,175.26406,3524,9508,2.995796,2.892999,0.912024,0.677493,0.990144
12,3485,2.996851,0.002952,12.019497,63,3435,2.990044,0.000252,1.74642,13,3422,3.001756,0.027429,0.241425,0.178174,0.35702
10,6900,2.995173,0.200969,5.832655,167,6790,3.002558,0.041035,15.241741,57,6733,2.997173,0.764339,0.477001,0.352946,0.701784
20,4844,2.999518,0.0288,1.191378,7,5096,3.012682,0.000921,26.588311,259,4837,3.002151,0.184138,0.336217,0.266073,0.504215
11,8217,2.998094,0.344917,47.249915,682,7557,2.99765,0.057913,0.811878,22,7535,3.004609,1.199074,0.569578,0.393028,0.786632
8,5792,3.000072,0.06287,2.438532,13,5912,2.999939,0.012733,10.897977,133,5779,2.994391,0.336768,0.402232,0.306993,0.601666
8,5760,3.006802,0.078851,62.154239,104,5688,2.993309,0.022727,0.467822,32,5656,2.99728,0.517276,0.400801,0.295312,0.589401
13,8520,2.998118,0.437982,16.818081,139,8424,2.998322,0.117239,7.273499,43,8381,3.002683,1.934706,0.59088,0.438505,0.874925
18,2744,2.997469,0,9.804609,36,2712,3.001223,0,18.078889,4,2708,3.014039,0.001766,0.190395,0.141308,0.283842
13,9230,3.001273,0.647691,4.707358,103,9711,3.001745,0.231343,44.911859,584,9127,2.997344,2.265773,0.63841,0.505375,0.951013
9,6453,3.002477,0.135092,7.592586,67,6507,2.998844,0.023079,6.009931,121,6386,2.985843,0.528024,0.447037,0.338599,0.663391
17,12172,3.002086,3.454343,133.298548,2669,12036,2.993005,0.75917,131.352821,2533,9503,3.005701,2.899589,0.841831,0.625413,0.992887
8,5448,2.999092,0.060044,2.060048,37,5688,2.992352,0.016003,14.678755,277,5411,3.004534,0.331416,0.377188,0.295221,0.565438
16,11584,2.998745,2.690896,121.227896,2037,11248,3.002832,0.535031,78.189025,1701,9547,2.995035,2.918434,0.800012,0.584641,0.993991
10,7290,2.995868,0.260466,33.198495,590,6710,3.004057,0.021796,1.394027,10,6700,3.000435,0.741966,0.50521,0.349452,0.698018
11,3450,3.001439,0.000615,9.394379,15,3460,3.013031,0,10.367626,25,3435,3.001844,0.035888,0.239152,0.180991,0.358176
12,13813,3.00226,9.566108,205.617376,4287,13908,3.000095,1.373233,242.365045,4382,9526,3.000077,2.89939,0.942984,0.724398,0.9933
2,1426,3.006494,0,3.15321,6,1532,3.014824,0,14.721767,112,1420,3.003057,0,0.099117,0.080168,0.148072
17,12257,2.992139,6.336637,168.365923,2691,12988,3.007208,1.086069,178.759912,3422,9566,2.992412,2.899798,0.84663,0.677405,0.994959
13,9503,3.000836,0.83671,10.63838,321,10036,2.999735,0.32264,68.821822,854,9182,2.999892,2.643458,0.658255,0.521934,0.957765
7,5166,3.002963,0.024798,8.693909,163,5033,2.999159,0.000542,15.721285,30,5003,2.998581,0.183414,0.358809,0.26122,0.521656
14,4392,2.996823,0.001896,5.264928,18,4422,3.005645,0.000047,12.114801,48,4374,2.999735,0.070531,0.304694,0.230767,0.456463
2,1312,2.997991,0,1.344226,2,1410,3.006091,0,56.160713,100,1310,2.987713,0,0.090945,0.073497,0.135899
9,6120,3.001181,0.166887,0.692328,27,6723,3.002006,0.026845,106.709406,630,6093,3.001464,0.567485,0.425167,0.349544,0.636043
5,3590,3.001041,0.000102,46.765266,156,3455,2.995155,0,0.108233,21,3434,2.998558,0.042808,0.248977,0.179364,0.358334
3,2277,2.989316,0,69.502194,211,2070,2.993383,0,0.125893,4,2066,2.987555,0.000089,0.157557,0.10747,0.214437
11,682,2.974522,0,42.510091,2,711,2.991189,0,4.464345,31,680,3.011268,0,0.046952,0.036922,0.071136
20,15400,2.99972,71.015454,234.673897,5834,15000,2.995983,1.573096,280.537176,5434,9566,2.999886,2.926464,0.997587,0.77947,0.997642
18,13410,3.003625,9.665868,173.976467,3850,13356,2.999027,1.583388,223.384766,3796,9560,2.998399,2.896057,0.927492,0.693269,0.996346
14,696,3.011208,0,2.23363,2,727,3.009333,0,16.336965,33,694,2.985163,0,0.048494,0.037982,0.071964
7,9607,2.998508,0.978259,63.555108,734,9074,2.998903,0.172472,9.452949,201,8873,3.003015,2.242728,0.665591,0.471597,0.926307
7,5124,3.007641,0.02829,46.654261,336,4823,2.993777,0.000971,0.44405,35,4788,2.999751,0.195038,0.356345,0.250369,0.499288
9,6813,2.998997,0.157303,16.240803,227,6633,2.993309,0.036361,3.302242,47,6586,3.004498,0.735114,0.47204,0.344626,0.688093
17,12036,3.000716,3.527559,143.864907,2494,12563,3.000037,0.949701,173.129379,3021,9542,3.006618,2.919764,0.833866,0.65369,0.997438
14,2852,2.994836,0,13.931843,13,2948,3.004349,0,9.890264,109,2839,2.996637,0.007806,0.19746,0.153764,0.295887
4,3072,3.007625,0,32.574952,312,2764,3.00097,0,1.419671,4,2760,2.995271,0.002387,0.21382,0.14383,0.287047
8,6032,2.99342,0.085809,102.979731,681,5384,3.000287,0.006103,0.205119,33,5351,2.995571,0.289126,0.417613,0.28024,0.557574
5,3635,3.002098,0.000859,63.008614,292,3370,3.005093,0,1.568626,27,3343,3.009638,0.024854,0.25204,0.17562,0.349929
5,3545,3.003497,0.002082,0.051116,5,3725,3.00059,0,68.714401,185,3540,3.001706,0.037325,0.246404,0.193877,0.36896
3,12359,3.00272,4.065102,154.447434,2766,11968,2.999245,0.609854,155.702468,2375,9593,2.992222,2.923109,0.854631,0.622528,0.997681
5,2972,2.997672,0.001233,41.122106,112,2880,2.991901,0,0.080873,20,2860,3.005816,0.005389,0.206229,0.149384,0.299048
2,1420,2.980412,0,13.349521,22,1404,3.007294,0,6.341894,6,1398,2.985305,0,0.09783,0.073184,0.145032
5,8124,2.997715,0.490573,12.268225,113,8076,2.989452,0.18948,7.04197,65,8011,3.00206,1.740226,0.562547,0.418627,0.835863
4,3918,2.998474,0.009117,0.483261,3,4134,2.999627,0,71.550631,219,3915,2.998629,0.065504,0.271945,0.215167,0.407946
11,7865,2.994059,0.361728,2.430317,113,8008,2.995106,0.080403,16.633911,256,7752,2.996406,1.335317,0.54109,0.414826,0.80781
13,12886,3.00139,6.186536,180.408222,3389,11730,3.002453,0.632728,156.624602,2233,9497,3.00564,2.885517,0.882076,0.610749,0.992384
11,10515,3.004142,1.692393,64.112758,1004,10770,2.994844,0.45065,89.384678,1259,9511,2.996255,2.859911,0.731217,0.559237,0.990559
15,10290,2.997375,1.84942,61.377544,727,10845,2.997149,0.441487,55.719219,1282,9563,2.994833,2.910836,0.713958,0.564307,0.995585
16,7623,3.002289,0.541283,4.377554,164,7799,2.993415,0.099429,35.376407,340,7459,3.004361,1.233416,0.528483,0.404929,0.779197
7,5495,3.002556,0.050217,72.091028,519,4998,2.994412,0.001419,0.991319,22,4976,2.998112,0.179867,0.381696,0.259664,0.519134
9,1386,3.012533,0,4.593983,2,1428,2.994937,0,21.711925,44,1384,3.000415,0,0.096637,0.074005,0.144188
18,10150,3.006778,1.284064,113.891943,1127,9282,2.999555,0.255794,10.321376,259,9023,3.003232,2.636554,0.705035,0.483366,0.94187
14,2788,2.994164,0,0.766532,4,2996,2.987639,0,37.736191,212,2784,3.00618,0.007011,0.193235,0.155399,0.290877
4,2776,2.992919,0,32.38506,20,2828,2.992377,0,1.938999,72,2756,3.000006,0.011208,0.191913,0.146922,0.287658
8,12816,3.000569,7.705793,188.247881,3278,13122,3.002315,1.024065,197.982569,3584,9538,3.004623,2.917181,0.887566,0.682789,0.996225
16,8436,2.994203,0.546909,3.625792,54,8652,3.000951,0.119107,24.288442,270,8382,3.00408,1.986743,0.583515,0.450775,0.875491
1,8772,3.000903,0.770639,83.610518,556,8352,2.996709,0.126518,3.440869,136,8216,2.995531,1.892423,0.608888,0.434022,0.85567
12,9348,2.999653,0.780299,66.446496,852,8700,2.996127,0.181121,4.524918,204,8496,3.000701,1.974804,0.648688,0.451821,0.886309
13,7821,2.997298,0.314649,1.112196,16,8217,2.999824,0.084748,28.144882,412,7805,2.99974,1.241395,0.542636,0.427685,0.813871
6,3465,3.001049,0.00121,0.048232,5,3845,2.990708,0,92.795421,385,3460,3.005739,0.032881,0.240709,0.199538,0.361314
18,13248,3.003407,6.878023,188.682469,3700,13212,3.002554,1.235085,158.33567,3664,9548,3.005698,2.933587,0.906728,0.686001,0.997705
5,3615,3.001234,0.008032,0.07298,14,3655,3.002519,0,32.502603,54,3601,3.010734,0.045454,0.25082,0.190357,0.376842
17,13039,2.998299,7.036397,193.565454,3463,12869,2.997551,0.965552,183.441117,3293,9576,2.997878,2.92622,0.898744,0.666986,0.997702
2,1424,3.003809,0,0.139462,9,1466,2.998333,0,48.294428,51,1415,3.015216,0,0.098889,0.076258,0.148495
6,5768,3.003822,0.092462,15.720826,99,5720,3.000179,0.00917,3.129161,51,5669,3.008909,0.349314,0.400396,0.297797,0.593276
15,10470,2.993697,1.371395,63.74043,1001,10440,3.001115,0.409522,99.554387,971,9469,3.001866,2.914868,0.724904,0.543952,0.98796
16,10944,2.996512,3.087372,74.146439,1641,11072,3.002787,0.477088,160.63089,1769,9303,3.003694,2.734364,0.747648,0.576926,0.971364
8,6435,2.996707,0.15237,0.366562,34,6696,3.003791,0.018186,65.949085,295,6401,3.004024,0.648513,0.446402,0.348425,0.668589
6,4212,3.000269,0.002527,0.118823,30,4290,2.994948,0.000018,49.051185,108,4182,3.005877,0.051562,0.292526,0.223054,0.437412
10,13840,3.00023,12.171477,233.513945,4260,14040,2.997117,2.01718,196.794075,4460,9580,2.995621,2.926393,0.960642,0.730027,0.997635
1,6147,2.993463,0.120502,6.053346,27,6372,2.999729,0.040176,8.051946,252,6120,3.004232,0.40931,0.425694,0.33167,0.638874
19,13775,3.001105,15.332556,217.513922,4216,13813,3.005222,1.792852,217.858755,4254,9559,3.002483,2.927814,0.952897,0.71698,0.997598
14,10108,3.002201,1.233086,49.508171,698,10010,3.005243,0.327075,37.326159,600,9410,2.997065,2.734955,0.700321,0.52171,0.980299
3,15460,3.001996,42.458947,235.86909,5925,13760,3.001991,1.470743,204.728213,4225,9535,3.008991,2.932854,0.998312,0.716189,0.997254
2,1456,2.999192,0,30.11266,60,1406,3.010286,0,0.176823,10,1396,3.007118,0,0.10092,0.073378,0.145974
6,4212,3.000417,0.008983,44.734233,235,3978,3.00616,0.000376,0.319234,1,3977,2.999928,0.090146,0.292543,0.207613,0.414362
1,744,3.004034,0,10.457799,13,732,2.998438,0,10.783944,1,731,2.996622,0,0.051736,0.038081,0.07606
3,2091,2.991937,0,0.204172,42,2052,3.001691,0,55.53471,3,2049,2.988659,0,0.144829,0.106882,0.212631
17,5880,2.998383,0.095789,6.535098,125,5768,2.994004,0.01797,12.87007,13,5755,3.008449,0.388211,0.407785,0.299761,0.601713
11,9884,2.995164,1.24852,48.194193,705,10206,2.995576,0.332102,103.74854,1027,9179,2.991595,2.643771,0.682178,0.530712,0.954371
7,5584,3.002847,0.047059,9.134331,0,5592,3.004127,0.018794,6.221777,8,5584,2.996539,0.369797,0.388146,0.291651,0.580996
5,9276,2.993394,0.862709,23.025567,644,8748,2.996444,0.187479,6.413757,116,8632,2.997847,2.149316,0.641108,0.454538,0.89961
17,3440,3.001606,0,2.159948,15,3575,2.998611,0,27.147113,150,3425,2.990362,0.013954,0.23879,0.185961,0.355694
17,11815,2.9959,2.400964,132.899839,2321,12733,2.998743,1.057162,143.402747,3239,9494,3.00557,2.92483,0.819365,0.662336,0.991967
17,11747,3.003862,3.511268,117.185418,2243,12461,3.000769,0.980842,173.542949,2957,9504,3.00132,2.887372,0.816558,0.648871,0.991625
12,5439,3.001762,0.048411,28.829559,482,4963,3.003252,0.002139,10.426823,6,4957,2.993106,0.227985,0.377761,0.25877,0.515549
15,12410,3.006486,4.875215,166.789951,2919,12495,2.999629,0.794512,195.091534,3004,9491,3.001343,2.889681,0.859937,0.649935,0.990395
14,759,2.99827,0,47.799057,52,710,3.018595,0,4.928872,3,707,2.985387,0,0.052632,0.037208,0.073464
8,5664,2.998632,0.089857,34.764469,18,5680,2.9987,0.007147,1.261788,34,5646,2.998168,0.347706,0.392789,0.295192,0.587995
4,5840,3.007045,0.107769,1.279339,14,5944,2.997769,0.009676,13.548032,118,5826,3.006223,0.519547,0.406102,0.307949,0.608625
1,10472,2.999739,1.209233,64.26309,996,9968,3.006731,0.318446,58.290805,492,9476,3.006123,2.921987,0.724881,0.518947,0.990189
17,7230,2.999072,0.244891,20.429593,50,7200,3.009671,0.038199,1.24929,20,7180,3.000949,0.843106,0.501262,0.376219,0.748928
15,11010,2.998696,1.833628,82.412861,1511,10830,3.001219,0.448267,72.663169,1331,9499,2.998492,2.885018,0.762568,0.564284,0.990192
3,1512,3.000585,0,8.015332,10,1504,2.998617,0,15.763854,2,1502,3.014655,0,0.10495,0.078297,0.157391
9,6008,2.994033,0.063699,36.432399,496,5528,2.992884,0.007295,0.218337,16,5512,3.007424,0.370104,0.415612,0.286846,0.575635
17,11407,2.995716,3.654209,125.159994,1890,12172,3.001277,0.658876,144.085433,2655,9517,2.998261,2.86149,0.790149,0.632552,0.991732
5,3515,2.99519,0.00086,0.299202,19,3670,2.993816,0,43.151466,174,3496,3.007229,0.039794,0.243566,0.190573,0.365722
18,9590,3.003454,0.984099,17.834852,404,9688,3.000814,0.22989,31.016411,502,9186,2.99054,2.551811,0.665109,0.504722,0.954741
4,2788,3.009212,0,0.849924,12,2940,2.988474,0,41.311817,164,2776,2.999809,0.002324,0.194049,0.15197,0.289522
11,11280,3.001528,1.908679,105.050904,1776,11728,2.996695,0.617365,122.064735,2224,9504,2.989066,2.836809,0.780336,0.610027,0.987523
5,3705,3.005085,0.000202,8.187809,30,3705,2.993056,0,7.997181,30,3675,3.010126,0.024563,0.257511,0.192529,0.384832
1,703,3.023293,0,0.89619,4,732,2.993117,0,37.411757,33,699,2.986084,0,0.049158,0.038,0.072654
2,1502,2.998988,0,51.712182,84,1418,2.99198,0,0.027443,0,1418,3.009187,0,0.103939,0.073657,0.148161
15,10425,2.995938,1.775223,52.701702,894,11415,3.002346,0.694801,111.836777,1884,9531,3.00028,2.894686,0.720976,0.595026,0.993976
11,9898,3.001282,1.030313,41.703099,401,10010,3.000926,0.351045,43.36148,513,9497,2.994039,2.874956,0.686294,0.521118,0.988449
12,9228,2.995272,0.870756,51.735143,525,8748,2.996826,0.170714,6.11639,45,8703,2.997418,2.183551,0.63983,0.455074,0.90672
8,10332,3.004454,1.332687,56.170358,1060,9394,2.995679,0.274491,14.151642,122,9272,2.993191,2.552369,0.716379,0.488302,0.964621
6,4362,3.005427,0.003486,22.713745,81,4308,2.999138,0,8.751655,27,4281,3.001083,0.064587,0.302777,0.224167,0.446635
13,14098,2.999488,9.237565,210.989739,4540,13623,2.998613,1.419132,189.612464,4065,9558,2.996591,2.921643,0.950432,0.709215,0.995669
2,1456,2.985553,0,0.0974,5,1528,2.992074,0,38.785816,77,1451,2.991673,0,0.100624,0.079289,0.150944
1,2064,3.000085,0,3.083915,54,2013,3.005022,0,22.563552,3,2010,3.008923,0,0.143337,0.104874,0.209998
17,9386,2.998083,1.137766,11.824256,187,9945,3.001573,0.227035,50.679992,746,9199,2.995424,2.574357,0.649323,0.51778,0.95774
18,13662,3.003116,9.888229,224.767066,4119,12780,3.007282,0.950449,173.823163,3237,9543,3.001059,2.91389,0.938356,0.666295,0.995499
9,11713,2.995346,4.390915,143.715307,2179,12937,2.999276,0.846718,210.052674,3403,9534,3.000383,2.891026,0.807467,0.670659,0.994322
18,13122,2.995664,8.399892,209.148971,3561,13104,3.001677,1.500619,192.497706,3543,9561,3.001792,2.937294,0.906749,0.682882,0.997696
19,8892,3.001664,0.733576,24.60115,192,8700,3.001788,0.200633,5.837063,0,8700,2.992589,2.058325,0.616782,0.453395,0.904011
3,2196,2.991796,0,15.18121,15,2196,3.005723,0,7.804328,15,2181,3.007379,0.000125,0.1517,0.11425,0.227969
19,12654,2.991382,4.862073,191.362488,3173,14079,3.00062,1.285552,223.270178,4598,9481,3.001231,2.87079,0.873422,0.732627,0.988984
19,11696,3.001778,2.888452,121.874756,2125,12410,2.998173,0.866239,145.347183,2839,9571,2.993823,2.924311,0.810706,0.64352,0.995848
11,7080,3.005726,0.25377,3.17859,55,7450,2.99699,0.093845,27.89701,425,7025,2.999892,0.777939,0.491714,0.387563,0.732783
11,2924,3.004579,0,24.74736,76,2856,3.016633,0,2.136328,8,2848,3.021337,0.007681,0.203091,0.149575,0.298855
11,8811,3.006922,0.481676,91.288671,1074,7766,2.99625,0.106633,1.997867,29,7737,3.006797,1.547528,0.611603,0.403828,0.808773
14,9451,2.999979,0.868867,17.722483,406,9165,2.992084,0.258399,10.165178,120,9045,2.991635,2.328501,0.655955,0.47521,0.940592
10,7420,3.010337,0.377711,28.926568,152,7350,2.995242,0.051844,6.228814,82,7268,2.99868,1.230175,0.516427,0.381311,0.758133
20,13460,2.997222,8.794493,193.178119,3936,14200,2.997268,2.31932,234.279404,4676,9524,2.999977,2.903151,0.914597,0.737892,0.993123
10,7040,3.002859,0.305277,1.499726,69,7250,3.004007,0.051088,59.694919,279,6971,3.006355,0.907197,0.488515,0.378119,0.728688
16,2964,3.005963,0,58.088738,156,2820,3.008233,0,0.35903,12,2808,2.992802,0.005613,0.205954,0.147074,0.2921
13,5033,2.988698,0.028662,0.549411,35,5355,2.994609,0.007202,52.480681,357,4998,3.00286,0.169625,0.347378,0.27837,0.521967
11,8151,3.000618,0.479369,6.721091,122,8041,2.994428,0.078307,13.435598,12,8029,2.998748,1.54487,0.564705,0.418024,0.836368
7,4795,3.003957,0.016805,0.26805,12,5215,3.007865,0.000626,66.207702,432,4783,3.005772,0.147558,0.333193,0.272069,0.499683
13,9061,2.997369,0.86419,34.152652,245,8983,2.996281,0.181973,3.669768,167,8816,2.992438,2.227736,0.627768,0.466209,0.91689
5,3320,2.988115,0,0.145777,10,3700,3.00309,0,68.907638,390,3310,2.990754,0.020384,0.229642,0.192616,0.344173
9,13644,3.006652,10.55108,200.624912,4070,12348,2.992194,0.86126,140.228757,2774,9574,2.996254,2.903819,0.940672,0.640526,0.996931
5,14345,3.006863,22.897958,226.765159,4819,13376,2.990786,1.37912,200.273924,3850,9526,3.004597,2.930209,0.97668,0.694527,0.994954
1,695,3.007988,0,8.948246,25,674,2.989733,0,17.618564,4,670,3.012462,0,0.048392,0.034977,0.070116
13,6669,3.003722,0.16744,15.676489,42,6669,3.002751,0.039625,4.388562,42,6627,2.996939,0.770877,0.463027,0.347303,0.690576
10,7220,3.002034,0.272844,0.944675,20,7990,3.000914,0.054887,81.671349,790,7200,2.9966,1.146214,0.501449,0.416291,0.749255
18,12420,3.000422,4.305055,149.107853,2891,12600,2.996456,0.918937,171.456475,3071,9529,3.000955,2.908894,0.852594,0.654363,0.99403
12,8568,2.996365,0.62443,9.429015,157,8520,2.989123,0.150091,10.88026,109,8411,3.000255,1.964385,0.592533,0.441209,0.877542
11,13032,3.005145,6.502064,157.703701,3459,12978,3.001249,1.419805,187.635313,3405,9573,2.996025,2.918131,0.904214,0.671996,0.996798
9,6309,3.003259,0.135117,0.641754,28,6579,3.008055,0.027182,29.375346,298,6281,2.999816,0.706423,0.438268,0.342469,0.655277
13,12870,3.003942,6.963412,173.384375,3344,13878,2.997726,1.60168,235.639849,4352,9526,2.996481,2.877739,0.894924,0.722247,0.992152
9,6462,3.00075,0.082246,0.806402,19,6534,3.001828,0.016589,45.681728,91,6443,2.99367,0.478737,0.448504,0.340208,0.669853
16,9024,3.004218,0.595639,9.697786,248,8844,3.00286,0.193233,51.284293,68,8776,2.999043,2.192853,0.62759,0.460713,0.915084
3,5068,2.996155,0.022185,13.037997,105,4977,2.999889,0.001991,7.254836,14,4963,3.011339,0.274749,0.351194,0.259209,0.519594
4,4977,2.996353,0.02709,1.086565,35,5390,2.996056,0.007748,65.732892,448,4942,3.001446,0.227166,0.344746,0.279524,0.516107
4,9295,3.001103,0.767516,17.973538,151,9295,2.998078,0.218675,9.831779,151,9144,3.003205,2.533213,0.644492,0.483349,0.954692
17,3735,3.004305,0,6.06512,19,3735,3.002312,0,3.426896,19,3716,3.013797,0.024639,0.259747,0.194399,0.389306
18,13536,3.001065,10.918411,239.080902,4050,12942,3.003032,0.933214,179.994374,3456,9486,2.998758,2.891887,0.939179,0.672303,0.988851
4,2840,2.99698,0,0.859831,11,2964,2.998064,0,30.199161,135,2829,3.000067,0.003331,0.196971,0.153926,0.295107
6,4314,2.998193,0.006801,32.842358,27,4308,2.995637,0,2.212639,21,4287,2.995478,0.111356,0.298888,0.223779,0.446196
3,2139,2.999587,0,20.807706,60,2082,2.998274,0,0.199949,3,2079,2.983807,0,0.148095,0.108358,0.215394
4,2892,3.013446,0,11.392738,159,2748,3.00952,0,12.547368,15,2733,2.994423,0.003315,0.201511,0.14322,0.284669
17,12274,2.9974,3.953736,147.779238,2730,12954,3.003272,0.966438,201.109779,3410,9544,2.994249,2.904773,0.851632,0.67485,0.993527
19,8844,2.993855,0.710939,11.490243,48,8988,2.996274,0.145925,19.294593,192,8796,2.995407,2.086949,0.611851,0.467583,0.915756
11,8184,2.997392,0.469947,7.363804,89,8184,3.003925,0.134412,12.685669,89,8095,3.002581,1.506391,0.56624,0.426283,0.844835
12,4152,2.993836,0.007896,2.254013,34,4422,3.006057,0.000102,37.92921,304,4118,2.992955,0.069833,0.286588,0.230771,0.428306
17,12996,3.001337,7.139592,174.478948,3472,14136,2.998397,1.793581,242.086668,4612,9524,3.004804,2.901395,0.902891,0.735596,0.994648
1,2716,2.994536,0,14.818922,5,2804,3.002268,0,7.684574,93,2711,3.006474,0.005474,0.188269,0.145961,0.283158
5,3640,3.010322,0,34.619831,317,3335,3.002341,0,0.856521,12,3323,2.996314,0.016314,0.25339,0.173584,0.34597
14,3740,3.000436,0.00236,60.435534,241,3515,3.014484,0,0.343357,16,3499,2.998601,0.035973,0.259756,0.183957,0.365035
1,678,3.012451,0,7.793554,2,721,3.015408,0,34.013187,45,676,2.989757,0,0.047248,0.037693,0.070176
5,3845,3.010182,0.006225,35.924581,352,3495,3.003294,0,0.051939,2,3493,3.0025,0.02162,0.267612,0.182231,0.364325
19,6453,3.001244,0.200968,14.475796,14,6498,2.999627,0.028839,3.80627,59,6439,3.003329,0.56529,0.448183,0.33797,0.671865
7,2808,3.005174,0.000086,0.112135,8,3188,3.017571,0,75.519414,388,2800,2.988098,0.011572,0.19519,0.166755,0.290761
14,5624,3.000252,0.090037,0.374065,29,6048,2.995085,0.010771,65.305978,453,5595,2.992925,0.418136,0.390121,0.314023,0.582856
7,4942,2.998053,0.038306,0.151382,35,5103,2.993445,0.000557,59.718257,196,4907,3.001457,0.255106,0.342252,0.265201,0.512594
17,699,3.01565,0,0.12381,2,730,2.999623,0,41.885852,33,697,3.031225,0,0.048731,0.03795,0.07336
9,6480,2.998802,0.171122,1.92653,70,6462,3.003066,0.033789,14.000278,52,6410,3.009636,0.590867,0.449319,0.335993,0.671246
6,8220,3.004455,0.465205,0.993502,123,8784,2.997004,0.103573,42.569919,687,8097,2.996919,1.630835,0.571047,0.457049,0.843456
11,10122,2.994639,1.051134,45.357006,611,10430,3.002915,0.400831,70.893824,919,9511,3.003822,2.868152,0.700664,0.543084,0.992932
2,7458,3.006198,0.258245,53.635123,44,7645,2.992114,0.094727,4.113886,231,7414,3.00394,1.450848,0.517835,0.397115,0.774097
12,8520,3.003096,0.721199,8.18304,465,8076,3.001375,0.144287,27.577113,21,8055,3.006007,1.747924,0.591767,0.420818,0.841951
9,6363,2.992664,0.183882,39.186437,252,6120,2.993028,0.005665,0.382224,9,6111,2.996189,0.546753,0.440714,0.31801,0.635814
12,6561,2.998971,0.187852,18.400334,13,6732,2.999763,0.02886,16.176687,184,6548,2.996909,0.590745,0.455067,0.350044,0.681666
17,12393,2.998362,4.97196,161.151773,2881,13141,3.002987,0.816575,217.243013,3629,9512,3.003948,2.923893,0.859248,0.684601,0.993255
15,11160,2.999164,1.92295,125.6308,1703,10920,2.998582,0.37012,97.432108,1463,9457,2.997712,2.808646,0.77246,0.568268,0.985453
11,12000,2.995895,3.152328,137.047587,2491,10704,2.996679,0.490935,90.267782,1195,9509,3.000729,2.87113,0.831275,0.556883,0.992059
7,1468,2.991872,0,16.245307,88,1382,3.023579,0,4.016782,2,1380,2.989565,0,0.101585,0.072506,0.14325
19,1424,2.994326,0,31.114627,30,1400,2.993454,0,0.352299,6,1394,2.984774,0,0.09821,0.072664,0.14474
12,8484,3.002637,0.599155,52.743551,47,8736,2.994049,0.133042,9.297177,299,8437,2.997247,2.033789,0.589684,0.454102,0.879287
19,1426,2.993936,0,2.970367,18,1414,3.001997,0,22.132146,6,1408,2.993476,0,0.098641,0.073651,0.14635
14,12888,3.000614,4.954719,176.497227,3349,12564,2.99983,0.893999,187.165602,3025,9539,3.007816,2.93362,0.89471,0.652274,0.997691
1,690,2.96879,0,0.036889,3,725,2.989292,0,54.768141,38,687,3.004884,0,0.047419,0.037636,0.071839
7,5061,2.998538,0.034592,62.60646,420,4655,2.992693,0.00028,0.173815,14,4641,3.003649,0.136178,0.350895,0.241731,0.484033
9,6534,3.00168,0.185281,20.928648,459,6084,2.988869,0.018644,1.570316,9,6075,2.997206,0.520745,0.453556,0.315327,0.632223
18,13392,3.00642,7.501584,172.382293,3849,12654,2.996262,1.156899,164.013692,3111,9543,3.002386,2.919389,0.916513,0.657902,0.995982
10,14440,3.00165,32.637324,220.741661,4875,14960,3.002023,2.04505,266.337309,5395,9565,3.001005,2.918081,0.988832,0.777746,0.997669
10,12512,3.003729,6.915482,159.97103,3025,12274,2.997689,0.959879,163.158717,2787,9487,3.004643,2.911895,0.868947,0.633251,0.990584
19,13414,2.997747,5.738619,170.918451,3882,13566,2.990075,1.401883,223.710166,4034,9532,3.00073,2.921611,0.913123,0.704225,0.994163
4,2724,3.011084,0.000095,4.585959,28,2872,3.000124,0,33.531711,176,2696,3.015718,0.007016,0.188862,0.14959,0.28232
8,5124,2.997159,0.035296,3.213135,42,5187,2.997547,0.000887,21.574201,105,5082,2.98593,0.214003,0.354644,0.269667,0.527779
16,11936,2.995151,4.085557,135.685687,2356,12544,2.998188,1.13501,156.536809,2964,9580,2.995144,2.920883,0.827543,0.652777,0.997498
16,10136,3.00429,1.123692,53.853768,692,10164,2.997879,0.30895,29.570461,720,9444,3.000701,2.769982,0.704907,0.528186,0.985055
16,14820,3.001662,29.997273,233.360242,5240,14180,3.004695,1.356019,238.881338,4600,9580,2.996011,2.923524,0.996109,0.738937,0.997713
5,6184,2.99933,0.072085,83.351066,612,5584,3.006338,0.002928,0.200243,12,5572,2.998196,0.353836,0.429237,0.291448,0.580551
16,12104,2.998966,4.5396,119.914196,2573,11934,3.00167,0.784948,150.749049,2403,9531,3.003703,2.912056,0.835232,0.621853,0.995346
13,10304,2.998905,1.437252,73.987054,842,10220,3.004885,0.454169,55.175403,758,9462,2.998011,2.860613,0.715294,0.533176,0.985773
4,2992,2.999468,0,43.774363,109,2900,2.992036,0,0.625955,17,2883,2.987467,0.007043,0.207424,0.150275,0.299406
6,12257,2.99178,2.913655,161.744433,2690,11696,2.999063,0.67862,137.10324,2129,9567,2.998769,2.920504,0.847178,0.608454,0.997297
6,4218,3.004411,0.00788,44.77793,138,4098,3.001923,0.000148,0.523583,18,4080,2.990173,0.131286,0.292989,0.213342,0.423967
9,5292,3.004284,0.07687,83.218892,392,4907,3.006729,0.002343,2.387635,7,4900,3.001482,0.211891,0.367894,0.25617,0.510774
13,9620,3.000904,1.10525,21.598596,452,9646,3.000371,0.204125,15.510116,478,9168,3.004091,2.53807,0.668257,0.502113,0.957393
14,9618,2.998086,1.238891,21.328374,143,10164,3.008937,0.354442,45.564606,689,9475,3.008528,2.876219,0.666224,0.530003,0.99092
17,15460,2.992982,33.147488,232.028402,5901,14240,2.999173,1.545365,233.316528,4681,9559,3.002031,2.93419,0.994408,0.740765,0.997615
20,7150,2.999312,0.242298,46.542222,218,6970,3.003321,0.02913,0.463593,38,6932,3.006442,0.807797,0.495239,0.363072,0.724759
8,11824,2.995216,3.349334,147.429967,2275,12432,3.001641,0.862277,149.65962,2883,9549,3.002136,2.920142,0.817414,0.645453,0.996572
20,13720,2.99856,9.565986,193.603414,4143,14400,3.001904,1.661575,218.022015,4823,9577,2.997897,2.930327,0.939507,0.746241,0.997684
13,8359,2.988584,0.811316,4.212948,165,10075,2.998979,0.236725,152.363854,1881,8194,2.996766,1.761361,0.577788,0.524332,0.853695
15,8436,3.005427,0.615234,59.189494,576,7896,2.997224,0.141577,3.595473,36,7860,2.995417,1.594057,0.586883,0.410613,0.817555
6,13053,3.007613,8.604281,199.327944,3533,13490,2.997448,1.965096,258.32459,3970,9520,3.002061,2.917656,0.904646,0.699289,0.993322
19,13851,2.995889,9.881693,220.054576,4278,13053,3.004231,1.049493,203.397334,3480,9573,2.99829,2.91888,0.953894,0.680755,0.997637
5,8172,2.995842,0.559245,1.933198,24,8844,3.003077,0.160356,69.911019,696,8148,3.005885,1.762817,0.566345,0.45962,0.850692
16,12080,3.000375,4.092384,145.994801,2615,11824,3.000678,0.522066,134.920386,2359,9465,2.997295,2.826107,0.834923,0.615089,0.986244
2,2073,3.003108,0,0.019171,9,2283,3.007326,0,71.09672,219,2064,3.005995,0.000248,0.144107,0.118995,0.21612
3,2298,2.985061,0,10.755712,7,2307,2.984629,0,6.948377,16,2291,3.000886,0,0.158691,0.119363,0.239024
18,12780,2.998815,4.414351,143.201541,3236,13122,2.996816,0.960372,216.511509,3578,9544,3.004968,2.928191,0.87824,0.681787,0.996741
5,3595,3.004119,0.001847,1.144248,10,3585,2.992952,0,16.274838,0,3585,2.99428,0.031892,0.249805,0.18628,0.372726
8,5544,2.997151,0.070014,8.982368,14,5848,3.007114,0.006478,28.343875,318,5530,2.996467,0.336392,0.384587,0.305019,0.575962
15,10455,3.002096,1.733667,63.854659,905,10800,2.999857,0.476765,88.555023,1250,9550,3.004317,2.932025,0.726006,0.562484,0.997547
12,6561,2.99625,0.171826,0.325244,23,6975,3.00265,0.030695,64.360482,437,6538,2.992197,0.839808,0.454753,0.363608,0.679815
2,1442,3.016085,0,66.905649,110,1342,2.985872,0,1.848401,10,1332,3.005252,0,0.10057,0.069465,0.139382
3,2205,2.989275,0,6.439169,18,2196,3.004089,0,13.024218,9,2187,3.014807,0.000535,0.152315,0.114286,0.229137
5,7140,2.994061,0.273848,1.090926,66,7590,3.006947,0.086363,68.033722,516,7074,3.005682,1.29362,0.492568,0.396153,0.739553
10,4644,2.999058,0.012073,28.06094,396,4266,3.003378,0,0.968816,18,4248,3.00123,0.106856,0.322045,0.222152,0.443449
6,10680,2.998699,1.552481,90.446156,1246,9930,3.002947,0.362774,46.641037,496,9434,3.002011,2.691843,0.738001,0.517008,0.984551
19,14478,2.999984,26.498486,238.15618,4910,13528,2.995869,1.556661,232.477016,3960,9568,3.000061,2.932832,0.995276,0.69891,0.997592
2,1426,3.005451,0,7.269446,6,1430,3.016053,0,9.162342,10,1420,3.00979,0,0.099208,0.074738,0.148705
4,11712,2.990574,3.75044,150.201098,2205,12128,3.000131,0.709631,130.862018,2621,9507,3.000435,2.867495,0.809791,0.631574,0.991489
19,13167,2.995903,9.043094,175.006919,3614,13794,3.000775,1.117851,219.611927,4241,9553,3.003428,2.937414,0.91279,0.717852,0.997627
7,5680,2.996798,0.053693,19.041982,32,5768,2.99968,0.007328,1.453079,120,5648,2.998452,0.445071,0.393839,0.29932,0.588528
7,3000,3.002894,0.000068,38.039056,128,2880,3.004483,0,0.244275,8,2872,3.002083,0.006514,0.208372,0.15004,0.299691
16,4942,2.996204,0.030856,41.428843,217,4746,3.003505,0.003004,0.185245,21,4725,3.0014,0.16515,0.342313,0.24723,0.492711
4,3028,2.997503,0.000022,42.136136,112,2932,2.993967,0,0.316225,16,2916,2.999353,0.007389,0.209919,0.152271,0.304455
13,9620,2.995761,0.917481,23.591387,388,9256,2.992902,0.211154,10.681796,24,9232,2.995383,2.523412,0.66713,0.480956,0.961086
18,8931,2.996546,0.766026,7.087565,0,9555,3.000182,0.294,43.244416,624,8931,2.996553,2.359918,0.619494,0.497609,0.929243
14,4026,3.001943,0.004924,3.826447,6,4254,3.000554,0.000201,42.9121,234,4020,2.999669,0.083295,0.279764,0.221326,0.419132
15,2748,2.994732,0,1.039941,2,3028,2.993537,0,40.440485,282,2746,2.992159,0.002446,0.190498,0.157087,0.285464
5,3540,2.997479,0.000354,5.324179,42,3525,2.995672,0,11.708948,27,3498,2.99755,0.022878,0.245552,0.183089,0.364914
11,8459,2.997774,0.375305,52.044001,868,7777,3.00107,0.126275,5.288513,186,7591,2.997474,1.183502,0.586969,0.404235,0.790996
17,12342,2.997229,4.412427,168.965597,2839,12444,2.997858,1.047846,191.267455,2941,9503,3.001678,2.909806,0.842546,0.647681,0.991589
4,9386,2.999561,0.783058,25.889124,293,9178,2.993506,0.147568,6.039794,85,9093,2.996627,2.416793,0.650113,0.476833,0.947132
1,726,2.990361,0,12.72447,0,742,3.036248,0,8.032885,16,726,2.993147,0,0.050255,0.039056,0.075452
17,12104,2.996242,4.146037,153.082695,2681,11832,3.003127,0.620041,136.891466,2409,9423,3.003767,2.762912,0.829554,0.61661,0.983779
9,6408,3.002708,0.169645,15.269167,18,6525,2.992705,0.020146,3.124156,135,6390,2.999355,0.652255,0.444515,0.338007,0.665482
2,1452,2.994784,0,2.61274,0,1468,2.982541,0,18.405254,16,1452,2.983175,0,0.100658,0.076016,0.150402
14,2984,2.995986,0,1.680028,22,3068,3.008899,0,23.735149,106,2962,2.986992,0.009821,0.206254,0.159953,0.307829
19,12578,3.002934,6.325739,167.729721,3011,13946,3.003894,1.682684,223.341445,4379,9567,2.999179,2.924252,0.874326,0.726695,0.997458
6,4128,2.997979,0.00302,9.185031,47,4212,2.99709,0.001901,4.48893,131,4081,3.005335,0.048987,0.285551,0.218586,0.427252
3,3455,2.990346,0.000136,1.567758,16,3545,2.991213,0,22.791878,106,3439,3.009787,0.022971,0.239082,0.183849,0.359841
1,713,2.998327,0,1.416083,2,722,3.017415,0,15.340645,11,711,2.978656,0,0.049486,0.037809,0.073589
4,2924,2.997603,0,0.189686,20,3104,2.986937,0,56.510405,200,2904,2.991583,0.005493,0.202448,0.160963,0.302055
6,4452,2.992506,0.009966,24.278345,144,4308,2.999788,0,9.829072,0,4308,2.991606,0.081152,0.308275,0.224359,0.447494
19,3395,3.004563,0.001834,0.044863,0,3535,3.001288,0,69.359398,140,3395,2.993259,0.024407,0.236122,0.184099,0.352851
3,1462,3.018823,0,19.473358,26,1446,2.994769,0,1.918307,10,1436,2.999404,0,0.102165,0.075119,0.149802
18,12121,3.001293,4.383559,143.865732,2586,12359,2.993987,0.732975,185.737047,2824,9535,2.997819,2.888515,0.835642,0.642112,0.993626
19,9399,2.999129,0.924966,19.320068,16,9594,2.998639,0.220549,28.898211,211,9383,2.990991,2.704827,0.652519,0.498947,0.975495
14,4284,3.004847,0.013087,16.458276,36,4374,3.003511,0.000425,5.173992,126,4248,2.998658,0.100208,0.297457,0.228079,0.442651
1,1508,3.012696,0,99.043545,176,1336,2.999172,0,0.034601,4,1332,3.006184,0,0.105041,0.069558,0.139119
5,5341,2.997648,0.047239,29.505355,259,5103,3.009195,0.000886,11.658501,21,5082,3.004771,0.179281,0.370612,0.266597,0.5304
15,5840,2.994857,0.08194,12.665562,23,5848,3.000066,0.004679,2.701558,31,5817,3.001613,0.466787,0.404722,0.304398,0.606858
12,8808,2.999326,0.9348,77.757804,177,8760,3.000964,0.157054,5.354372,129,8631,2.995721,2.090658,0.611542,0.455646,0.898815
8,5768,3.004763,0.066428,0.234032,19,5960,2.99259,0.010852,45.780576,211,5749,3.006035,0.409494,0.401109,0.30921,0.600989
8,13266,2.997493,10.620473,197.600615,3678,13050,2.995161,0.934267,177.547067,3462,9588,2.992663,2.91432,0.915762,0.675774,0.997191
3,7090,2.996082,0.171999,13.789824,50,7170,2.999415,0.020553,11.185185,130,7040,3.003924,1.02629,0.491436,0.372814,0.735323
11,8239,2.992233,0.711724,4.352205,433,7832,2.99306,0.082372,22.317442,26,7806,3.000093,1.495294,0.56949,0.406308,0.813516
18,12410,2.998662,3.137245,152.963736,2841,12240,3.005246,1.019918,155.170786,2671,9569,2.999201,2.928929,0.858752,0.637707,0.997549
17,11543,2.996956,2.57797,120.712472,2029,11815,2.995117,0.935896,147.226799,2301,9514,3.007474,2.920041,0.798181,0.613424,0.994594
8,1364,3.001709,0,0.002794,8,1546,2.986143,0,78.25357,190,1356,3.009806,0,0.094609,0.080094,0.141876
6,4230,3.010264,0.007721,0.481076,5,4428,2.999673,0.000161,41.708174,203,4225,3.008984,0.113605,0.294755,0.23005,0.441914
12,1394,2.990892,0,1.8629,6,1536,2.999407,0,77.336556,148,1388,2.987348,0,0.096512,0.079849,0.144309
8,2073,2.999664,0,0.167821,9,2142,2.995613,0,30.547154,78,2064,2.994979,0.000118,0.143793,0.111153,0.21488
4,2848,2.991213,0.001355,20.363641,54,2804,3.008465,0,3.368883,10,2794,2.986987,0.011136,0.197026,0.146318,0.290361
4,10890,2.997305,2.284802,99.207594,1424,10410,3.003432,0.438531,61.826321,944,9466,3.006879,2.899987,0.746731,0.542342,0.989219
17,6040,3.003532,0.088908,0.471889,16,6056,3.006406,0.015538,30.917536,32,6024,2.999482,0.485506,0.419328,0.315808,0.627392
15,8734,2.995417,0.568226,108.692234,821,7953,3.006898,0.069459,2.9592,40,7913,2.992882,1.599126,0.605354,0.415171,0.823376
4,6088,3.00279,0.076926,69.737809,401,5696,3.003315,0.0075,0.2547,9,5687,3.004566,0.389739,0.422258,0.297005,0.593555
16,11648,3.003345,3.840284,98.969379,2128,11456,3.002007,0.530371,86.08227,1936,9520,2.990095,2.841257,0.809419,0.593406,0.989465
15,8206,2.999928,0.628353,2.148379,22,8316,3.001662,0.118466,30.28271,132,8184,2.998093,1.842485,0.569863,0.433365,0.852877
15,10192,2.999606,1.27851,63.947211,704,9800,2.997733,0.285816,25.395273,312,9488,2.993415,2.825537,0.706366,0.50754,0.987161
17,12750,2.99619,5.500715,191.670946,3203,12580,2.994238,1.247886,190.771819,3033,9547,3.005805,2.896307,0.882772,0.653972,0.997338
17,10530,2.999627,1.467497,70.518743,965,11130,2.999236,0.548478,88.943569,1565,9565,2.999582,2.928467,0.724244,0.578503,0.997424
8,5848,2.997391,0.114383,49.026739,298,5584,2.998939,0.001982,3.558785,34,5550,3.002745,0.376843,0.405335,0.290337,0.578911
11,1382,3.003992,0,0.039438,2,1500,2.981876,0,78.046905,120,1380,3.013753,0,0.096089,0.077653,0.144414
9,6885,3.00045,0.225075,71.949879,753,6156,3.010628,0.020935,1.335467,24,6132,3.000227,0.583409,0.477078,0.321761,0.640069
17,13946,2.994748,9.144775,219.98153,4408,13680,2.996842,1.328772,186.397258,4142,9538,2.999815,2.90468,0.965288,0.711211,0.994639
7,7190,2.996245,0.297797,72.412586,523,6790,2.99322,0.037309,0.706677,123,6667,2.995807,0.992448,0.498681,0.352487,0.694428
12,2061,3.014079,0,0.044301,1,2193,2.994455,0,70.961456,133,2060,2.991636,0,0.143797,0.113949,0.214062
15,12053,3.000276,3.7507,148.387177,2612,12869,2.99822,1.103513,188.719466,3428,9441,3.003513,2.887609,0.832264,0.668952,0.985651
2,1488,3.004862,0,16.213507,38,1452,3.003508,0,7.815342,2,1450,2.995723,0,0.103307,0.075713,0.150829
16,10864,2.99735,1.422283,73.31092,1302,11600,2.993057,0.469726,120.051846,2038,9562,3.001132,2.926435,0.753778,0.60192,0.997548
2,1402,2.996322,0,59.281789,64,1344,2.987211,0,0.785899,6,1338,3.012265,0,0.097193,0.069719,0.14012
16,11040,3.001991,2.654051,111.27268,1515,11424,3.007805,0.614727,117.297604,1899,9525,3.002044,2.906479,0.766472,0.596548,0.993969
10,3290,2.994239,0.001543,0.247056,8,3725,3.010241,0,76.64425,443,3282,2.997739,0.016701,0.227692,0.194344,0.341885
19,13186,3.011268,11.389456,209.507451,3659,12996,3.001393,1.031634,192.050416,3469,9527,3.003306,2.911572,0.915381,0.67559,0.994521
5,10995,3.001705,2.418311,106.464804,1439,11115,3.001505,0.518622,88.383774,1559,9556,3.001609,2.884668,0.763208,0.578583,0.99679
14,13148,3.004644,6.83966,188.746752,3567,12901,2.999658,0.970862,187.488113,3320,9581,2.995753,2.918084,0.906027,0.671687,0.997692
9,6660,2.994701,0.149972,51.809817,477,6219,3.006624,0.01978,0.867146,36,6183,2.994595,0.582933,0.461391,0.324306,0.643788
6,4224,3.011598,0.007248,8.865413,6,4590,3.003341,0.000309,23.37297,372,4218,3.001518,0.077855,0.294485,0.239341,0.439761
4,2904,3.004701,0,12.92903,13,2908,2.996588,0,9.831158,17,2891,3.013798,0.011577,0.201983,0.151097,0.303226
10,7030,3.009093,0.215976,35.781145,284,6790,3.006616,0.049907,1.582884,44,6746,3.003563,0.937701,0.488931,0.354238,0.704777
9,2936,3.004509,0.001411,26.704473,13,2968,3.00459,0,4.462776,45,2923,3.00329,0.003738,0.203898,0.154694,0.305145
8,5856,3.004629,0.062393,11.032299,152,5736,3.000729,0.007265,3.594183,32,5704,3.005525,0.282089,0.40679,0.298383,0.595487
5,3650,3.005065,0.000758,34.440952,155,3505,2.995237,0,0.047358,10,3495,3.010206,0.027758,0.253032,0.182202,0.36539
17,12121,3.002097,3.222242,171.137186,2599,11781,3.005257,0.702125,153.404933,2259,9522,3.000513,2.906459,0.83589,0.613284,0.993023
5,11344,3.0021,2.748802,139.437526,1934,10528,3.005702,0.473571,45.016424,1118,9410,2.998241,2.845622,0.77838,0.548165,0.980653
13,9477,3.000941,1.207672,22.248563,172,9412,3.000659,0.138307,7.60788,107,9305,2.991627,2.482992,0.656466,0.489117,0.967654
5,3740,2.992502,0.000886,14.959188,135,3610,2.993718,0,4.266715,5,3605,2.999267,0.019305,0.258566,0.187633,0.375454
11,11310,3.00003,2.428614,95.711135,1757,10665,2.991857,0.434217,86.011389,1112,9553,2.992877,2.903448,0.784345,0.553124,0.993447
16,11168,3.002241,3.290132,99.740855,1744,12304,2.993159,0.719495,165.027145,2880,9424,2.998695,2.865845,0.776135,0.63724,0.9822
17,747,3.00069,0,15.81799,8,741,3.022682,0,4.269063,2,739,3.004983,0,0.051823,0.038872,0.077116
11,8272,3.001622,0.475442,29.235429,761,7568,3.005652,0.120027,8.593522,57,7511,3.001969,1.326503,0.573827,0.394641,0.784059
3,5026,2.993559,0.036722,10.320615,15,5334,2.992283,0.004467,9.723563,323,5011,3.00101,0.2075,0.347537,0.276679,0.52228
16,7170,3.004588,0.251278,13.138719,40,7420,3.006302,0.052775,6.266229,290,7130,2.992693,0.855643,0.498544,0.386905,0.742073
2,1390,3.013117,0,12.72455,6,1410,3.011854,0,12.042123,26,1384,3.000949,0,0.096816,0.073647,0.144377
12,8460,2.998534,0.604969,13.935484,107,8424,2.998873,0.134349,7.828013,71,8353,3.008227,1.985369,0.586455,0.437844,0.873375
8,5912,2.989145,0.075075,0.33583,49,5952,3.000604,0.014543,33.152909,89,5863,3.002076,0.386155,0.408565,0.30861,0.612109
8,7140,2.997981,0.219557,13.003755,44,7370,3.00393,0.067702,9.345253,274,7096,2.995587,0.89894,0.495421,0.383463,0.739396
19,14288,2.997236,18.829109,223.720064,4731,14250,3.000323,1.689772,241.880743,4693,9557,3.003275,2.913825,0.982978,0.739481,0.997505
9,6228,3.000743,0.11099,0.262684,53,6813,2.996069,0.038206,77.812728,638,6175,2.995582,0.57881,0.432233,0.354379,0.643456
5,3715,2.991115,0.002097,42.339302,211,3525,3.005626,0,0.061059,21,3504,2.996207,0.057179,0.257171,0.183761,0.364906
19,5568,3.009427,0.056066,17.829737,31,5768,3.007545,0.02274,9.451707,231,5537,2.994404,0.420333,0.387528,0.300965,0.576905
5,5904,3.002167,0.071362,60.536488,376,5560,2.994049,0.01169,0.267971,32,5528,3.00883,0.377994,0.409838,0.288512,0.578491
4,2916,3.006655,0,10.640484,9,2940,2.987997,0,11.809098,33,2907,3.014653,0.000144,0.20276,0.152495,0.304407
12,8136,2.997636,0.680934,8.71737,30,8508,3.002906,0.141154,21.810348,402,8106,3.005012,1.767372,0.564072,0.443308,0.84703
9,3780,2.998631,0.000833,31.400218,225,3560,3.006713,0,8.531165,5,3555,3.000192,0.024837,0.262126,0.185688,0.370336
10,7550,3.003679,0.234642,81.045941,1021,6570,2.997624,0.026333,0.451395,41,6529,2.992154,0.714494,0.524949,0.341346,0.679393
1,12870,3.001508,6.109231,157.068369,3314,13050,2.995662,1.398112,206.033884,3494,9556,2.998883,2.915269,0.884725,0.678448,0.996116
12,8292,3.01157,0.505996,7.657726,123,8376,3.003765,0.157953,14.824292,207,8169,3.001586,1.939153,0.577225,0.435843,0.852317
17,11696,2.995376,4.324178,164.652128,2150,11832,2.998409,0.924065,145.335735,2286,9546,2.995357,2.853636,0.810348,0.615923,0.993951
17,12580,3.00262,5.338231,152.989952,3011,12682,2.998215,1.536405,171.64508,3113,9569,2.998024,2.923588,0.870832,0.659375,0.997449
7,4725,2.998364,0.033845,0.304009,19,5026,2.996489,0.002631,50.134098,320,4706,3.003691,0.18772,0.327465,0.26115,0.491233
17,5680,3.005363,0.054058,0.21232,38,5752,3.000148,0.004226,28.007091,110,5642,3.011099,0.373748,0.39515,0.29931,0.590921
12,7700,3.003854,0.388206,3.117495,21,8140,2.9995,0.091407,44.622346,461,7679,2.999978,1.497151,0.53503,0.423509,0.800564
2,1444,2.987518,0,15.300572,34,1412,3.002693,0,3.176333,2,1410,2.990005,0,0.099681,0.073556,0.146386
17,12971,2.998667,5.799693,187.915817,3442,12087,3.003002,0.795826,136.519662,2558,9529,3.005938,2.914141,0.896909,0.627442,0.995897
12,6980,2.996114,0.26994,16.437063,130,6900,3.00128,0.028974,4.249907,50,6850,3.000141,0.851732,0.482749,0.358251,0.713792
15,10515,3.006065,1.50136,68.545928,1144,10695,3.006498,0.357775,91.235145,1324,9371,3.004478,2.804699,0.729373,0.556524,0.978787
12,12274,2.997131,5.829381,196.910486,2869,11849,2.999139,0.795717,127.919541,2444,9405,3.002359,2.837829,0.849678,0.616958,0.981633
4,2868,3.004466,0,0.158866,6,3044,3.001699,0,50.640705,182,2862,3.01688,0.004586,0.199436,0.158469,0.299959
15,10318,3.003411,1.581962,107.843821,1029,9618,2.995796,0.354402,24.035116,329,9289,2.999016,2.745506,0.716574,0.499378,0.968362
13,9568,2.996761,1.123151,18.251905,483,9490,2.99863,0.235115,21.263919,405,9085,2.998232,2.430635,0.661889,0.493362,0.946826
17,12376,3.000539,3.607662,163.255519,2923,11492,3.010196,0.695512,123.098351,2039,9453,3.000043,2.889676,0.855301,0.600582,0.985734
17,11628,2.999872,2.474971,107.765824,2103,11424,3.004553,0.779349,95.432231,1899,9525,2.997735,2.855635,0.806988,0.595903,0.99242
4,2980,2.99307,0,30.317189,180,2812,3.007831,0,0.077902,12,2800,3.013392,0.004917,0.206242,0.146735,0.293023
12,1410,3.002088,0,0.186475,11,1492,2.990168,0,43.950981,93,1399,3.008543,0,0.097698,0.077322,0.146486
1,724,2.995355,0,26.421407,14,711,3.004487,0,0.512566,1,710,3.007553,0,0.050082,0.037087,0.074185
15,11115,2.999978,1.461796,108.488625,1682,10950,3.004098,0.533628,104.450618,1517,9433,3.002642,2.882111,0.771869,0.570426,0.984601
7,4956,2.994716,0.040618,1.081228,0,5075,3.005833,0.0038,25.115006,119,4956,3.000208,0.191164,0.34356,0.264837,0.516286
8,11264,3.004378,2.65666,95.265167,1829,11088,3.001821,0.694749,98.35774,1653,9435,3.004172,2.846837,0.778663,0.574877,0.985313
2,4206,3.004382,0.010131,0.285619,30,4434,3.005894,0.000158,40.744177,258,4176,3.002811,0.083145,0.291312,0.231129,0.435408
5,9000,3.003041,0.707431,79.7358,506,8532,3.000334,0.135771,4.903452,38,8494,2.997546,1.844383,0.623549,0.444424,0.885248
2,6741,2.998845,0.200029,33.381751,172,6579,2.997989,0.042662,0.517365,10,6569,2.995142,0.819583,0.46746,0.342265,0.683262
4,2876,3.014141,0,5.521754,8,3024,2.997965,0,20.28111,156,2868,3.008639,0.001334,0.200636,0.157356,0.299911
2,1354,3.004293,0,0.031782,6,1552,3.003307,0,102.540952,204,1348,2.986295,0,0.094099,0.080893,0.139915
8,13140,3.002634,5.717081,191.193144,3557,12564,3.002489,0.995805,148.185969,2981,9583,2.993252,2.911596,0.90973,0.654139,0.996921
18,12582,3.002165,5.601216,160.047013,3079,12438,3.004496,0.803927,185.712568,2935,9503,2.999853,2.904115,0.871429,0.647512,0.990969
19,13946,3.00015,17.417808,199.165275,4396,13433,3.000549,1.255387,224.586773,3883,9550,3.005582,2.932013,0.952354,0.698983,0.997677
11,7568,2.998974,0.286549,1.626972,57,8426,2.997987,0.174106,73.908149,915,7511,2.991342,1.102497,0.524395,0.43856,0.781212
20,8931,2.999596,0.79746,4.110451,207,9230,2.999051,0.253236,56.110353,506,8724,3.002154,2.211075,0.619271,0.479601,0.910354
2,2163,2.989038,0,1.236073,0,2187,2.988275,0,35.505258,24,2163,3.009333,0.00081,0.149659,0.113357,0.226013
16,6750,3.003274,0.164904,19.08276,133,6705,2.996521,0.044047,4.767886,88,6617,3.004888,0.779875,0.468919,0.34754,0.691714
13,8983,2.998776,0.687295,4.712837,307,9529,2.996695,0.30113,68.250145,853,8676,2.995248,2.066483,0.621693,0.495187,0.903258
6,4488,2.994537,0.004123,17.379001,221,4290,2.997193,0.000166,6.087202,23,4267,3.003659,0.092845,0.310842,0.223229,0.445747
13,8970,3.007161,0.903162,32.623468,395,8606,2.999623,0.155189,4.504789,31,8575,3.009075,2.044416,0.623612,0.447741,0.896959
10,714,3.008747,0,1.70597,4,727,3.013331,0,19.715584,17,710,2.973374,0,0.049621,0.03799,0.073427
5,11760,3.007334,3.204881,129.536933,2212,11952,2.998888,0.693027,156.685915,2404,9548,2.995233,2.901862,0.817272,0.621896,0.994485
8,5640,3.000087,0.068081,13.278526,48,5608,3.003578,0.005699,10.103967,16,5592,2.989717,0.438682,0.391405,0.292154,0.580749
5,3565,2.986924,0,42.338521,189,3395,3.005381,0,0.245357,19,3376,3.005364,0.02597,0.246388,0.176627,0.352575
4,2864,2.995291,0,22.859213,13,2888,2.996085,0.000015,4.349518,37,2851,2.99221,0.026634,0.19832,0.149871,0.296306
2,1486,3.009357,0,66.729999,96,1396,2.980672,0,0.031186,6,1390,3.006595,0,0.103516,0.07224,0.145427
11,9659,2.997093,0.799541,47.134131,146,10270,2.998362,0.337418,71.690764,757,9513,3.002582,2.898129,0.668053,0.533737,0.992772
3,14022,2.998973,19.818007,228.444012,4465,15257,3.002657,3.268673,254.090123,5700,9557,3.003178,2.921425,0.962044,0.794727,0.99771
19,13718,3.001291,9.656135,210.196713,4216,14459,2.998269,1.879532,245.474209,4957,9502,3.001102,2.90181,0.952866,0.749752,0.991234
18,13338,3.000131,5.924818,201.252778,3773,12528,2.998836,0.902704,174.575872,2963,9565,3.000545,2.922321,0.910034,0.651519,0.997522
13,10768,3.000708,2.606308,64.827071,1270,11392,2.997196,0.558661,105.896888,1894,9498,2.995307,2.843171,0.747964,0.592779,0.988913
15,10620,2.999302,1.719883,57.432899,1120,11415,2.997762,0.46803,109.978128,1915,9500,3.001498,2.899776,0.736398,0.593191,0.991212
11,7865,3.001974,0.623775,4.850712,33,8030,2.995735,0.196597,39.357933,198,7832,3.004325,1.656849,0.54654,0.417635,0.818471
17,12291,3.00349,3.785265,124.196816,2742,12444,2.998343,0.681213,177.167276,2895,9549,3.005304,2.925299,0.853195,0.647786,0.997404
20,5616,3.000951,0.098356,5.965325,34,5712,2.999068,0.008959,20.931102,130,5582,2.993201,0.405303,0.389281,0.297027,0.581416
16,9444,2.996613,0.701677,30.081917,570,9000,2.996222,0.11169,11.877335,126,8874,3.001017,2.235936,0.652169,0.46745,0.92584
8,6064,3.002617,0.11103,48.911107,316,5784,2.998763,0.013108,0.937317,36,5748,2.99804,0.440959,0.419803,0.301107,0.599552
11,7601,2.998891,0.356883,7.806113,0,7689,3.015288,0.047146,8.802095,88,7601,2.993048,1.483671,0.527652,0.40194,0.789936
8,6008,3.002219,0.104835,64.686854,587,5432,3.002602,0.0013,1.119513,11,5421,2.993963,0.30573,0.417531,0.283162,0.564451
4,7380,3.000159,0.269687,13.055777,290,7130,3.005613,0.042225,4.606211,40,7090,2.997283,1.060969,0.512527,0.371651,0.738792
10,2816,2.99564,0,0.137586,16,2944,3.008434,0,30.261732,144,2800,3.002221,0.007307,0.194713,0.153549,0.291949
16,10864,2.999011,1.769762,96.44772,1438,11888,3.000631,0.59423,156.683919,2462,9426,3.001678,2.822594,0.752308,0.618653,0.98329
8,5800,2.995525,0.070831,1.711561,16,5824,3.001833,0.015713,18.606957,40,5784,2.999066,0.317843,0.401931,0.303364,0.602329
4,2852,3.00407,0.001686,5.123457,68,2788,2.997389,0,8.292723,4,2784,3.004785,0.007755,0.198156,0.144921,0.290463
9,8880,2.991416,0.745545,100.992138,714,8244,3.004785,0.130398,2.712167,78,8166,2.997204,1.861327,0.614825,0.429829,0.850763
16,13554,3.000932,7.306212,212.406215,3996,13104,2.998057,1.292368,166.04005,3546,9558,3.002891,2.933267,0.935858,0.680635,0.997496
12,8388,3.000181,0.653679,4.75747,170,8652,3.003082,0.170817,47.13081,434,8218,3.005429,1.995377,0.58094,0.450715,0.858753
5,3640,3.005204,0.000726,34.296187,32,3615,2.992329,0,0.266274,7,3608,2.993218,0.03182,0.252778,0.1876,0.375173
18,13032,3.001963,5.897707,165.376729,3505,12924,2.998049,1.233,177.598023,3397,9527,3.00549,2.890189,0.900956,0.671012,0.995433
2,1452,2.998009,0,5.609012,4,1478,2.999007,0,32.680948,30,1448,3.005151,0,0.100548,0.076927,0.151092
18,11184,2.998888,1.941852,98.18065,1747,12336,3.003221,0.95425,143.868775,2899,9437,3.000417,2.863639,0.775376,0.638792,0.98423
8,743,2.997468,0,7.249137,21,724,2.992834,0,15.869099,2,722,3.008997,0,0.051536,0.03757,0.075434
12,4879,3.008426,0.047983,10.448851,6,5117,2.993279,0.005841,26.283545,244,4873,2.993894,0.2289,0.339771,0.265231,0.506972
4,2892,2.999592,0.000245,0.514754,12,2972,3.000583,0,26.035289,92,2880,3.001884,0.004171,0.200785,0.154672,0.300683
6,4296,3.002633,0.018122,1.997947,12,4638,2.998101,0.00003,57.688953,354,4284,3.001512,0.112036,0.298376,0.240675,0.446483
4,2876,2.999635,0,24.599436,8,2888,2.995997,0,7.335461,20,2868,3.000038,0.00531,0.199557,0.150216,0.298937
15,11280,3.00553,2.076584,124.613217,1744,10350,2.997419,0.369753,81.5212,814,9536,3.004562,2.894883,0.784777,0.538599,0.995974
8,5520,2.994477,0.044225,33.05826,61,5496,2.998066,0.016121,0.712298,37,5459,3.003224,0.418313,0.3822,0.285524,0.569855
18,13914,3.003584,9.567519,192.391362,4428,12204,2.996498,0.750174,159.850482,2718,9486,3.007409,2.882801,0.948245,0.634014,0.991429
14,9800,2.998635,1.607927,37.337084,313,9800,2.99562,0.281623,45.527442,313,9487,3.004367,2.877053,0.680052,0.509672,0.990489
7,5089,2.997307,0.035189,0.71712,126,4984,3.005539,0.002793,32.695793,21,4963,3.006085,0.199168,0.352876,0.259744,0.518049
6,5264,3.0005,0.083397,25.609291,105,5180,2.999043,0.000392,1.823504,21,5159,2.997003,0.200403,0.364406,0.269557,0.537005
3,11488,3.000376,3.08418,117.549027,1925,11616,2.993953,0.510742,163.171702,2053,9563,2.999243,2.905259,0.79549,0.603781,0.996865
8,11220,2.997528,2.103246,102.830602,1710,10455,3.00104,0.411214,56.846327,945,9510,2.996798,2.889408,0.774283,0.54472,0.990739
2,1468,2.99343,0,24.69757,12,1462,2.99923,0,2.528872,6,1456,3.001161,0,0.101579,0.076012,0.151725
7,5026,3.004057,0.040938,23.269074,28,5117,3.00779,0.000796,3.145822,119,4998,2.995637,0.201083,0.34898,0.266846,0.520305
9,6768,3.004287,0.196173,50.288753,605,6201,3.001187,0.011492,0.628666,38,6163,2.998677,0.45592,0.469916,0.32253,0.642997
7,12223,2.994537,4.759177,168.045053,2724,12920,2.999713,1.035125,187.318669,3421,9499,3.000404,2.862165,0.847274,0.672199,0.990529
8,5520,2.995484,0.05797,0.169234,32,5752,2.997926,0.008672,55.387074,264,5488,3.001803,0.31186,0.382453,0.298863,0.572609
9,7380,3.001241,0.263755,26.256846,340,7060,2.997795,0.057558,2.318581,20,7040,2.999215,1.128707,0.511913,0.367438,0.734149
11,1418,2.99683,0,1.489699,24,1560,2.993455,0,43.979524,166,1394,2.975795,0,0.097759,0.080808,0.14444
13,2235,2.990611,0,51.453212,101,2148,3.007279,0,0.009122,14,2134,3.006582,0,0.154577,0.112132,0.223143
7,5243,2.992543,0.070168,19.191807,196,5068,2.994857,0.008108,6.820797,21,5047,3.011462,0.353171,0.363192,0.263226,0.528368
8,6224,2.991714,0.114788,103.189076,728,5504,2.997082,0.002182,0.240309,8,5496,3.012309,0.464548,0.429788,0.286388,0.57514
2,1522,2.997596,0,1.316849,11,1518,2.999614,0,50.644475,7,1511,3.016058,0,0.10561,0.078961,0.158444
4,7535,3.002379,0.474781,20.790279,33,7843,3.005167,0.096209,16.979823,341,7502,2.998635,1.397224,0.522663,0.408865,0.781176
7,12312,3.003519,5.420966,137.346399,2731,13302,2.994233,1.266119,201.156364,3721,9581,2.989318,2.9101,0.855172,0.690159,0.995444
15,7975,3.012116,0.36301,16.78083,154,7920,3.000537,0.079313,1.365843,99,7821,3.002749,1.314358,0.550719,0.412574,0.816859
8,5424,2.995453,0.069735,0.192392,24,5720,2.998657,0.005723,84.097685,320,5400,3.001421,0.410705,0.375684,0.297783,0.563222
9,7560,2.999651,0.330344,8.335366,335,7240,2.995481,0.047922,11.39122,15,7225,2.997154,1.178941,0.524849,0.376515,0.752971
17,12189,2.997163,4.252925,167.946053,2672,12257,3.000583,0.817571,160.500168,2740,9517,2.995448,2.916067,0.84569,0.638114,0.991063
2,1444,3.002471,0,0.791004,23,1434,2.995433,0,28.055661,13,1421,2.987416,0,0.100263,0.074405,0.147685
17,3032,3.00831,0,39.792877,144,2892,3.008257,0,1.534058,4,2888,2.993189,0.00508,0.210865,0.150854,0.30015
15,10860,3.002227,1.853191,78.608834,1329,11145,2.997291,0.678473,108.421927,1614,9531,3.004434,2.913618,0.753578,0.579613,0.995242
3,2229,3.002746,0,28.160533,71,2175,2.995524,0,5.003218,17,2158,2.996844,0,0.154608,0.112906,0.224942
18,6920,3.000796,0.215406,4.852996,23,7240,3.003032,0.0679,24.196784,343,6897,3.002309,1.028853,0.480077,0.377258,0.719453
19,13224,2.99428,7.263662,167.255297,3682,13452,2.997309,1.546649,194.258585,3910,9542,3.002227,2.913882,0.900945,0.698322,0.995695
5,12112,3.000028,5.70471,112.614096,2542,12304,2.995614,1.029404,178.169377,2734,9570,2.999519,2.923218,0.837987,0.639398,0.997741
11,8107,3.00127,0.317995,35.574185,604,7546,3.002867,0.085748,1.897955,43,7503,3.001267,1.323658,0.563052,0.392913,0.782955
18,5256,3.005407,0.061446,1.279324,16,5744,2.987889,0.012066,66.479536,504,5240,3.003063,0.300852,0.365128,0.297959,0.546411
2,1426,2.988585,0,0.014269,6,1468,2.999694,0,26.643226,48,1420,3.014117,0,0.098483,0.076351,0.148683
17,5560,2.99844,0.049558,1.424139,16,5944,3.003919,0.012243,31.925944,400,5544,3.009467,0.363571,0.385444,0.30954,0.579566
12,8388,3.001224,0.599751,5.240983,88,8460,3.002358,0.138558,12.31743,160,8300,3.004433,1.980778,0.582125,0.440453,0.866715
5,11115,2.999691,1.627948,121.976298,1563,11625,2.996463,0.566211,115.244884,2073,9552,2.998982,2.899907,0.768698,0.603438,0.995633
17,11934,3.006023,3.42105,127.716649,2383,12393,3.000601,0.798325,170.243659,2842,9551,2.99414,2.921816,0.826215,0.645598,0.99408
18,8931,2.996756,0.775036,4.539389,171,9503,2.996472,0.226822,54.696528,743,8760,3.007551,2.202224,0.617621,0.493902,0.91574
17,2151,2.993338,0,53.756295,20,2142,3.00103,0,0.019093,11,2131,3.001095,0.000142,0.149004,0.11151,0.222448
17,2238,2.988905,0,18.877965,156,2094,2.986308,0,4.538574,12,2082,2.997135,0.000017,0.154737,0.108414,0.216913
9,6471,3.002784,0.133396,0.234446,27,6552,2.99837,0.019235,44.118173,108,6444,2.998736,0.661373,0.449264,0.341045,0.671535
16,4963,2.990033,0.052713,8.071708,198,4795,2.999564,0.001284,13.155032,30,4765,2.982147,0.191776,0.342761,0.248962,0.494164
13,9464,2.997291,0.834383,19.052127,264,10101,3.004938,0.401743,55.69793,901,9200,3.000316,2.596993,0.655707,0.52696,0.959502
14,9856,2.999874,1.417919,46.333734,691,9982,3.008159,0.311997,83.478259,817,9165,2.99919,2.626223,0.679061,0.52131,0.955451
12,8496,2.993919,0.657965,4.339278,139,8604,3.000278,0.138212,29.900281,247,8357,3.006031,2.044581,0.587334,0.44664,0.873444
19,9204,3.001013,0.955459,8.307362,39,10010,2.998432,0.327928,59.874363,845,9165,2.994781,2.619157,0.638648,0.520301,0.953239
10,2172,2.995663,0,0.013666,22,2256,3.017028,0,33.041106,106,2150,2.990658,0.000165,0.150091,0.117941,0.223865
4,9646,2.999249,0.77945,35.425545,249,9659,3.001138,0.326092,14.836045,262,9397,3.000846,2.832307,0.669128,0.502422,0.98024
6,13212,3.007131,7.704045,180.463279,3638,13032,2.999836,1.203029,212.808029,3458,9574,2.997727,2.931326,0.919681,0.677395,0.997741
12,8868,2.999027,0.63334,5.010184,41,8904,2.999868,0.140207,15.218813,77,8827,2.999966,2.31007,0.615634,0.462891,0.920499
6,4560,3.005821,0.003177,47.831681,282,4308,3.004476,0.000275,0.19771,30,4278,3.005036,0.166336,0.317293,0.224334,0.446946
11,7810,2.996777,0.376286,0.867271,33,7887,3.002449,0.107331,25.020391,110,7777,3.000576,1.441558,0.541778,0.411117,0.811409
8,15340,2.997726,60.830801,229.593138,5806,14880,2.995749,2.327363,246.713859,5346,9534,2.998711,2.903013,0.991444,0.773257,0.99394
16,11792,2.999867,3.297003,139.776162,2304,11328,3.003085,0.661851,100.388018,1840,9488,2.997738,2.872762,0.815412,0.589328,0.988435
2,1478,3.015382,0,14.903298,29,1454,2.996951,0,6.770498,5,1449,2.99203,0,0.103066,0.075601,0.150709
5,3595,2.998396,0.002708,4.95331,74,3540,3.005734,0,15.564588,19,3521,3.005916,0.034859,0.249437,0.184451,0.367886
18,7634,2.995509,0.350694,1.735697,88,7964,2.999884,0.08735,45.13864,418,7546,2.997723,1.214326,0.526669,0.413487,0.786555
16,4774,2.995509,0.026833,0.229316,23,5047,3.000676,0.000544,52.76039,296,4751,3.006241,0.21656,0.331032,0.262908,0.496853
4,9156,3.002592,0.538322,24.443197,382,8820,3.001464,0.158212,5.999323,46,8774,3.000339,2.054446,0.633157,0.459108,0.915131
10,6760,3.001812,0.182555,0.311766,45,7510,2.997136,0.046034,83.559733,795,6715,3.004311,0.830013,0.469653,0.390473,0.701521
18,13626,3.005702,7.225684,219.79658,4124,12582,3.005196,1.602047,173.555131,3080,9502,3.008439,2.902512,0.94433,0.655599,0.993746
19,8676,3.004288,0.487827,1.891578,123,8904,3.001142,0.174196,41.48446,351,8553,2.999213,1.91321,0.602118,0.463933,0.891829
2,1480,3.025655,0,23.733319,9,1520,2.999248,0,2.619477,49,1471,2.99768,0,0.103619,0.079078,0.153415
5,13410,3.006156,8.737512,182.914959,3854,12492,2.997743,0.976087,187.756651,2936,9556,3.00333,2.925919,0.910125,0.648888,0.997435
17,13192,3.001291,15.051644,224.348783,3670,11492,3.001267,0.793652,107.844276,1970,9522,2.99998,2.884328,0.910714,0.598678,0.992727
4,3056,2.993587,0.000095,54.117657,225,2844,3.002513,0,0.06864,13,2831,3.010903,0.005142,0.211498,0.148218,0.296289
17,13005,3.004433,7.999746,179.420094,3438,12631,3.000997,0.872096,181.507321,3064,9567,2.99934,2.914522,0.903222,0.658083,0.997641
12,8616,3.002896,0.563233,11.413683,139,8508,3.00199,0.117888,9.912834,31,8477,2.997586,1.991826,0.597243,0.443419,0.883631
16,11632,2.998423,2.159777,127.144699,2083,11376,3.000023,0.509558,138.489777,1827,9549,2.991765,2.877208,0.805022,0.589577,0.993052
2,1474,3.002409,0,0.908088,13,1500,3.02067,0,20.121631,39,1461,3.00727,0,0.102283,0.078579,0.152868
4,2940,2.998148,0.000025,3.088876,16,2924,2.993666,0,31.332545,0,2924,3.006201,0.009518,0.203711,0.15197,0.305213
11,7645,2.997241,0.36166,1.009209,65,7997,2.994502,0.084613,58.966703,417,7580,3.000207,1.355964,0.530415,0.4157,0.790739
16,3152,2.989574,0,18.641661,231,2936,2.992251,0,6.706448,15,2921,3.009138,0.006131,0.218143,0.152218,0.305825
13,5138,2.995107,0.041408,45.567826,124,5040,3.009849,0.004904,0.678487,26,5014,3.003844,0.202869,0.355536,0.263173,0.523778
12,8628,3.002354,0.587824,34.375833,174,8640,2.991502,0.150425,7.701337,186,8454,2.999435,2.004269,0.599618,0.448401,0.881613
3,9436,3.001881,0.703814,8.77699,81,10234,3.002854,0.460824,74.68172,879,9355,3.004283,2.648434,0.654023,0.533524,0.976963
16,748,2.997748,0,38.598807,60,690,2.981434,0,5.791889,2,688,3.014065,0,0.051843,0.035671,0.072014
19,14288,3.000439,15.052855,227.686539,4730,13737,3.006553,1.3481,195.063819,4179,9558,3.001892,2.917192,0.980437,0.71295,0.997501
8,10830,3.001527,1.906709,63.350413,1296,11505,3.003623,0.58005,145.459275,1971,9534,2.99777,2.888156,0.749863,0.599788,0.99333
11,7190,3.002177,0.184969,6.77087,18,7330,2.999085,0.046779,10.397102,158,7172,3.002017,0.913593,0.499668,0.381654,0.748674
18,9230,3.000321,0.761911,33.980634,354,8918,2.99414,0.208743,6.239936,42,8876,3.0079,2.276648,0.640121,0.462299,0.927338
3,12002,2.999522,3.778855,141.330154,2445,12427,3.002925,0.821474,166.928975,2870,9557,3.001311,2.929689,0.827991,0.647175,0.997055
19,13680,2.996024,10.234469,195.703254,4144,13832,2.991321,1.751866,230.759493,4296,9536,3.002142,2.894844,0.943962,0.71614,0.99534
18,13104,2.998803,6.391703,203.638853,3558,12564,2.999026,0.808606,138.436242,3018,9546,2.999226,2.927062,0.906035,0.652096,0.995099
18,13014,2.99843,5.219796,176.192667,3477,13248,3.000097,1.085785,167.81404,3711,9537,3.000056,2.879125,0.895505,0.687555,0.994373
13,11632,2.99804,3.338866,166.64677,2197,11248,2.994726,0.578691,112.83262,1813,9435,3.001542,2.854549,0.806187,0.584268,0.984558
4,2944,3.004376,0,0.033814,6,3136,2.992873,0,50.161554,198,2938,2.98711,0.002637,0.204664,0.162735,0.304905
2,6516,3.003461,0.112233,4.264145,27,6525,3.000935,0.02994,4.754019,36,6489,2.99923,0.488129,0.453022,0.339655,0.676474
17,8129,3.000859,0.309672,29.742844,248,7964,3.001185,0.090432,2.560341,83,7881,2.997531,1.493281,0.563931,0.413992,0.821542
11,4440,3.006569,0.017895,19.485447,111,4362,2.997924,0.00024,0.212066,33,4329,2.993445,0.105162,0.308769,0.22676,0.450942
8,9386,2.998807,0.712413,16.909165,151,9412,2.995584,0.21286,12.501793,177,9235,3.001834,2.673034,0.649622,0.488586,0.963732
1,2250,3.001643,0,45.531153,33,2220,3.001177,0,0.011502,3,2217,3.009954,0,0.15629,0.11567,0.231849
10,7060,3.004331,0.203691,14.377264,143,6940,2.993206,0.049776,22.601089,23,6917,2.994323,0.856458,0.490235,0.36064,0.720282
20,7799,3.001458,0.439426,1.779214,85,8096,2.996535,0.101215,31.611356,382,7714,3.000063,1.431558,0.541032,0.419262,0.804596
3,772,3.00346,0,89.841824,97,677,3.000538,0,0.208192,2,675,3.003234,0,0.053605,0.035226,0.070388
15,11160,3.000682,2.051772,95.294209,1656,11280,2.998381,0.555892,103.34855,1776,9504,2.996463,2.860121,0.772636,0.585128,0.989829
17,12478,2.998003,4.583919,159.165404,2923,12206,2.994227,0.651325,164.229654,2651,9555,2.999965,2.88837,0.863434,0.634489,0.99655
9,10740,3.00411,1.266441,74.287406,1156,10110,3.004374,0.397811,42.54579,526,9584,2.993902,2.916329,0.744908,0.52733,0.997584
17,2756,3.001411,0,0.127979,18,2876,2.992885,0,63.8724,138,2738,2.984981,0.00063,0.191347,0.14934,0.284693
16,11504,2.999786,1.94242,138.782636,1939,11392,3.007128,0.571011,117.854023,1827,9565,2.997626,2.900997,0.798348,0.594192,0.996574
7,5061,3.005204,0.017182,0.255022,26,5222,3.002588,0.006183,31.1179,187,5035,2.996893,0.177814,0.35197,0.27196,0.525005
13,5560,2.997679,0.078396,4.887501,24,5672,2.995701,0.00686,5.658956,136,5536,3.002848,0.333655,0.385574,0.294246,0.577698
11,743,2.985239,0,26.874584,21,723,2.993506,0,0.158444,1,722,2.977923,0,0.051343,0.037575,0.074663
3,2259,3.014953,0,16.543608,10,2268,3.001059,0,4.363209,19,2249,2.996683,0.000186,0.157317,0.11809,0.234242
17,11472,3.006365,2.073031,114.846635,1940,12208,2.997642,0.727533,149.936566,2676,9532,2.996152,2.906491,0.795937,0.634615,0.992711
6,6921,3.005234,0.185462,21.129699,370,6561,3.000812,0.035124,6.830239,10,6551,2.996432,0.643374,0.481208,0.341829,0.681766
8,6280,3.00295,0.113815,51.821777,471,5832,3.003337,0.011108,2.436713,23,5809,3.003915,0.450161,0.436551,0.304088,0.606877
11,7755,3.003469,0.509556,26.131853,14,7810,3.000726,0.115547,3.73875,69,7741,2.993716,1.421711,0.539164,0.406818,0.805662
17,2238,3.004517,0,58.448629,201,2046,3.013432,0,1.036346,9,2037,3.015968,0,0.155594,0.106726,0.213317
11,8151,3.004223,0.397019,45.397398,355,7942,3.003164,0.110123,1.689401,146,7796,3.006676,1.578123,0.565689,0.413052,0.815275
6,2828,3.001097,0,0.553069,56,2788,2.994772,0,49.887335,16,2772,2.99158,0.00289,0.196459,0.144893,0.288285
8,12870,2.999336,6.82636,193.625086,3324,14148,2.997814,1.414204,227.921039,4602,9546,3.006418,2.927751,0.890533,0.733224,0.997519
5,3550,2.980521,0.003618,23.888431,5,3685,2.99948,0,6.676917,140,3545,3.008033,0.038471,0.244918,0.191722,0.370305
11,7458,3.00336,0.407949,0.811234,55,7458,3.000913,0.083313,33.691588,55,7403,2.99644,1.09728,0.518119,0.387332,0.771456
8,5912,2.996966,0.098103,51.423009,24,5928,3.00029,0.01106,0.805148,40,5888,3.007818,0.367999,0.409797,0.30879,0.615962
15,11934,3.000881,2.425233,133.331409,2434,12053,2.996532,0.708681,133.868359,2553,9500,3.001373,2.878706,0.829003,0.62514,0.991226
12,9120,3.008619,0.837357,103.193398,1119,8052,3.004979,0.077673,1.744258,51,8001,3.000581,1.528653,0.635153,0.419794,0.834573
19,4872,2.996669,0.027933,10.715543,28,4879,2.99831,0.002984,2.276294,35,4844,2.997025,0.186309,0.337958,0.253385,0.504764
20,4242,2.99244,0.003711,1.399945,27,4254,2.993791,0.000454,18.196192,39,4215,2.995655,0.061168,0.292997,0.220877,0.438742
6,13965,2.999005,23.888702,183.996206,4402,14459,2.999709,1.538272,246.92209,4896,9563,3.00199,2.921748,0.948198,0.752451,0.997659
11,10515,3.001393,1.643027,78.445635,966,11070,2.993908,0.361586,106.729324,1521,9549,2.997124,2.890888,0.72826,0.574476,0.994774
6,4272,3.002292,0.019378,0.420985,12,4422,2.999001,0,63.318794,162,4260,3.007969,0.176455,0.296648,0.229966,0.445177
19,10125,3.000297,1.405672,55.428449,710,9930,3.001047,0.310771,27.3499,515,9415,2.992295,2.806001,0.703187,0.516812,0.97944
6,4266,3.002151,0.007165,8.278935,20,4278,3.014344,0.000207,8.791851,32,4246,2.988835,0.088473,0.296079,0.223878,0.441044
5,3520,3.001319,0.00072,28.766182,169,3370,2.999385,0,0.387197,19,3351,2.986981,0.018435,0.244552,0.175127,0.348005
11,13927,2.991814,12.180484,223.935777,4414,13737,2.999448,1.433895,221.115385,4224,9513,3.005812,2.928799,0.962504,0.713192,0.994133
19,659,2.991757,0,2.488518,1,687,3.000172,0,18.859887,29,658,2.993584,0,0.045579,0.035679,0.068395
11,4482,2.997609,0.021742,11.999547,21,4488,2.988694,0.000004,8.826498,27,4461,3.014314,0.138121,0.310297,0.232869,0.467147
17,6903,2.992779,0.161094,70.475554,543,6372,3.004049,0.046968,0.432248,12,6360,3.005899,0.609351,0.478221,0.332323,0.664387
8,14940,2.999023,39.915435,236.762968,5355,14500,3.002425,1.865761,268.046008,4915,9585,2.995258,2.924004,0.998615,0.755824,0.997717
3,2199,2.990293,0,0.420569,8,2205,2.998031,0,16.864936,14,2191,3.001946,0,0.15217,0.114737,0.228866
4,4482,3.003719,0.009465,34.012152,165,4350,3.005187,0,2.037862,33,4317,2.995348,0.101441,0.311636,0.226279,0.449637
9,6363,2.994727,0.161675,11.184028,117,6264,3.002689,0.027754,13.635059,18,6246,2.990896,0.654959,0.440608,0.326486,0.648809
16,11040,3.007957,2.364371,130.14494,1505,11216,3.002022,0.532715,83.305655,1681,9535,3.000702,2.899125,0.767917,0.584464,0.994461
17,6867,2.999594,0.155577,9.893473,155,6759,2.989328,0.024396,3.909962,47,6712,3.001309,0.780681,0.47635,0.350211,0.700846
13,11130,2.995637,2.625195,88.408199,1647,11160,3.000692,0.499483,104.948686,1677,9483,2.996618,2.845899,0.770491,0.581084,0.987708
8,5488,2.994821,0.068841,0.472066,45,5736,3.001908,0.014919,33.446132,293,5443,3.001981,0.336611,0.380121,0.298687,0.568432
3,6822,2.993939,0.133556,68.917714,549,6291,2.998183,0.021457,0.325045,18,6273,2.996443,0.553153,0.472357,0.327315,0.653368
11,10755,2.993247,1.618737,75.451873,1426,9960,2.993899,0.648497,47.194136,631,9329,3.000859,2.81064,0.743702,0.516766,0.973108
10,14345,2.998693,19.762657,229.126293,4814,13737,2.998148,1.175054,203.376008,4206,9531,3.005872,2.906542,0.987681,0.713078,0.995542
4,3108,2.999021,0,57.769506,84,3036,3.005185,0,0.267042,12,3024,2.996473,0.007317,0.215762,0.158169,0.314789
18,4308,2.999964,0.010711,1.084678,41,4308,2.986997,0.000105,35.149896,41,4267,3.009542,0.107477,0.299133,0.222865,0.446697
8,5624,2.999354,0.073604,14.135869,39,5624,3.016414,0.022897,4.805892,39,5585,2.993235,0.374213,0.390357,0.293799,0.581289
10,6900,3.007811,0.218619,24.656519,41,6970,3.000203,0.059189,1.696752,111,6859,2.999068,0.940119,0.480385,0.362445,0.715219
7,7183,3.005081,0.284293,0.473418,5,8602,3.00075,0.105828,138.143712,1424,7178,2.997773,1.005757,0.499664,0.447763,0.747667
15,10890,2.996561,1.420725,74.346573,1372,10395,2.993924,0.423727,63.383747,877,9518,3.010657,2.92406,0.752369,0.538173,0.995887
17,11509,2.99655,3.424769,114.839674,1975,11509,2.994371,0.542207,122.306213,1975,9534,3.000129,2.898162,0.796061,0.596933,0.994326
4,7634,3.004196,0.42383,20.09532,218,7447,2.991795,0.093021,3.432591,31,7416,2.99481,1.284441,0.530096,0.386044,0.771892
3,2301,2.985094,0,30.377304,248,2061,2.998632,0,14.22528,8,2053,2.984619,0,0.158831,0.107287,0.213005
3,5068,3.001478,0.030835,0.456991,98,4977,2.998382,0.001218,35.085349,7,4970,2.992383,0.254244,0.351642,0.258935,0.516394
5,4956,3.005976,0.023753,19.60031,220,4781,2.998821,0.001282,7.92668,45,4736,3.010249,0.186978,0.344206,0.248306,0.495517
3,12444,3.004522,3.565863,172.065979,2891,12342,3.005282,0.902548,149.533126,2789,9553,2.994232,2.910723,0.865469,0.643619,0.99429
4,3012,2.986689,0.000728,90.062642,352,2688,3.007965,0,0.545256,28,2660,3.000719,0.005032,0.208246,0.13993,0.277551
14,4422,2.995112,0.013824,63.432919,462,4002,3.001799,0.000025,2.768599,42,3960,2.994756,0.078508,0.306466,0.20776,0.411905
10,11760,3.000743,2.858108,128.738687,2278,10755,2.997169,0.441094,93.870841,1273,9482,3.005511,2.889932,0.816869,0.559628,0.99074
3,5033,3.005758,0.022711,59.866761,335,4718,3.005917,0.000434,0.172523,20,4698,2.99354,0.134739,0.349644,0.246214,0.4893
7,11440,3.002127,2.716373,127.655801,1893,11968,3.000549,0.57404,132.92372,2421,9547,3.003319,2.893188,0.790989,0.621185,0.9967
13,9139,2.998191,1.050579,22.575428,87,9516,3.001166,0.250056,22.635241,464,9052,2.99577,2.372028,0.632124,0.494929,0.942579
18,5944,2.99651,0.076902,12.399441,280,5696,2.99801,0.00561,19.575622,32,5664,2.999623,0.474021,0.412311,0.296172,0.590897
20,14700,2.998783,22.88878,228.131974,5174,14080,2.997825,1.727134,203.598962,4554,9526,3.004458,2.884352,0.985851,0.731701,0.994724
11,3068,3.004644,0,31.751179,120,2976,2.999896,0,1.534553,28,2948,3.008788,0.010878,0.213278,0.154561,0.308244
13,1386,2.996867,0,0.230023,7,1498,3.015538,0,75.657685,119,1379,2.990056,0,0.096149,0.078276,0.143634
18,5005,3.00071,0.031742,13.381964,12,5292,2.994966,0.0011,31.20395,299,4993,3.006093,0.169944,0.347171,0.275133,0.521675
6,11136,2.995235,1.931077,112.229661,1716,10864,3.000784,0.460082,60.183752,1444,9420,2.994768,2.778446,0.771321,0.565981,0.980767
6,4590,3.00179,0.01955,13.928345,110,4494,2.995867,0.000493,1.931791,14,4480,2.999974,0.15174,0.31832,0.233722,0.467408
7,9620,2.992617,0.824069,54.809661,924,8710,2.999069,0.222078,4.888902,14,8696,2.999876,2.208323,0.666114,0.453505,0.906975
12,8880,3.000374,0.577676,53.342911,467,8520,3.005715,0.158306,4.349913,107,8413,2.995681,1.911138,0.616429,0.444331,0.876046
10,6480,3.000973,0.17619,2.99246,8,7090,2.999212,0.034114,33.017414,618,6472,2.996278,0.755981,0.450146,0.368977,0.673981
4,2900,3.003115,0.000037,3.43809,14,2896,2.995407,0,13.309147,10,2886,2.993081,0.011307,0.201508,0.150602,0.300462
20,14080,2.997538,10.218251,196.399381,4515,13960,2.998161,1.503715,254.508395,4395,9565,3.000365,2.930208,0.951073,0.725165,0.997529
5,9674,2.999424,1.194755,17.674854,471,10500,3.000839,0.366643,99.132698,1297,9203,3.000461,2.634134,0.668859,0.544903,0.959785
2,1476,3.014493,0,25.900937,10,1470,3.009292,0,0.072873,4,1466,2.995407,0,0.102816,0.076803,0.152614
17,11288,3.001386,2.787639,84.672447,1707,12002,2.994231,0.565995,140.539626,2421,9581,2.989299,2.915615,0.779575,0.622852,0.99565
2,1452,2.99181,0,11.115755,4,1458,2.98329,0,2.486842,10,1448,3.00907,0,0.100351,0.075461,0.151289
15,10455,2.999437,1.936992,72.946869,1120,10845,2.991866,0.398906,87.225195,1510,9335,3.00021,2.768312,0.724773,0.562153,0.973727
20,13600,2.998156,13.855856,199.41031,4005,15100,2.996955,1.765595,262.756742,5505,9595,2.991614,2.920856,0.941516,0.781345,0.997615
18,13302,2.994241,10.742817,175.110315,3757,12924,2.998052,0.998067,185.633478,3379,9545,3.00058,2.917376,0.920235,0.671505,0.99548
12,3525,2.999096,0.001691,2.904804,20,3555,2.998234,0.000435,14.148518,50,3505,3.00721,0.038097,0.244303,0.185065,0.366179
12,9108,2.999695,0.809337,61.625455,554,8580,2.995993,0.276545,5.139941,26,8554,3.001055,2.212926,0.63179,0.445784,0.892339
5,3535,2.993944,0.000754,9.973354,103,3440,2.999848,0,20.574016,8,3432,2.997308,0.022823,0.244727,0.179158,0.357717
9,10164,2.996955,1.310206,44.981614,688,10080,3.003648,0.253161,44.165579,604,9476,2.997908,2.783253,0.701623,0.524449,0.987442
9,6183,3.002518,0.119296,17.376594,47,6291,3.000384,0.025471,9.111767,155,6136,3.00449,0.573358,0.428795,0.327587,0.641083
7,5033,3.002235,0.031593,18.084289,322,4739,2.996323,0.000137,13.369929,28,4711,3.007755,0.164749,0.349774,0.246267,0.492211
6,4116,3.006869,0.008496,0.24426,20,4470,3.001001,0.001869,52.443844,374,4096,3.003055,0.073206,0.286188,0.232574,0.427723
8,5896,3.003153,0.134132,6.059849,310,5616,3.003419,0.004109,11.491525,30,5586,2.993205,0.337675,0.409136,0.292411,0.581474
15,4928,3.001994,0.025488,0.171704,18,4991,3.006631,0.001128,38.328233,81,4910,3.007804,0.164611,0.342126,0.260333,0.513206
19,13908,2.997812,14.769736,222.288377,4341,14554,2.999627,1.710996,244.996724,4987,9567,3.000371,2.926681,0.956802,0.756104,0.99771
3,2292,3.008515,0,0.341253,27,2271,2.998273,0,56.968453,6,2265,2.9995,0.000784,0.159483,0.118116,0.236029
8,12325,2.99839,4.221907,139.562774,2757,12189,3.006683,0.873739,138.162159,2621,9568,2.994989,2.882886,0.853989,0.633912,0.996114
12,8016,3.003727,0.476613,4.445176,63,8676,2.995478,0.126749,47.496858,723,7953,2.996502,1.610019,0.557004,0.451197,0.82835
2,7360,3.002251,0.32384,30.296508,35,7490,2.998544,0.063961,4.471384,165,7325,3.007126,1.139691,0.511291,0.388767,0.765626
6,13338,2.997703,8.160445,196.837229,3758,12901,3.005145,1.024161,188.119306,3321,9580,2.995943,2.91592,0.923532,0.672719,0.997576
8,5768,3.004246,0.06743,56.834481,8,5784,2.997128,0.009725,0.268023,24,5760,3.00046,0.415634,0.400992,0.300521,0.600092
4,10920,2.99758,1.655392,108.866564,1399,11010,3.002164,0.455047,99.803675,1489,9521,3.001195,2.891889,0.75618,0.572802,0.993206
2,1462,2.985533,0,18.314559,64,1410,2.997403,0,7.086058,12,1398,2.990741,0,0.100887,0.07318,0.145561
19,10965,3.002695,1.627489,85.83858,1443,10365,2.993392,0.399965,60.639397,843,9522,2.997408,2.90001,0.750497,0.538655,0.992264
12,6228,2.995623,0.111879,9.30259,12,6345,2.995366,0.029567,9.218996,129,6216,3.004846,0.590922,0.431887,0.329958,0.648875
5,3670,3.009567,0.000143,19.643051,101,3595,3.00693,0,1.192658,26,3569,2.999325,0.022908,0.255462,0.187122,0.372195
4,8283,3.004309,0.54168,35.914969,866,7524,2.994622,0.087629,2.107832,107,7417,3.007572,1.355372,0.574608,0.390046,0.775383
2,7744,3.005025,0.418677,8.250652,125,7997,3.002216,0.082206,15.73109,378,7619,2.997466,1.374399,0.536718,0.416818,0.794055
9,6453,2.999131,0.201563,23.716827,245,6264,3.004248,0.022505,17.761458,56,6208,3.009928,0.582093,0.447522,0.326272,0.64975
13,6543,2.999668,0.144708,1.407898,45,6561,3.004639,0.017719,27.926316,63,6498,3.000245,0.599527,0.453517,0.341998,0.677328
11,7634,2.993088,0.361116,21.429853,222,7447,3.000873,0.062395,3.329112,35,7412,2.995957,1.109654,0.528279,0.387983,0.772278
16,2856,2.998587,0,11.511099,13,2868,2.993457,0,10.163458,25,2843,3.000383,0.00212,0.198178,0.14892,0.296439
19,1464,2.998129,0,67.994212,44,1424,3.003398,0,0.069082,4,1420,3.008441,0,0.101476,0.074162,0.148395
5,3395,2.993428,0.000532,1.920117,10,3560,2.997362,0,57.929506,175,3385,3.004222,0.031268,0.235221,0.185254,0.353472
11,8382,2.993393,0.53806,34.392833,429,7975,3.000239,0.097388,1.535861,22,7953,2.990552,1.527238,0.579774,0.415398,0.82674
12,9338,3.002316,1.047799,9.119422,109,10500,3.000952,0.420396,84.745322,1271,9229,2.995478,2.533753,0.647588,0.547048,0.961052
12,8393,3.002379,0.528867,58.687199,765,7689,2.986764,0.054665,3.355814,61,7628,3.005745,1.242455,0.583309,0.39819,0.797296
13,8448,2.99842,0.532568,2.172582,48,9204,2.997685,0.188893,41.491797,804,8400,3.00034,1.736132,0.584812,0.477605,0.876075
2,1400,3.009317,0,0.079744,6,1426,2.999708,0,51.996945,32,1394,3.008084,0,0.097415,0.074249,0.145667
7,5691,2.996539,0.060725,75.524216,637,5068,3.009393,0.00044,0.232269,14,5054,3.001703,0.177466,0.394752,0.264671,0.526842
20,11408,3.008365,2.345942,115.645165,1843,11472,3.000859,0.641524,87.502895,1907,9565,2.998869,2.909015,0.788536,0.596852,0.99711
13,4998,3.005105,0.033004,0.385696,39,5173,3.00554,0.001273,38.520598,214,4959,3.001926,0.18957,0.347183,0.26971,0.517715
15,10905,2.99591,1.807163,94.205218,1354,10725,3.000726,0.444879,55.709239,1174,9551,2.998054,2.918477,0.756213,0.558524,0.995487
19,13357,2.996128,5.155776,188.006788,3811,13395,2.994861,1.877678,215.11134,3849,9546,3.0027,2.916824,0.916472,0.694969,0.996169
16,7440,3.000864,0.230792,18.91419,228,7250,2.993426,0.059235,4.548127,38,7212,2.996335,1.163134,0.516456,0.376777,0.751611
18,12312,3.002535,3.313917,159.200653,2765,12204,2.99525,0.950803,150.513796,2657,9547,2.999347,2.890625,0.854219,0.634283,0.995379
5,3635,2.998531,0.001526,63.378793,285,3365,3.000283,0,2.359113,15,3350,3.006367,0.015212,0.251748,0.17528,0.350336
5,4590,3.001871,0.016803,59.362012,267,4338,2.98724,0.000406,0.199596,15,4323,2.997077,0.104836,0.318725,0.224976,0.450845
16,11376,3.002024,2.098321,114.50073,1858,10912,2.993417,0.626021,90.250388,1394,9518,2.998144,2.871743,0.785729,0.567098,0.992028
7,5033,2.997099,0.034101,19.555615,105,4942,3.003618,0.0058,3.013937,14,4928,2.997362,0.202075,0.348632,0.257372,0.513313
16,11568,3.001183,2.371558,157.906001,2079,10832,3.00133,0.451977,52.439592,1343,9489,2.995084,2.789534,0.798107,0.562601,0.987743
3,2253,2.988489,0,42.229141,133,2130,2.98779,0,2.613669,10,2120,2.998212,0,0.155836,0.110214,0.220791
11,13357,3.000228,7.060315,211.235818,3831,13775,3.001993,1.44258,185.632331,4249,9526,3.011642,2.940341,0.92333,0.714522,0.997072
15,10710,2.997073,1.866986,73.592116,1143,11430,3.00634,0.474736,128.841983,1863,9567,2.999967,2.934979,0.741234,0.59582,0.997628
2,8196,3.002201,0.488866,1.104163,101,8352,3.001151,0.104095,21.322189,257,8095,2.9935,1.463829,0.566308,0.435172,0.842489
14,11712,3.000515,2.741347,118.818389,2198,10784,2.997008,0.509583,90.427656,1270,9514,3.000842,2.887636,0.81341,0.56033,0.992396
15,13140,3.001965,8.893256,167.825925,3573,13320,3.001779,1.042579,184.644399,3753,9567,2.99803,2.916433,0.90765,0.693592,0.997021
6,4410,3.005404,0.005668,7.680962,109,4320,3.007459,0,17.853819,19,4301,3.000178,0.067883,0.306355,0.225566,0.448979
6,11070,2.994681,1.815049,89.469099,1601,11070,2.990859,0.504023,104.944477,1601,9469,3.002767,2.862607,0.765736,0.574806,0.98812
12,5960,3.007815,0.134416,24.272134,213,5768,2.998674,0.001692,0.554372,21,5747,3.00035,0.382031,0.414296,0.299772,0.599126
8,14668,2.998208,27.683746,232.731698,5176,13509,2.994613,1.169137,232.837171,4017,9492,3.000344,2.863664,0.990128,0.700127,0.990579
5,3925,2.992281,0.00024,107.347078,455,3480,2.999242,0,0.058145,10,3470,2.994545,0.025904,0.271868,0.181204,0.36119
1,740,2.999879,0,89.335335,77,663,2.991099,0,0.509406,0,663,2.987582,0,0.051303,0.034429,0.068777
8,13446,2.996632,8.03588,204.355707,3899,12708,3.004014,0.983466,187.006256,3161,9547,2.996532,2.919763,0.929013,0.662799,0.994181
3,14326,2.994689,39.683246,223.811999,4740,13167,3.001059,0.849534,178.30859,3581,9586,2.994769,2.924623,0.989781,0.685938,0.997596
17,11645,2.999487,2.888833,125.234877,2217,11815,2.999659,0.698126,172.237444,2387,9428,2.998779,2.852778,0.804651,0.614885,0.982813
12,7986,3.002922,0.577162,7.57648,212,7832,2.992371,0.083255,20.989177,58,7774,3.004639,1.503218,0.554997,0.406428,0.812161
12,3465,3.013118,0.001371,0.047124,14,3580,3.006754,0,89.701834,129,3451,2.996067,0.032797,0.24164,0.186621,0.359389
7,8283,3.000068,0.469504,55.77154,528,7810,3.001177,0.056455,1.356187,55,7755,2.998244,1.415825,0.574498,0.405802,0.807709
8,5768,3.002101,0.065676,36.767543,395,5432,3.003545,0.004134,1.871691,59,5373,2.997953,0.282014,0.399914,0.282978,0.560433
2,1500,2.994212,0,42.570284,115,1394,2.982203,0,0.478474,9,1385,3.00196,0,0.103868,0.072134,0.144981
8,5960,2.998443,0.072399,14.580844,137,5832,2.996608,0.010872,4.045882,9,5823,2.99441,0.383438,0.412622,0.303414,0.605692
3,2085,3.019923,0,19.451501,35,2067,3.005938,0,0.695042,17,2050,2.987426,0.000043,0.145533,0.107801,0.213245
8,14000,2.993847,9.052547,220.179541,4429,15340,2.998627,1.841637,278.12429,5769,9571,2.995716,2.904346,0.93967,0.797731,0.996603
10,4506,2.995182,0.017389,125.030293,534,3996,2.991331,0,0.075971,24,3972,2.997097,0.056594,0.312115,0.207524,0.414472
13,8723,2.998169,0.710558,3.508423,21,9841,2.998604,0.245629,89.460759,1139,8702,3.004719,2.074233,0.604762,0.511856,0.9085
13,4970,3.007324,0.025397,36.831266,31,5005,3.004327,0.002943,0.385109,66,4939,2.999244,0.217555,0.345033,0.260993,0.51524
11,4122,2.987635,0.004886,0.184474,13,4158,2.993013,0.000576,25.134685,49,4109,3.002319,0.076962,0.285063,0.215879,0.428599
3,2139,2.997895,0,0.442543,5,2274,3.000552,0,40.056079,140,2134,3.00172,0.00223,0.14844,0.118439,0.222629
14,5872,2.993062,0.046758,2.406235,96,5800,2.998268,0.018295,13.485725,24,5776,2.993516,0.317896,0.406805,0.30163,0.600866
14,9660,3.001832,1.310909,28.930299,387,9408,2.996767,0.274801,25.448185,135,9273,3.006029,2.620195,0.669306,0.488884,0.968773
9,3020,2.995194,0.001519,54.013299,268,2756,2.990962,0,0.02147,4,2752,3.001619,0.002097,0.209268,0.143109,0.287017
15,10275,3.003405,1.194976,54.132083,778,10410,2.996976,0.390063,45.097378,913,9497,3.002987,2.887459,0.711528,0.541351,0.991244
12,12053,3.000773,2.883395,137.996971,2513,11356,3.003611,0.62112,127.850627,1816,9540,3.002552,2.913045,0.83723,0.591878,0.995553
8,4218,3.004987,0.003861,21.03755,174,4050,2.989302,0.000982,6.424659,6,4044,2.994057,0.117785,0.293272,0.210185,0.42091
7,5348,2.990691,0.050074,50.201793,301,5061,2.994964,0.009036,0.151878,14,5047,3.000034,0.248091,0.370236,0.263151,0.526699
15,10260,2.99758,1.198938,78.686937,778,11610,3.003549,0.473201,136.613478,2128,9482,3.00664,2.866221,0.710975,0.605042,0.990966
8,5768,3.009714,0.063743,6.258036,32,5984,3.003608,0.01356,23.455262,248,5736,3.008744,0.470293,0.401534,0.311647,0.600127
12,10365,2.999986,1.94535,72.812634,965,10680,2.996353,0.356296,91.410521,1280,9400,2.996644,2.818088,0.715307,0.555574,0.979201
9,6606,3.00384,0.219119,21.651241,218,6453,2.996525,0.018795,3.077691,65,6388,2.999721,0.667596,0.459337,0.335701,0.666717
15,14402,3.000351,19.964629,238.404661,4821,13927,2.993058,1.484756,202.034267,4346,9581,2.993147,2.919395,0.997638,0.722161,0.996493
2,5369,3.002724,0.036913,84.755937,595,4809,3.002197,0.001279,0.142022,35,4774,2.995823,0.245163,0.372727,0.250231,0.497091
5,5248,2.993483,0.082134,7.833292,19,5712,2.993565,0.009999,25.74471,483,5229,2.989534,0.243686,0.363155,0.296696,0.543523
14,10164,3.003304,1.159356,63.524847,691,10402,3.000875,0.343702,86.756777,929,9473,3.00273,2.869112,0.706123,0.541954,0.988885
10,9940,3.006655,0.998174,53.314036,514,9786,2.997336,0.375616,19.721613,360,9426,2.997235,2.607238,0.690499,0.508402,0.982122
2,1358,3.009149,0,0.840737,12,1558,2.988776,0,63.638372,212,1346,2.981033,0,0.094307,0.080835,0.139612
3,6016,3.00193,0.115787,19.919582,236,5792,3.007292,0.015321,5.040557,12,5780,3.003298,0.430329,0.416737,0.302183,0.60312
15,7546,3.002788,0.412283,7.417196,0,7898,3.004594,0.086829,20.265438,352,7546,3.004219,1.38539,0.524515,0.412005,0.787147
9,12744,3.004092,4.494677,192.443374,3217,12708,2.996348,1.100061,188.900811,3181,9527,2.99612,2.905201,0.882929,0.660466,0.992129
9,2166,3.002319,0,15.59654,19,2151,2.999796,0,0.893739,4,2147,3.021518,0.000015,0.150303,0.112024,0.225546
18,12600,3.001182,7.922154,209.565268,3066,12744,3.002589,1.130572,158.497523,3210,9534,3.004324,2.911079,0.875124,0.663416,0.995538
1,9594,3.004433,1.132539,14.520086,430,9269,2.992864,0.155824,19.139308,105,9164,2.997018,2.510454,0.6607,0.48053,0.954821
10,7290,3.000515,0.2463,0.713648,46,7340,3.006951,0.046081,23.455899,96,7244,2.996079,1.023726,0.50566,0.383179,0.754748
11,8602,2.999753,0.553937,46.206493,374,8261,3.0047,0.073847,4.782966,33,8228,3.008284,1.999101,0.596992,0.430548,0.859757
19,4970,2.995662,0.036449,2.877939,56,4942,2.996883,0.007384,16.040099,28,4914,3.005023,0.234844,0.344261,0.256494,0.513264
6,11815,3.001279,3.529466,136.013419,2360,11866,3.001657,0.767144,138.625913,2411,9455,2.996112,2.804799,0.820836,0.618362,0.984689
15,5512,3.009098,0.043658,22.19603,144,5384,3.006188,0.003096,5.567679,16,5368,3.001898,0.270866,0.383939,0.280638,0.560032
4,13194,3.00501,6.521311,196.561079,3648,13122,2.997342,1.022182,159.864238,3576,9546,2.999069,2.921888,0.904622,0.681452,0.995013
12,10440,2.998996,1.642657,63.012167,897,10875,3.000962,0.472089,66.090118,1332,9543,2.997982,2.908752,0.724295,0.566325,0.994611
6,4398,2.99459,0.01293,38.847382,185,4236,2.991164,0,0.079934,23,4213,2.995012,0.072364,0.304505,0.219797,0.439227
4,3000,3.007893,0,23.341148,188,2820,2.993144,0,0.799006,8,2812,3.002384,0.004052,0.208881,0.146421,0.293484
9,12308,2.997484,3.851488,143.913757,2745,11577,2.999047,0.466882,132.629038,2014,9563,2.993368,2.892227,0.840645,0.601618,0.994867
15,11055,2.994917,1.894504,123.399326,1502,10950,3.001088,0.427608,91.689204,1397,9553,3.001138,2.914296,0.764735,0.570159,0.996613
18,13604,2.999699,7.423315,218.600496,4037,14250,2.997452,1.461511,224.521891,4683,9567,2.996468,2.92301,0.942385,0.739223,0.996277
11,8173,3.000562,0.390416,41.997439,822,7403,3.007268,0.095503,2.086797,52,7351,3.000992,1.306155,0.567361,0.385576,0.767183
1,669,3.012884,0,0.021282,1,691,2.996212,0,31.505337,23,668,3.021673,0,0.046658,0.035897,0.070096
3,2112,2.990777,0,30.957751,90,2025,2.990749,0,0.147936,3,2022,2.987256,0.000051,0.146054,0.105074,0.20973
12,8892,3.001312,0.585537,10.162539,169,8772,2.997608,0.192416,9.799047,49,8723,3.000448,2.161554,0.617186,0.454981,0.909623
4,2932,2.998487,0.000658,18.038291,13,2968,3.009271,0,8.533157,49,2919,2.998869,0.007726,0.203109,0.155061,0.304236
2,5928,2.999163,0.091434,54.069842,360,5576,3.000583,0.011242,0.253344,8,5568,2.99795,0.431696,0.411312,0.2902,0.579604
12,8748,2.999619,0.742846,22.070997,376,8520,2.991713,0.117375,5.616699,148,8372,2.996771,1.743208,0.607423,0.441311,0.872312
2,6651,3.004812,0.18222,0.480623,61,6723,2.990252,0.034442,43.898588,133,6590,2.997112,0.700171,0.461502,0.348835,0.686743
10,2924,2.994889,0,28.585264,102,2836,2.988798,0,0.25557,14,2822,2.99972,0.013349,0.202678,0.146934,0.294125
5,12618,3.000817,7.869489,163.550077,3034,13194,3.001526,1.142238,198.586242,3610,9584,2.995168,2.923494,0.870339,0.687549,0.997492
14,10612,2.997957,1.402553,54.61433,1110,10010,2.999376,0.21625,65.386139,508,9502,3.001534,2.866982,0.735924,0.520715,0.991526
8,5544,3.003574,0.059687,11.834944,44,5592,2.996141,0.005049,2.948775,92,5500,2.996382,0.345946,0.384753,0.290189,0.573231
14,7843,2.998466,0.426927,2.645684,100,7920,2.992019,0.126014,24.102179,177,7743,3.000755,1.408444,0.54196,0.41098,0.807722
4,2944,3.001566,0,63.735946,105,2840,2.991656,0,0.373253,1,2839,2.9875,0.002465,0.204478,0.147505,0.294589
19,9854,2.999181,1.205735,52.623913,741,9217,3.000486,0.142049,5.639191,104,9113,2.994295,2.29838,0.684119,0.480139,0.948595
7,5019,2.993276,0.040206,46.41352,8,5054,3.002426,0.002893,1.020668,43,5011,2.989406,0.168822,0.347381,0.263229,0.520239
11,13608,3.001267,10.616193,221.711275,4126,12618,2.997278,0.791748,164.213988,3136,9482,3.004672,2.849673,0.935729,0.656591,0.990548
14,5936,3.005072,0.102615,3.649363,31,6128,2.997046,0.011769,29.285403,223,5905,3.001728,0.48967,0.412735,0.318475,0.61626
10,7300,2.997887,0.261083,37.529823,213,7120,3.002023,0.076616,0.742393,33,7087,3.00578,1.017179,0.506587,0.370234,0.739966
10,5720,2.994624,0.095347,66.339632,312,5432,3.005542,0.010788,0.215941,24,5408,3.002748,0.316141,0.396128,0.283242,0.564181
7,5068,2.99881,0.038781,17.804366,126,4956,3.003217,0.000914,3.239789,14,4942,2.997936,0.182508,0.351067,0.258402,0.515098
9,6399,3.001017,0.119999,34.552836,81,6336,2.993349,0.02502,1.165014,18,6318,3.000267,0.701686,0.444376,0.328979,0.658609
16,11600,2.996321,4.128148,128.272872,2049,11984,3.003959,1.023946,105.422645,2433,9551,3.000461,2.912517,0.804455,0.624801,0.996177
10,7540,2.998785,0.245213,41.144804,370,7270,2.998761,0.07145,1.410706,100,7170,2.996964,1.161548,0.522342,0.378295,0.747353
7,4851,2.995923,0.021183,13.2451,14,4942,3.004692,0.000271,6.63067,105,4837,3.000575,0.127352,0.336417,0.257371,0.504832
15,10770,3.003694,2.00804,64.310353,1244,11055,2.997511,0.418632,98.384867,1529,9526,3.007965,2.928744,0.745261,0.575323,0.996178
17,13294,2.992882,6.558538,179.172405,3720,12359,2.99912,1.227372,175.509189,2785,9574,2.997783,2.924525,0.914867,0.643518,0.997606
7,5117,2.996957,0.034937,13.04891,308,4816,2.997002,0.002361,25.809102,7,4809,3.007743,0.14748,0.354392,0.250583,0.502784
4,1478,2.992874,0,42.511364,82,1398,3.003388,0,0.009137,2,1396,3.004971,0,0.102169,0.072895,0.145805
16,10992,3.006788,2.308836,82.485585,1408,11344,2.999654,0.576666,119.723921,1760,9584,2.994103,2.927523,0.763759,0.590611,0.997581
1,715,2.998907,0,51.558247,30,686,2.998263,0,0.011142,1,685,2.989685,0,0.0495,0.035708,0.071202
19,12112,3.002664,3.943126,148.479958,2562,12064,3.002457,0.868709,147.896087,2514,9550,3.003059,2.914851,0.839542,0.628636,0.99669
12,9915,3.00116,1.29958,33.061088,398,10440,3.001088,0.354631,57.271254,923,9517,3.000832,2.869531,0.688632,0.543865,0.992616
12,9072,2.996888,0.597492,43.358479,355,8760,2.996029,0.134385,5.021588,43,8717,2.999909,2.135851,0.628304,0.454798,0.909054
15,1388,3.012827,0,0.021314,2,1458,2.99812,0,52.975507,72,1386,3.002803,0,0.096785,0.07589,0.14451
10,7400,3.000615,0.277988,40.492244,439,7020,3.005241,0.03204,3.016282,59,6961,2.987551,0.824873,0.512853,0.36549,0.723392
2,1438,3.004847,0,0.123946,2,1490,2.992743,0,21.317345,54,1436,2.995584,0,0.100012,0.077334,0.149363
8,1468,3.007434,0,57.910356,60,1412,2.987332,0,0.283201,4,1408,2.97057,0,0.102197,0.073092,0.145228
5,3575,2.999751,0.001203,63.987646,158,3445,3.00588,0.000558,0.560358,28,3417,3.008012,0.05865,0.247767,0.179448,0.357721
2,4110,3.002922,0.004496,12.808121,0,4386,2.999426,0,12.752149,276,4110,2.997737,0.080895,0.285695,0.228012,0.427802
20,12336,2.993113,3.795858,165.379425,2784,11696,2.99892,0.653626,106.869036,2144,9552,2.994107,2.875403,0.853521,0.607622,0.994176
10,7010,2.996528,0.25759,8.986195,20,7150,3.006295,0.048141,10.442329,160,6990,3.005102,0.839308,0.486242,0.372453,0.730342
2,1480,3.006001,0,59.836805,180,1310,2.99902,0,2.231551,10,1300,3.021218,0,0.102816,0.068136,0.136561
6,4056,2.996254,0.002763,0.336373,6,4452,2.995015,0,47.403208,402,4050,2.998712,0.062496,0.281315,0.231395,0.421988
12,8008,2.994363,0.342105,1.044758,127,8063,2.99628,0.098091,32.122688,182,7881,2.99631,1.403193,0.550741,0.419427,0.820843
8,13737,2.993988,13.034692,232.231553,4218,13528,2.998252,1.0476,204.252687,4009,9519,3.005425,2.929796,0.950541,0.698903,0.994283
5,12294,3.003065,3.984832,149.530408,2799,12870,2.998404,1.008096,158.076709,3375,9495,2.998312,2.922091,0.849982,0.666169,0.989488
17,2166,3.001521,0,24.937876,114,2055,2.999181,0,0.098583,3,2052,3.001733,0,0.150335,0.106922,0.213873
6,2163,3.007112,0,4.649344,81,2085,3.003414,0,17.050782,3,2082,3.00774,0.000222,0.150026,0.108564,0.217435
16,2844,2.979653,0,2.325901,4,2992,3.007065,0,25.796663,152,2840,2.998328,0.004077,0.195915,0.1562,0.295668
8,14155,2.998395,14.167068,209.676138,4591,13851,2.996349,1.92291,202.530407,4287,9564,3.001166,2.934477,0.952578,0.720316,0.997739
17,7140,3.006402,0.281194,1.861827,19,7370,2.997504,0.05892,23.902602,249,7121,3.003505,1.144226,0.496903,0.383194,0.743464
14,10192,3.001387,1.627029,68.154771,748,9814,3.012667,0.231648,43.634869,370,9444,3.003642,2.871951,0.706503,0.512621,0.986125
19,3475,3.004981,0.001308,7.942431,15,3500,3.006187,0,12.124539,40,3460,2.992528,0.025592,0.241148,0.182271,0.359519
13,6183,2.999184,0.10409,0.234214,27,6741,2.995959,0.041648,55.772083,585,6156,2.993273,0.653469,0.428905,0.350623,0.640412
9,9152,2.997189,0.712651,14.790977,40,9256,2.994871,0.321444,21.67102,144,9112,3.002586,2.489913,0.63496,0.481293,0.950932
11,4991,3.003413,0.0252,11.425967,162,4893,2.992428,0.004907,6.513447,64,4829,2.996421,0.165806,0.346438,0.253615,0.503824
12,12580,2.996048,5.786549,150.629423,3051,12597,2.999654,0.755797,171.708188,3068,9529,2.999785,2.92875,0.869557,0.655926,0.993634
5,8928,2.995679,0.70445,6.509408,97,8976,3.007736,0.134668,29.483191,145,8831,2.999996,2.293275,0.618704,0.468639,0.921009
7,11584,3.000853,4.281452,138.680943,2028,12064,2.996454,0.774929,171.611678,2508,9556,3.004164,2.938903,0.801844,0.627618,0.997597
17,11543,2.997927,2.717596,101.820823,1999,12206,2.999114,1.062501,130.305099,2662,9544,3.002278,2.906197,0.799995,0.634023,0.995968
2,5536,3.00801,0.095298,11.926536,23,5824,2.998218,0.013006,19.749081,311,5513,2.988123,0.372816,0.385273,0.302728,0.572559
14,9814,3.001181,1.532318,47.254632,387,10514,2.998398,0.278821,103.278779,1087,9427,3.003258,2.768117,0.680658,0.546912,0.984223
10,7280,2.994566,0.325501,11.596926,240,7100,3.002487,0.036182,8.055763,60,7040,2.99906,1.030501,0.503958,0.369676,0.734201
9,6408,3.001987,0.174769,42.824631,81,6327,2.997864,0.040186,0.751016,0,6327,3.003244,0.662468,0.445295,0.329297,0.659775
12,9000,3.001154,0.63994,41.300996,695,8340,2.998344,0.114645,3.27166,35,8305,2.994357,1.895673,0.621919,0.434135,0.864412
13,9620,3.002256,1.056101,40.565446,626,9035,2.998458,0.239639,11.744131,41,8994,3.002173,2.545258,0.666621,0.469456,0.938575
1,3655,2.990418,0.002073,80.279218,260,3420,2.980623,0,0.526352,25,3395,2.996441,0.02181,0.253009,0.176621,0.354013
17,9243,2.995491,0.862643,11.882759,124,9516,3.003516,0.255778,23.275551,397,9119,3.010065,2.603318,0.639713,0.495055,0.954168
7,4356,2.994825,0.015719,22.703875,12,4380,2.998001,0,6.287123,36,4344,2.997939,0.106038,0.301945,0.22746,0.452533
8,5824,2.994705,0.073467,0.197021,24,6072,3.006294,0.015701,46.892848,272,5800,2.992159,0.39694,0.403741,0.316719,0.603032
14,3795,3.001664,0.000556,48.621219,315,3495,2.999377,0,3.734554,15,3480,2.988077,0.041424,0.263136,0.181514,0.36132
11,8008,3.000241,0.524338,27.329425,292,7788,3.003563,0.07223,14.594406,72,7716,3.003467,1.522439,0.556171,0.404997,0.805838
7,4837,3.001174,0.021315,0.114166,17,5068,2.99842,0.006807,39.726019,248,4820,2.992437,0.136855,0.335768,0.263462,0.501117
16,11872,3.002646,2.619563,126.257473,2325,11920,2.999992,0.686417,147.774237,2373,9547,2.998225,2.910012,0.824067,0.620192,0.994903
2,3116,2.991636,0,71.799709,207,2924,3.001376,0,1.308876,15,2909,3.010191,0.008986,0.215782,0.152178,0.304516
10,698,2.997772,0,0.019807,4,720,2.992242,0,61.043034,26,694,3.021496,0,0.048371,0.037308,0.072872
5,3765,3.002583,0.001724,43.02826,167,3625,3.007105,0,0.12024,27,3598,3.003226,0.053866,0.260953,0.188888,0.375598
18,12780,3.000567,6.775073,218.538475,3236,12942,2.999583,0.829151,153.228976,3398,9544,3.001101,2.876654,0.887668,0.672645,0.995698
19,12325,3.003442,4.187085,147.437364,2804,12002,3.002378,0.722575,161.672099,2481,9521,3.001108,2.900085,0.853519,0.624261,0.993249
17,12393,2.998025,3.486173,195.631949,2946,11084,3.002249,0.787019,96.56336,1637,9447,3.004504,2.852627,0.857743,0.577734,0.986663
18,13410,2.99776,8.706294,201.203995,3856,13212,2.998312,1.10471,205.705315,3658,9554,3.004582,2.93486,0.922977,0.687738,0.99764
3,2190,2.985557,0,77.100726,213,1992,3.007765,0,0.082824,15,1977,3.0084,0.000205,0.151152,0.103661,0.20658
17,6804,2.992245,0.13758,17.323572,303,6534,2.998831,0.026105,5.239576,33,6501,3.001744,0.648209,0.471027,0.340102,0.678881
18,12474,3.002131,4.204872,171.582127,2915,12780,2.999198,1.025256,173.323355,3221,9559,2.999596,2.919789,0.865099,0.660461,0.996567
11,8459,2.996134,0.479231,54.109935,462,8019,2.991435,0.131869,3.312178,22,7997,2.993534,1.725122,0.586197,0.416464,0.831594
8,5680,3.00021,0.069645,2.326563,26,6160,3.000542,0.013582,45.502464,506,5654,3.00006,0.418069,0.394205,0.320828,0.589869
16,7110,2.995798,0.27282,7.275111,10,7280,3.000225,0.087077,27.709214,180,7100,2.994163,1.072277,0.493058,0.378732,0.738385
12,8796,3.006736,0.588432,5.785342,91,9348,3.003391,0.222904,60.234144,643,8705,2.998412,2.169258,0.611481,0.486763,0.90745
12,8520,2.98867,0.479637,33.113242,433,8160,3.000121,0.181462,3.145598,73,8087,3.007076,1.813099,0.588195,0.424148,0.845319
8,5200,3.003083,0.049118,2.654288,27,5680,2.999723,0.004729,55.213453,507,5173,2.999382,0.232527,0.361074,0.295716,0.539411
12,4362,3.008367,0.018967,5.338115,0,4428,2.99709,0,8.167731,66,4362,2.995008,0.083935,0.303761,0.230235,0.453619
3,3720,3.001769,0.001286,52.204926,213,3535,2.986936,0,1.326077,28,3507,3.008133,0.024387,0.258486,0.182764,0.366873
3,2217,3.005371,0,39.551136,135,2091,3.007094,0,0.047835,9,2082,3.008411,0,0.154138,0.10908,0.217611
11,1408,2.998264,0,50.347435,80,1332,2.989338,0,0.002763,4,1328,2.985093,0,0.097368,0.069126,0.137807
8,5872,3.007548,0.088531,0.17738,16,6088,2.996362,0.009487,42.700997,232,5856,2.994916,0.433201,0.408696,0.316245,0.609546
12,9096,3.005255,0.760595,8.178319,230,8940,2.996154,0.170991,18.502411,74,8866,3.001581,2.118172,0.632344,0.464478,0.924987
7,2097,3.001463,0,0.097622,16,2367,2.999797,0,83.471449,286,2081,3.008892,0,0.145538,0.123273,0.217797
20,6372,3.00471,0.14056,0.438388,35,6588,2.99334,0.036838,62.498408,251,6337,3.002959,0.660394,0.44258,0.342147,0.661775
3,5808,3.006887,0.074431,5.710145,16,5920,2.993914,0.009105,17.064704,128,5792,2.993717,0.440521,0.403826,0.307537,0.602248
19,11577,3.001532,2.679348,111.778325,2043,12087,3.004138,1.037311,156.149477,2553,9534,3.007531,2.920277,0.801254,0.629925,0.996792
7,10052,2.998759,1.244746,52.504658,584,10150,3.001444,0.358807,41.566309,682,9468,2.995678,2.809774,0.697767,0.5289,0.985826
11,5888,2.996723,0.062764,23.106738,249,5688,3.000339,0.005213,1.84285,49,5639,3.004823,0.329193,0.407787,0.295064,0.588838
2,3595,3.005065,0.001622,12.177517,9,3660,3.003221,0,10.447706,74,3586,3.006191,0.021551,0.250074,0.190182,0.375024
10,7110,2.997567,0.256499,11.986234,51,7190,3.008741,0.064043,13.538356,131,7059,2.994572,1.050904,0.492381,0.37557,0.73442
19,3720,3.005593,0.002035,52.467647,10,3820,2.994026,0,1.554696,110,3710,2.997798,0.04596,0.258553,0.198529,0.38628
16,11200,2.997323,3.228144,76.747754,1657,11936,2.995429,0.501276,107.407612,2393,9543,2.997189,2.884096,0.776293,0.6202,0.994045
6,10944,2.996553,2.6933,122.841823,1433,11712,3.003184,0.850568,159.782602,2201,9511,3.003548,2.928762,0.757838,0.610318,0.992739
13,11792,2.999783,2.267452,105.447977,2237,11984,2.999957,0.605936,166.014972,2429,9555,3.001058,2.926386,0.818086,0.621052,0.99656
19,7350,3.004106,0.27405,0.970014,30,7770,3.004295,0.0498,50.759153,450,7320,2.995117,1.123905,0.511115,0.405282,0.762022
12,8580,3.001678,0.509897,15.182447,49,8652,2.995833,0.155343,15.109478,121,8531,3.00368,2.040751,0.595705,0.449565,0.890809
19,713,2.978157,0,19.981896,2,719,2.984927,0,1.846698,8,711,3.009938,0,0.049097,0.037155,0.074308
8,5624,2.996264,0.075094,2.240026,16,6072,2.989674,0.02709,31.805047,464,5608,2.989472,0.341259,0.389461,0.314888,0.582122
2,1406,3.003169,0,0.002827,5,1464,2.997399,0,41.932818,63,1401,3.011465,0,0.097728,0.076129,0.14672
9,11152,3.003073,2.941385,107.128637,1672,11216,3.007336,0.680487,113.876534,1736,9480,2.997153,2.874347,0.77194,0.584055,0.987592
13,11951,2.990367,2.943008,145.875318,2370,12274,2.996362,0.722422,144.900462,2693,9581,2.995249,2.925193,0.827276,0.637274,0.997508
18,12888,2.996328,4.486151,201.560977,3329,13572,2.995326,1.103509,209.45878,4013,9559,3.00246,2.914796,0.893746,0.704839,0.997414
14,9632,3.001743,1.185311,20.175443,289,9744,2.992946,0.350766,83.406887,401,9343,2.995793,2.789845,0.669277,0.506307,0.972905
20,12614,2.995956,4.534941,181.319206,3043,12342,3.008776,0.99557,160.954942,2771,9571,2.996954,2.897556,0.873926,0.644316,0.997059
4,8580,2.993608,0.650276,16.105983,138,8616,2.997612,0.17646,20.321322,174,8442,3.000377,2.11645,0.591663,0.447848,0.880762
4,8019,3.007675,0.396434,13.303385,62,8613,2.991302,0.095654,34.84459,656,7957,2.992954,1.384657,0.557097,0.447055,0.827771
6,4680,3.007894,0.012314,23.115837,270,4428,2.9985,0.000299,4.820477,18,4410,2.998746,0.146687,0.325825,0.230021,0.459183
13,2154,3.004285,0,0.040705,6,2298,3.005291,0,33.089285,150,2148,3.001598,0.001033,0.149698,0.119906,0.22411
15,8712,3.005482,0.771756,54.767901,375,8496,3.000687,0.171739,3.611682,159,8337,2.99641,1.957546,0.605359,0.442337,0.868376
18,12780,2.999454,4.402525,183.328405,3255,12834,2.997716,1.402015,196.572637,3309,9525,3.000605,2.894193,0.887131,0.667439,0.993515
15,10965,3.004115,1.709953,87.396106,1490,11685,3.002472,0.52699,133.373682,2210,9475,2.996434,2.881125,0.753444,0.608585,0.986774
9,6651,2.996672,0.182824,5.719349,0,7020,3.000579,0.031428,35.723488,369,6651,3.000423,0.830669,0.461363,0.365696,0.69291
8,6255,3.002283,0.110366,16.677195,15,6705,2.994251,0.026855,19.013791,465,6240,3.006086,0.519377,0.434392,0.347556,0.651845
4,2788,2.991162,0,5.63066,56,2740,2.999692,0,8.338272,8,2732,2.997312,0.004822,0.192388,0.14237,0.284328
18,13122,3.002483,7.586366,186.313087,3580,12798,3.006498,0.963821,192.345595,3256,9542,3.002845,2.915081,0.906531,0.66704,0.995937
17,729,2.979277,0,0.710419,1,759,2.999017,0,64.97961,31,728,2.966219,0,0.050275,0.039467,0.075041
10,6750,3.000794,0.167973,0.308718,20,7000,2.996093,0.053799,24.612808,270,6730,2.997133,0.717993,0.468381,0.363801,0.70053
20,14600,3.000075,27.792141,236.957573,5042,13840,2.997718,1.473094,227.239323,4282,9558,3.002725,2.922184,0.981029,0.719302,0.997678
14,6000,2.99901,0.078676,110.881853,880,5144,2.999503,0.011449,0.55594,24,5120,2.994883,0.246524,0.416183,0.267062,0.532672
17,10864,2.998588,2.50211,92.386103,1293,11584,2.996994,0.553509,114.090773,2013,9571,2.990705,2.897162,0.750382,0.601958,0.995043
12,8412,3.002702,0.376636,6.592669,12,8724,2.99714,0.182016,13.310679,324,8400,2.999309,1.733842,0.584297,0.453416,0.874799
3,745,3.004424,0,62.679303,34,715,3.007162,0,0.009189,4,711,3.013582,0,0.051645,0.037328,0.074578
2,12818,2.996215,12.305624,173.790007,3312,12410,2.998452,1.075061,168.320648,2904,9506,2.995719,2.828588,0.886378,0.645614,0.989787
6,4470,3.001546,0.006977,8.623792,42,4434,3.002309,0.003644,17.160828,6,4428,3.006318,0.118819,0.310174,0.230908,0.462221
4,2824,2.989815,0,10.921559,112,2724,3.016615,0,13.970575,12,2712,3.010912,0.004808,0.195445,0.142691,0.283703
13,9347,2.999297,0.785095,9.415949,242,9282,3.005465,0.150517,33.767557,177,9105,3.001915,2.459983,0.648945,0.483574,0.95007
6,14896,2.99558,48.095298,235.808858,5349,13946,3.002126,1.87255,239.955736,4399,9547,3.006747,2.937858,0.996861,0.726782,0.997678
18,12546,2.999076,4.323178,145.743758,3004,13284,2.996825,1.144669,220.284906,3742,9542,2.997681,2.920739,0.858803,0.691151,0.994392
16,5688,2.991101,0.11465,19.597005,0,5824,3.000235,0.024155,10.57504,136,5688,2.997969,0.491508,0.393828,0.303035,0.592099
1,4392,3.010076,0.006292,89.125503,288,4134,3.000691,0.00001,0.131678,30,4104,2.997867,0.057216,0.305646,0.215186,0.427563
14,9562,2.995826,1.129349,22.202059,23,10360,3.004242,0.366367,64.347862,821,9539,2.999672,2.86988,0.663104,0.540217,0.994838
19,8931,3.005082,0.675078,15.988332,134,8996,2.994045,0.2165,6.446084,199,8797,3.005541,2.232604,0.620101,0.466619,0.919443
4,2920,3.009486,0,34.333518,112,2812,3.003519,0,0.12607,4,2808,3.006843,0.007826,0.202925,0.146544,0.293167
4,2796,3.002733,0,2.362791,0,2892,3.002604,0,23.079105,96,2796,2.999934,0.002681,0.194344,0.150756,0.291244
18,12600,2.999405,3.645188,174.565338,3039,12654,2.999431,0.953909,188.132295,3093,9561,3.001675,2.926332,0.869197,0.658255,0.997569
14,10304,2.999549,1.340156,89.240114,1063,9562,2.99184,0.249765,11.779171,321,9241,2.99927,2.65154,0.714236,0.495995,0.963666
3,6210,3.003856,0.154088,0.292874,26,6795,3.005397,0.062556,82.101267,611,6184,2.999245,0.64491,0.431804,0.353952,0.645143
15,11760,3.001653,2.514893,152.906755,2243,11936,3.003337,1.25192,145.120868,2419,9517,3.002427,2.884352,0.816608,0.622112,0.993386
13,9360,3.006228,1.021854,12.405537,472,10439,3.008118,0.312678,134.586569,1551,8888,3.005698,2.524,0.646504,0.54519,0.928716
14,9926,3.002885,1.460882,32.77653,545,9940,3.005724,0.362457,56.726496,559,9381,2.999114,2.794576,0.689609,0.517194,0.977899
3,2187,3.018568,0,62.383008,131,2061,2.989025,0,0.083804,5,2056,2.995397,0,0.15251,0.106949,0.214072
13,9178,3.002134,0.780207,6.013327,158,9711,2.999408,0.210858,42.92516,691,9020,3.002389,2.307639,0.635491,0.505161,0.941208
8,6064,3.006742,0.122122,38.701788,352,5720,3.002784,0.025647,4.696087,8,5712,2.997371,0.620124,0.421971,0.29783,0.594479
13,11280,3.003292,2.124858,83.696076,1868,10980,3.002042,0.387746,113.277532,1568,9412,3.005029,2.820851,0.784193,0.57213,0.982841
11,7997,2.998531,0.386712,9.414739,43,8316,3.006293,0.136207,10.531767,362,7954,2.997404,1.488936,0.554966,0.433162,0.828981
14,9828,2.998066,1.242879,34.847198,413,10360,2.997838,0.293569,97.11719,945,9415,2.995768,2.809617,0.680126,0.537037,0.980567
17,8616,3.005386,0.731107,10.812256,80,8592,3.003653,0.109822,24.811635,56,8536,2.995953,2.236087,0.597294,0.44746,0.888942
2,1518,3.009736,0,0.045231,4,1540,2.98682,0,31.112813,26,1514,3.008353,0,0.105633,0.079787,0.158147
20,11200,3.000205,1.955281,107.715501,1688,11584,3.006213,0.66617,153.342166,2072,9512,2.998844,2.887853,0.775771,0.604221,0.991628
16,13414,2.999534,12.93594,178.816544,3870,14231,3.001336,1.563424,208.644648,4687,9544,2.999748,2.909293,0.903394,0.74084,0.995097
16,11648,3.003839,3.009888,139.081963,2088,11264,3.002386,0.606933,130.976124,1704,9560,3.00061,2.928562,0.809897,0.587089,0.997026
3,2118,3.000846,0,72.79075,159,1965,3.011987,0,0.11649,6,1959,2.992056,0.004072,0.147125,0.102715,0.203595
4,2884,2.994862,0.00057,13.68985,52,2852,2.990295,0,1.464671,20,2832,3.001244,0.001514,0.199898,0.148057,0.295405
5,3670,3.008522,0.003411,57.309682,155,3525,2.994682,0,0.130792,10,3515,3.000437,0.024859,0.255176,0.183288,0.366748
6,4470,2.99469,0.00584,0.115395,29,4686,3.002777,0.00039,25.354482,245,4441,3.003592,0.077062,0.309088,0.244143,0.463759
8,9590,2.999704,1.343731,36.441445,88,10514,2.999186,0.429164,91.000577,1012,9502,3.002077,2.879871,0.663027,0.546905,0.991636
3,2244,2.999124,0,27.82137,75,2181,2.998826,0,2.557143,12,2169,2.994135,0,0.155371,0.113369,0.225799
2,1482,2.983185,0,35.594574,47,1438,2.986576,0,0.014551,3,1435,3.003631,0,0.102265,0.074561,0.149895
2,9854,3.000604,1.030621,38.414771,934,8970,3.004093,0.18019,8.835396,50,8920,3.004265,2.404493,0.683275,0.467666,0.931573
15,10470,2.997049,1.810444,73.109296,939,10620,2.997882,0.411469,64.210243,1089,9531,3.001147,2.895982,0.725401,0.552188,0.99434
18,12690,2.996722,6.202297,155.34661,3215,12924,3.000369,1.346129,185.883659,3449,9475,3.00397,2.895548,0.87589,0.672373,0.989373
4,2956,3.004041,0,46.45446,165,2800,2.995006,0,0.184302,9,2791,2.999825,0.006204,0.205374,0.145593,0.29112
13,10245,3.006708,1.27299,52.922793,862,10905,2.997737,0.516486,132.146405,1522,9383,3.004367,2.75652,0.71126,0.567291,0.979895
8,10640,2.997643,1.170982,108.230299,1434,9450,2.999728,0.318403,19.407287,244,9206,2.995689,2.685216,0.73527,0.488651,0.958823
1,728,3.004933,0,2.455574,5,748,2.999144,0,10.140492,25,723,2.974122,0,0.05053,0.038865,0.074747
15,11685,3.00074,3.542515,126.034627,2174,11310,2.999454,0.572786,103.41834,1799,9511,3.001403,2.907433,0.806266,0.58787,0.992354
3,9347,2.998629,1.008113,30.565605,301,9204,2.997376,0.187126,8.712892,158,9046,3.002029,2.338617,0.648229,0.478922,0.943908
17,11917,2.99577,3.415545,150.460664,2366,12070,2.99973,0.931631,126.921991,2519,9551,3.004756,2.91816,0.826412,0.626704,0.997714
10,7550,2.997998,0.286396,15.434898,69,7510,2.996839,0.045226,1.843487,29,7481,3.000602,1.217878,0.523956,0.390628,0.780129
14,13604,3.006254,8.180159,219.968458,4029,13414,3.005924,0.996856,208.49409,3839,9575,2.99739,2.921656,0.946464,0.69931,0.997621
2,2121,3.003275,0,2.269941,19,2220,2.98681,0,24.059724,118,2102,3.021573,0,0.147462,0.114849,0.221191
19,13509,2.998961,13.762017,206.901192,3934,14212,2.997279,1.904661,216.082097,4637,9575,2.998409,2.927009,0.937838,0.735318,0.997668
4,12019,3.001948,4.652096,176.687487,2552,12121,3.006013,0.691734,139.898057,2654,9467,3.003808,2.908414,0.835163,0.632568,0.988643
2,1388,3.011283,0,3.39656,12,1432,2.998544,0,11.015303,56,1376,2.97421,0,0.096278,0.074522,0.142297
20,1488,2.997243,0,40.903398,61,1436,2.99561,0,0.028885,9,1427,3.013131,0,0.103046,0.074518,0.149531
16,11520,3.002942,2.951266,122.902526,1946,11072,2.996398,0.449585,84.913885,1498,9574,2.997792,2.927058,0.798749,0.575174,0.997613
15,11490,3.007325,2.080612,135.386288,2002,11340,2.997182,0.634717,85.088319,1852,9488,3.000069,2.840923,0.798099,0.587862,0.98948
16,2708,2.989259,0,0.032874,20,2856,3.001328,0,54.768077,168,2688,3.015391,0.003161,0.187072,0.148699,0.28223
3,12359,2.997426,5.271252,140.401116,2841,12019,3.006163,0.821566,125.774688,2501,9518,2.998004,2.921085,0.85667,0.626858,0.991865
10,3590,3.003953,0.000366,16.604304,38,3565,3.004281,0,1.329113,13,3552,2.999375,0.010469,0.249364,0.185829,0.370646
6,9758,3.006484,1.224945,38.038877,511,9842,2.997015,0.339281,60.552365,595,9247,2.99652,2.650808,0.679104,0.512094,0.963167
16,11760,3.004864,4.624643,114.328306,2225,11824,2.999342,0.88933,130.813222,2289,9535,2.99923,2.887903,0.816362,0.615698,0.993928
5,2265,2.992069,0,26.081331,171,2097,2.992031,0,1.864556,3,2094,2.98291,0,0.156736,0.108937,0.216913
9,3560,2.996541,0.000915,7.320879,3,3605,2.99595,0,8.960629,48,3557,2.998194,0.027778,0.246937,0.186916,0.370609
19,13186,2.994636,10.865405,174.239827,3650,13908,3.002205,1.258359,205.942041,4372,9536,2.999433,2.916473,0.914057,0.723295,0.99428
2,8304,3.001239,0.472701,3.143967,95,8628,3.00788,0.248289,65.449679,419,8209,3.001196,1.788337,0.575109,0.448866,0.856352
7,5208,2.994531,0.047113,11.232955,200,5019,3.009623,0.00831,10.977036,11,5008,2.997622,0.233814,0.360045,0.261881,0.521584
13,9464,2.997015,0.894809,16.312021,271,9217,3.001321,0.184288,9.744772,24,9193,2.996452,2.387177,0.654898,0.479721,0.957424
9,6822,2.991522,0.152741,19.621627,48,6804,2.997646,0.027263,3.558698,30,6774,2.998929,0.883009,0.471565,0.353648,0.705709
11,7986,2.995897,0.40046,22.040479,304,7700,3.00469,0.074855,3.89775,18,7682,2.996197,1.375404,0.553825,0.401341,0.799818
16,11504,3.002003,2.595236,145.413019,1963,12928,3.008241,0.703619,157.105896,3387,9541,2.996911,2.918276,0.796182,0.673323,0.993956
19,14079,3.001414,10.810511,197.142886,4512,14383,2.998133,1.44279,243.808537,4816,9567,2.998677,2.913623,0.951377,0.745728,0.997063
13,9555,3.006058,0.819604,19.26356,110,9529,2.994148,0.235943,21.485266,84,9445,2.998034,2.735676,0.664832,0.494876,0.984121
1,12699,2.994036,5.916547,175.567699,3176,11985,2.994512,0.685766,150.065606,2462,9523,3.004421,2.895646,0.87314,0.620467,0.994455
9,9152,3.005246,1.057541,16.063035,470,8827,2.996745,0.155725,27.15316,145,8682,2.999822,2.283098,0.63665,0.457554,0.905581
14,10332,3.002214,1.085244,49.386823,968,10122,2.999601,0.340134,68.146502,758,9364,2.997356,2.693112,0.712709,0.52655,0.975598
3,2025,2.992345,0,1.142813,7,2349,3.008952,0,55.746657,331,2018,3.012069,0.000092,0.139929,0.122585,0.211144
10,7480,2.995796,0.302027,28.218982,96,7410,2.995274,0.048945,1.343564,26,7384,3.005101,1.052596,0.518152,0.385046,0.771006
8,2736,2.983527,0,0.073705,18,2800,3.003844,0,36.874315,82,2718,2.991501,0.003707,0.188967,0.145908,0.28265
13,10075,2.999258,1.078919,52.578106,559,9646,2.996272,0.233511,32.561191,130,9516,3.005885,2.89618,0.698929,0.501284,0.994186
14,9772,3.010006,1.326036,26.674344,268,9842,3.000851,0.27203,25.975284,338,9504,3.000126,2.828503,0.680875,0.512468,0.991111
7,5075,3.007714,0.057308,4.694243,28,5166,3.000998,0.00296,26.101438,119,5047,2.989989,0.328744,0.352751,0.268641,0.524373
14,10108,2.996691,1.408071,48.029225,530,10738,3.000454,0.415422,69.144917,1160,9578,2.99615,2.905798,0.700919,0.559355,0.997478
7,10318,3.002732,1.329531,34.023406,808,10332,3.004436,0.346245,31.60965,822,9510,2.997847,2.855016,0.712329,0.537624,0.990735
8,4900,2.996017,0.048041,2.038892,8,5040,3.00406,0.008366,24.160102,148,4892,2.997511,0.266562,0.339838,0.262486,0.509404
14,10402,3.001657,1.519024,55.876818,844,10080,3.000103,0.479251,33.969046,522,9558,2.994829,2.845538,0.720725,0.524408,0.995046
17,12461,3.000639,5.787893,162.424446,3012,11475,2.999193,0.686052,132.250753,2026,9449,2.999667,2.821544,0.861424,0.596709,0.985112
6,4698,2.996794,0.014664,50.098301,378,4332,2.980804,0,1.49052,12,4320,3.002149,0.055455,0.325151,0.224084,0.450696
13,10556,3.000392,1.62285,69.194082,1012,10444,2.997452,0.384902,74.328772,900,9544,3.003098,2.881992,0.72978,0.542181,0.996151
6,5355,2.996675,0.031223,17.371261,168,5222,2.999773,0.00745,3.124335,35,5187,3.000893,0.175539,0.370883,0.271973,0.54126
7,4991,2.995373,0.018527,14.662001,53,4963,3.005688,0.000262,8.263019,25,4938,3.00415,0.206281,0.345845,0.258932,0.516327
16,8664,3.000615,0.541711,57.398233,364,8376,2.999271,0.185079,3.009703,76,8300,3.000927,1.87568,0.601699,0.435304,0.865977
14,741,2.989887,0,16.863986,23,722,2.987637,0,1.268892,4,718,3.015153,0,0.051285,0.037414,0.07524
6,4212,2.998363,0.011794,10.919381,24,4494,2.992912,0,24.858252,306,4188,3.00152,0.058161,0.291761,0.233072,0.437081
11,7610,2.995294,0.311397,4.765873,160,7460,3.002341,0.070464,22.869279,10,7450,2.999051,1.329779,0.526901,0.388777,0.775803
10,6890,3.004644,0.191026,7.730313,10,7010,3.00078,0.053167,8.447955,130,6880,2.999286,0.901816,0.479228,0.363907,0.716722
17,1454,2.995473,0,1.992985,4,1494,3.010947,0,16.286037,44,1450,3.012282,0,0.100707,0.078058,0.151801
6,4206,2.996729,0.002378,0.075759,24,4566,3.003903,0,106.279887,384,4182,2.994647,0.063693,0.29127,0.237579,0.435375
10,7510,2.999472,0.297802,9.757384,69,7760,3.006175,0.125458,8.222026,319,7441,2.993641,1.033458,0.518559,0.404494,0.774077
11,7722,2.99456,0.353516,0.914208,94,8162,3.002044,0.092299,46.817242,534,7628,3.004512,1.383862,0.534827,0.425394,0.796684
4,13104,3.000341,9.052822,162.994564,3552,12636,2.993104,1.102411,164.547182,3084,9552,3.003365,2.911072,0.908362,0.655166,0.997224
17,12648,2.991925,3.896143,145.101724,3120,11458,2.997506,0.674102,130.258368,1930,9528,3.00266,2.89737,0.860502,0.595435,0.994297
12,8208,3.001985,0.596672,3.153193,52,8904,2.993983,0.13488,45.552785,748,8156,3.00145,1.81214,0.569245,0.462422,0.851058
19,13680,2.997228,21.216887,220.835452,4142,14383,2.992411,1.62306,233.911869,4845,9538,3.006284,2.904654,0.941719,0.746636,0.996738
19,5832,2.994864,0.093372,0.252277,8,5992,3.004965,0.007452,52.161092,168,5824,3.000761,0.499865,0.40431,0.312277,0.606861
4,9204,3.002429,0.725455,13.253766,142,9412,3.002446,0.261136,67.860261,350,9062,3.000925,2.552808,0.639684,0.489888,0.945419
17,4928,2.997066,0.031706,25.739739,157,4802,2.996522,0.000854,1.355858,31,4771,2.999662,0.154143,0.341178,0.249405,0.49782
12,1368,2.99552,0,0.008568,4,1492,2.990101,0,43.724062,128,1364,2.99317,0,0.09473,0.07736,0.141771
17,12665,3.00765,4.383369,185.165389,3089,12393,3.003252,1.077664,170.845604,2817,9576,2.997422,2.931029,0.87867,0.643547,0.997645
6,4386,2.999425,0.005709,31.791723,173,4218,3.010923,0.002344,0.987397,5,4213,3.008412,0.105918,0.304335,0.220487,0.440529
18,12654,3.003366,3.956395,158.587052,3158,13554,3.004091,1.531976,200.406665,4058,9496,2.994819,2.886563,0.877857,0.7069,0.988409
6,4602,3.007186,0.008748,15.833328,93,4524,3.001368,0.005093,1.330346,15,4509,2.995425,0.14942,0.32019,0.23567,0.469453
17,12342,2.995979,3.344327,160.003412,2817,13175,2.996872,1.068863,186.279132,3650,9525,2.999257,2.910125,0.854956,0.684736,0.993088
12,8592,2.994908,0.577291,3.144363,48,8796,2.994362,0.1381,37.992379,252,8544,2.998454,1.989021,0.594939,0.455869,0.890679
5,6408,2.999177,0.217789,1.043573,0,6651,2.998407,0.044516,24.175695,243,6408,3.009058,0.747374,0.444878,0.346076,0.669516
6,4302,3.009312,0.011019,23.774867,102,4212,2.998394,0.000106,2.225768,12,4200,2.996761,0.084682,0.299673,0.219063,0.437423
11,4422,2.996619,0.011649,18.587766,280,4164,3.000703,0.000035,4.185371,22,4142,3.007356,0.074485,0.306073,0.216797,0.433512
18,12798,2.997019,5.091489,171.109316,3268,13140,3.002306,0.979986,218.269624,3610,9530,2.997074,2.882935,0.885547,0.684298,0.992856
6,4296,2.994201,0.020141,2.57087,12,4434,3.005346,0,21.49234,150,4284,2.989978,0.114085,0.297757,0.230957,0.445242
9,8096,2.995975,0.315227,20.092395,33,8404,3.003512,0.145463,11.962443,341,8063,3.007647,1.743493,0.560723,0.438221,0.842482
14,9534,3.001485,1.078293,24.221545,259,10304,3.000925,0.282583,70.689233,1029,9275,2.989728,2.698755,0.6599,0.536858,0.964028
8,5432,3.009491,0.049566,0.347562,26,5768,3.000631,0.00623,43.566517,362,5406,3.008894,0.306415,0.37783,0.299715,0.565019
17,6048,2.997057,0.075314,77.234291,631,5456,2.99719,0.008084,0.228678,39,5417,2.995428,0.357518,0.418459,0.283255,0.563925
9,6399,2.997496,0.11603,1.689311,36,6723,3.005129,0.035745,23.571965,360,6363,3.011219,0.52044,0.443499,0.35024,0.666033
19,13984,2.995362,15.431717,190.228692,4406,12920,3.002373,1.232269,172.078722,3342,9578,2.996645,2.920294,0.955392,0.67283,0.997687
8,5768,3.005925,0.069959,0.162359,47,5928,2.995285,0.006771,36.956579,207,5721,2.987654,0.358198,0.399257,0.307621,0.593975
5,3605,3.00621,0.003449,13.022076,20,3645,3.001186,0,6.878386,60,3585,2.995576,0.046735,0.250547,0.189691,0.372917
16,10944,2.998494,2.611896,82.971796,1431,11888,3.001372,0.696022,124.454956,2375,9513,3.000242,2.835752,0.758462,0.618569,0.99219
17,12206,3.00191,4.189952,149.017814,2727,12512,2.996036,0.904686,158.766463,3033,9479,2.998339,2.907982,0.844142,0.650071,0.988022
6,4464,2.991691,0.019616,3.93768,50,4452,3.006945,0,12.738941,38,4414,3.008599,0.108466,0.308701,0.232057,0.462161
5,3795,3.00071,0.004321,26.891859,181,3640,2.991426,0,0.073268,26,3614,2.995465,0.024894,0.26345,0.189051,0.376975
11,9607,3.001412,0.828066,59.733268,452,9217,2.999349,0.239842,6.27355,62,9155,3.000917,2.436291,0.667467,0.479296,0.955168
20,4970,3.01276,0.024136,15.249818,108,4907,3.000886,0.003864,7.096743,45,4862,2.999118,0.136201,0.345727,0.255264,0.507349
5,3615,2.998158,0.001947,2.310265,5,3695,3.001009,0,13.398866,85,3610,3.007523,0.034931,0.250588,0.19249,0.376985
5,3590,2.992515,0.002928,9.527355,26,3680,3.003453,0,16.067507,116,3564,2.99451,0.01209,0.248331,0.191478,0.371314
2,4302,2.99806,0.001522,7.418653,16,4476,2.997033,0.00005,11.540843,190,4286,2.996467,0.06899,0.29831,0.232688,0.446561
16,2940,2.995401,0,0.029428,12,3040,3.011663,0,41.500855,112,2928,3.02373,0.001025,0.203549,0.158606,0.307525
9,6363,3.002652,0.1805,1.018449,27,6696,2.997808,0.042606,22.666206,360,6336,2.998825,0.827354,0.441263,0.348313,0.660242
6,2148,2.99377,0,10.774952,6,2163,3.004209,0,7.118465,21,2142,3.018999,0,0.148762,0.112516,0.224577
8,5976,2.996022,0.144423,0.249824,15,6957,3.001461,0.031028,133.023677,996,5961,3.00151,0.638497,0.41445,0.362063,0.622241
6,4440,2.993576,0.039462,0.283062,0,4494,2.994911,0.000154,27.936335,54,4440,3.007969,0.191054,0.307673,0.233323,0.463729
18,6525,2.99233,0.111885,1.572976,153,6408,2.999,0.031349,12.901421,36,6372,2.994935,0.540726,0.451319,0.333577,0.662872
15,11310,3.001131,2.75265,129.778768,1773,10710,3.003614,0.488847,70.369669,1173,9537,2.994056,2.882226,0.779447,0.557479,0.992651
10,719,2.984454,0,1.458047,2,742,2.992917,0,46.391596,25,717,3.00092,0,0.04957,0.038548,0.07471
1,11808,2.999289,3.856838,146.647897,2245,10704,2.998077,0.404342,74.752308,1141,9563,2.996407,2.927146,0.813585,0.555699,0.99612
5,3640,3.001434,0.003969,31.99309,195,3460,3.008452,0,0.169743,15,3445,2.99434,0.017664,0.252237,0.180371,0.358374
10,2956,2.993324,0,76.94336,196,2772,3.009346,0,0.045518,12,2760,2.998206,0.007921,0.204319,0.144421,0.287328
11,7300,3.013875,0.208976,33.727216,320,7050,2.988673,0.039093,1.466918,70,6980,3.000398,1.104222,0.508474,0.365681,0.728322
6,4302,3.007729,0.006517,0.081592,18,4650,3.000699,0.000252,44.641669,366,4284,3.004997,0.070085,0.299101,0.241964,0.44709
6,7667,2.991891,0.370218,1.881076,33,7744,2.992495,0.077186,20.403352,110,7634,2.99011,1.329831,0.530549,0.401986,0.793437
13,14174,3.003471,15.469663,211.844202,4617,13148,2.992618,1.205542,185.527668,3591,9557,2.998794,2.927092,0.972885,0.68144,0.995982
9,6408,2.990199,0.136958,6.433962,86,6336,3.006497,0.012311,2.630096,14,6322,2.999492,0.402521,0.442843,0.330296,0.658968
5,3545,2.998609,0,6.103544,5,3560,3.008628,0,20.561001,20,3540,2.989926,0.01721,0.245817,0.185534,0.367512
16,12427,3.00812,3.153438,157.791569,2847,12291,2.998127,0.64517,179.235789,2711,9580,2.995139,2.918333,0.859306,0.639397,0.997362
1,738,2.988723,0,0.016118,3,768,3.003999,0,49.246106,33,735,3.008383,0,0.051043,0.040053,0.076931
16,13642,3.006611,8.642775,211.559544,4126,13680,3.002259,1.798229,196.386333,4164,9516,3.000468,2.928369,0.935583,0.713054,0.992485
3,6804,3.000967,0.172595,76.135907,624,6201,3.000025,0.025671,0.443459,21,6180,2.994809,0.622258,0.472199,0.322854,0.643529
2,12461,3.003215,4.972567,162.501148,2954,13158,3.004637,1.107041,210.273526,3651,9507,2.996141,2.886135,0.863168,0.686385,0.990135
10,11536,3.005234,2.947959,129.058611,1957,11984,3.005713,0.600483,139.690334,2405,9579,2.996177,2.920647,0.801589,0.624945,0.997686
7,9926,2.992433,1.39361,77.915919,635,9912,3.006838,0.299339,36.140528,621,9291,2.995727,2.793724,0.687567,0.516118,0.967343
19,14345,3.0012,20.492758,221.213439,4798,13756,3.000508,1.914699,194.015706,4209,9547,3.002322,2.929458,0.973599,0.713977,0.996228
19,13528,3.002723,9.31098,212.129304,3982,13547,2.993625,1.16887,193.405068,4001,9546,3.004667,2.92075,0.929835,0.698477,0.997115
14,10220,2.992828,1.258877,48.278112,821,10024,2.997984,0.260152,59.199793,625,9399,3.004715,2.779193,0.70806,0.521732,0.981766
15,10305,3.000291,1.552457,41.890043,801,10215,3.009019,0.356482,69.948853,711,9504,3.003643,2.913475,0.713235,0.533631,0.992109
3,2232,3.003197,0,2.045002,36,2199,2.99004,0,23.666436,3,2196,2.990794,0.000559,0.155165,0.114151,0.228361
13,1412,2.989842,0,5.547457,6,1520,2.990978,0,40.939993,114,1406,2.994179,0,0.097583,0.078918,0.146311
18,7380,2.994474,0.403099,48.615158,37,7480,2.993532,0.072969,3.06459,137,7343,3.003356,1.091583,0.511477,0.388277,0.766749
7,2832,3.005675,0,15.319055,180,2660,3.000376,0,6.597186,8,2652,2.989547,0.003808,0.196585,0.13857,0.275395
9,6588,3.003037,0.122126,8.146256,81,6543,3.004132,0.039479,2.347631,36,6507,2.995627,0.651435,0.4574,0.340849,0.676972
13,11328,3.002766,2.106686,107.356239,1823,11600,3.003457,0.7557,130.754502,2095,9505,2.996532,2.888667,0.787129,0.60335,0.990038
15,11070,3.001101,2.035965,96.719524,1519,10515,3.001279,0.421899,51.856908,964,9551,2.996692,2.899787,0.767052,0.546452,0.994557
15,11205,3.000376,1.868778,110.23183,1680,10140,2.999787,0.435266,60.98607,615,9525,3.007927,2.922477,0.775432,0.526088,0.995767
18,5416,2.995602,0.077527,0.268502,8,5936,3.001359,0.006811,76.926597,528,5408,2.993305,0.413654,0.37556,0.309157,0.562469
10,10388,3.000332,1.578676,35.181145,1009,10192,3.009276,0.367654,57.404858,813,9379,3.005188,2.777768,0.71651,0.532475,0.979817
4,10360,2.996997,1.157785,83.380896,943,9506,3.003109,0.204437,10.229258,89,9417,2.997853,2.774055,0.717467,0.495243,0.981169
13,3725,3.004758,0.00175,50.363536,270,3475,3.018274,0,0.181688,20,3455,2.988554,0.018869,0.258976,0.182092,0.359837
17,12331,2.990327,4.591129,157.467524,2747,14497,2.996619,1.497685,208.507815,4913,9584,2.994288,2.930751,0.851848,0.752508,0.997673
12,8808,3.003969,0.675579,13.657614,181,8700,2.994024,0.181862,9.479433,73,8627,2.99823,2.089,0.611952,0.451748,0.899066
20,1504,2.989499,0,3.151856,13,1498,3.008179,0,9.739134,7,1491,2.989521,0,0.103892,0.078195,0.155145
3,14220,2.999726,10.018246,221.53914,4642,13920,2.997618,1.497901,215.877575,4342,9578,2.995188,2.91942,0.973112,0.723659,0.997499
9,2800,3.002249,0,16.241741,49,2772,3.003893,0,0.973889,21,2751,2.999798,0.002665,0.194467,0.144194,0.286964
3,2205,2.99113,0,13.73221,12,2262,3.004722,0,7.404013,69,2193,2.973301,0.001291,0.15248,0.117998,0.226885
16,7270,3.003597,0.200502,47.645536,250,7050,3.00388,0.049286,0.562444,30,7020,2.999773,1.031128,0.505011,0.366974,0.73171
3,4326,2.994686,0.014224,5.868459,35,4332,2.998077,0.00176,12.175127,41,4291,3.000323,0.138761,0.299604,0.224953,0.448149
4,7744,2.999687,0.428757,2.395274,63,8404,3.00075,0.114674,69.974982,723,7681,3.001089,1.463046,0.537084,0.437064,0.801734
6,5439,3.010361,0.048727,8.541487,217,5236,3.002729,0.003064,15.972779,14,5222,2.999684,0.24908,0.378178,0.272956,0.544832
2,5327,3.003466,0.044421,37.963667,520,4865,3.000852,0.001462,4.752867,58,4807,3.001038,0.179233,0.370249,0.25281,0.501883
14,9520,2.991306,1.102458,29.786785,295,9394,3.000154,0.330345,30.906285,169,9225,3.003389,2.693567,0.658519,0.489326,0.962941
3,2232,3.001656,0,20.648006,123,2112,2.990724,0,2.751278,3,2109,3.000643,0.000406,0.155086,0.10966,0.219868
2,11216,2.999946,1.930298,111.558727,1676,10880,3.000953,0.552451,102.175067,1340,9540,3.002736,2.913178,0.778847,0.56639,0.995738
16,10736,2.999286,2.181042,83.075846,1338,11760,2.994851,0.562916,150.013874,2362,9398,3.000076,2.833461,0.744794,0.610866,0.980067
18,12294,3.001483,2.993442,156.344507,2743,12816,2.999812,1.231722,190.294969,3265,9551,2.996614,2.891005,0.84473,0.665846,0.994657
4,2696,3.005488,0.000064,0.107698,8,2956,2.993253,0,74.7109,268,2688,2.992024,0.011022,0.187472,0.153485,0.279368
3,8470,3.000103,0.444723,58.116948,589,7920,2.998699,0.117016,1.476775,39,7881,2.994638,1.465916,0.587894,0.411586,0.820636
12,13832,2.997672,16.016333,206.483741,4245,14022,2.999628,1.692888,227.82832,4435,9587,2.994356,2.916199,0.95978,0.728091,0.997743
7,4998,2.996642,0.028878,0.129627,18,5411,3.005491,0.001631,75.177087,431,4980,3.006439,0.195237,0.346416,0.282141,0.520385
19,3984,2.999705,0.010651,4.065384,18,4410,3.005062,0,24.305089,444,3966,3.006335,0.066155,0.276471,0.230075,0.414248
11,8338,2.999924,0.653392,80.525656,785,7579,3.005096,0.063228,1.604427,26,7553,2.994828,1.322291,0.579013,0.395345,0.786321
13,9204,3.006498,0.999116,10.42497,178,9672,2.997871,0.225189,51.628286,646,9026,3.000859,2.4659,0.63583,0.502906,0.941603
3,2262,2.992208,0,53.466577,108,2163,3.000809,0,0.071416,9,2154,3.000041,0.000025,0.156428,0.112399,0.224397
7,10794,3.000833,1.993452,96.472683,1325,10304,2.997477,0.400887,49.933502,835,9469,3.00195,2.884059,0.749538,0.535545,0.988086
6,11040,3.003439,1.869532,75.67421,1474,11088,3.000124,0.454336,81.310354,1522,9566,2.993557,2.877047,0.76491,0.574586,0.995371
18,12906,3.00276,8.321438,141.447486,3414,13302,2.99516,1.100461,208.796501,3810,9492,3.004324,2.877629,0.88208,0.687479,0.991085
8,5776,3.000536,0.097518,19.972772,33,5832,3.001169,0.014464,2.485526,89,5743,2.988747,0.366794,0.400917,0.303622,0.597452
17,10612,2.996321,1.653886,69.600881,1244,9562,3.002199,0.328569,28.233524,194,9368,2.999546,2.758053,0.735713,0.498398,0.976688
13,9087,3.004619,0.963679,12.977038,139,9997,3.001351,0.254282,40.558004,1049,8948,3.000353,2.442961,0.632029,0.520233,0.933233
2,10206,3.0082,1.261567,81.167345,805,10010,2.998718,0.282958,32.141356,609,9401,3.000774,2.787663,0.710499,0.519267,0.980827
20,14580,3.004005,26.435188,215.038464,5140,13380,2.997811,1.267396,223.76708,3940,9440,2.998765,2.866466,0.968489,0.696367,0.984012
9,3330,2.999349,0.002699,0.513928,25,3550,3.001741,0.000001,79.277651,245,3305,2.996325,0.0164,0.230859,0.18494,0.344321
13,9789,2.999534,0.786275,11.054732,404,10101,2.999394,0.224611,51.166411,716,9385,3.000686,2.812138,0.67866,0.525987,0.978667
10,7020,3.002247,0.256955,6.657958,10,7260,3.001973,0.063022,44.50833,250,7010,3.005,1.163058,0.487378,0.377532,0.731425
6,9568,3.001067,1.149452,30.710692,324,9438,2.999958,0.287694,18.788558,194,9244,3.000307,2.719354,0.662922,0.489993,0.964104
8,12312,2.993952,3.75784,158.76281,2760,14058,2.998956,1.443658,238.070609,4506,9552,2.998447,2.915378,0.84538,0.730525,0.995412
13,8592,3.001791,0.571844,2.412499,108,9120,3.00069,0.144899,59.170166,636,8484,2.998922,2.007516,0.594521,0.474478,0.884459
11,7942,3.001365,0.515119,12.739967,343,7634,3.000231,0.130933,10.848235,35,7599,3.000208,1.518999,0.550044,0.397551,0.792513
1,729,3.000721,0,25.634101,13,724,3.002231,0,1.88209,8,716,2.996578,0,0.050637,0.037704,0.074807
19,6750,3.00404,0.140016,79.473926,617,6165,3.009253,0.022882,0.326666,32,6133,3.010109,0.697125,0.469381,0.321698,0.642048
16,5920,2.99853,0.089308,15.053695,62,5896,3.000511,0.014813,1.767456,38,5858,3.001563,0.464087,0.410429,0.306372,0.611353
8,5784,2.998877,0.070234,7.435158,48,5760,2.995172,0.015727,9.990441,24,5736,2.998569,0.423808,0.40085,0.29889,0.597856
14,13626,3.001115,9.406845,219.176049,4066,12474,2.997453,0.919941,166.873639,2914,9560,3.000715,2.92534,0.943259,0.64898,0.997283
18,4314,2.98908,0.004026,4.736307,97,4242,2.995741,0.000017,24.326371,25,4217,3.003763,0.08167,0.298505,0.220422,0.440414
7,4963,3.004717,0.019939,0.113127,32,5376,3.002752,0.001149,44.501545,445,4931,3.010253,0.157518,0.34424,0.279982,0.515769
10,2229,3.005238,0,54.713587,194,2049,2.999232,0,1.054401,14,2035,2.999918,0,0.155019,0.106657,0.212437
6,4398,2.986596,0.012873,0.092569,12,4542,3.003433,0.000055,46.958551,156,4386,2.994267,0.121801,0.304061,0.236839,0.456093
7,8173,3.00102,0.433972,53.137628,187,8052,2.99679,0.10562,1.772923,66,7986,2.997264,1.498396,0.566791,0.418926,0.832399
7,1446,3.017576,0,30.111646,9,1462,2.992662,0,4.781611,25,1437,3.008801,0,0.100945,0.075907,0.150506
8,5047,3.004441,0.047495,0.779767,9,5103,3.011242,0.008781,57.34183,65,5038,3.011669,0.299835,0.351005,0.266534,0.527522
18,13302,2.996397,11.524642,194.930941,3873,12474,3.003226,0.800662,168.331488,3045,9429,3.002203,2.852045,0.921581,0.64929,0.984419
2,4284,2.999967,0.00906,22.839368,28,4278,2.998554,0.000189,0.325399,22,4256,3.002309,0.075255,0.296767,0.222228,0.444508
11,5608,2.999625,0.045736,5.385595,34,5848,3.008312,0.009743,25.40371,274,5574,2.991181,0.256102,0.388989,0.305145,0.579938
5,3705,2.994287,0.000506,25.280525,122,3610,2.995065,0,2.97893,27,3583,2.98707,0.019223,0.256802,0.187158,0.372458
5,3630,2.99667,0.000897,0.383491,11,3620,3.008142,0,16.393028,1,3619,2.992813,0.024983,0.251659,0.189053,0.376178
7,5467,2.999596,0.026764,106.985426,644,4851,3.00085,0.012504,0.178637,28,4823,2.998961,0.270433,0.379079,0.252124,0.502621
13,9425,2.997128,1.009908,45.350314,388,9347,2.997629,0.220943,14.837532,310,9037,2.998913,2.465198,0.652417,0.485769,0.942108
14,8676,2.996806,0.678741,6.127591,91,8748,2.996977,0.183701,38.469643,163,8585,3.002798,2.124644,0.600864,0.455166,0.896117
6,4434,3.011513,0.00668,13.304811,0,4572,2.99492,0.000517,3.750975,138,4434,3.007056,0.124483,0.309098,0.237262,0.462961
3,7667,3.01186,0.298307,10.499333,44,7700,2.99856,0.094042,9.783475,77,7623,2.993617,1.219226,0.532806,0.400804,0.7929
15,11265,2.996632,1.867035,90.380287,1664,11265,2.999084,0.414757,91.664894,1664,9601,2.989169,2.898302,0.780644,0.586171,0.997609
9,1458,2.99966,0,5.403581,10,1454,3.012573,0,11.254977,6,1448,3.006422,0,0.101211,0.075995,0.151307
13,2876,2.991106,0,9.907448,8,3016,2.997239,0,17.956285,148,2868,3.009386,0.001346,0.199003,0.156748,0.299885
17,12104,2.998844,4.565881,140.555892,2561,12495,2.99822,0.891132,168.933969,2952,9543,3.001008,2.884792,0.839151,0.648827,0.995338
5,13851,3.000251,13.657012,206.320296,4259,13072,2.998337,1.222686,178.992221,3480,9592,2.991384,2.917998,0.944267,0.675113,0.997489
7,10785,2.996624,1.924374,102.499911,1253,10785,2.995115,0.439624,76.244267,1253,9532,3.00566,2.905569,0.746521,0.560818,0.995889
12,4608,3.004605,0.004169,23.175772,253,4374,2.998602,0.000009,1.549222,19,4355,2.994735,0.090052,0.319897,0.227706,0.453805
12,7728,2.997894,0.468608,1.63408,45,8472,3.002494,0.149375,82.418691,789,7683,2.995529,1.585505,0.53629,0.441002,0.800227
13,9828,3.002898,1.258882,46.787188,672,9243,2.9888,0.277369,10.857985,87,9156,3.003306,2.618942,0.682956,0.478752,0.9558
9,6462,3.002792,0.150619,0.529303,36,6741,2.997137,0.018865,28.390498,315,6426,2.992737,0.710505,0.448741,0.350626,0.668931
9,6390,2.992319,0.13546,0.277507,20,6795,2.996477,0.020882,54.36441,425,6370,3.004721,0.596128,0.442614,0.353473,0.665823
10,6760,3.002598,0.214816,27.956641,20,6910,2.999108,0.046246,4.435062,170,6740,3.004815,0.862604,0.469851,0.359394,0.703948
12,8532,2.99792,0.597998,11.44797,118,8700,2.999468,0.14098,9.478861,286,8414,3.002043,1.866473,0.59085,0.450845,0.87806
14,9996,2.997869,1.318053,33.563304,568,10164,3.00007,0.338394,40.205706,736,9428,3.00395,2.79431,0.693674,0.529103,0.984411
14,10178,2.998802,1.075283,41.067787,654,10192,2.999967,0.366247,55.921205,668,9524,3.000612,2.904075,0.704793,0.530349,0.993299
15,8352,2.997521,0.508676,6.309441,56,8436,3.000544,0.146273,29.250785,140,8296,3.005053,1.824804,0.578541,0.439455,0.866834
6,4338,3.003691,0.013575,3.870322,31,4470,2.995811,0,50.665135,163,4307,3.011074,0.092683,0.301335,0.232242,0.451276
11,7799,2.989042,0.392854,15.270313,53,8195,3.007038,0.100051,14.901103,449,7746,3.000701,1.320877,0.538287,0.427824,0.808118
2,1334,3.014437,0,14.793998,12,1350,2.998768,0,2.508159,28,1322,3.001946,0,0.092977,0.070251,0.13829
2,1456,2.983524,0,38.223189,48,1416,3.009953,0,0.100847,8,1408,2.993911,0,0.100386,0.073957,0.146521
13,12032,2.999119,4.311683,163.833752,2470,11856,3.002688,0.688416,125.269725,2294,9562,3.000905,2.914688,0.834979,0.616511,0.997541
13,8476,3.000486,0.983273,5.497047,239,8710,2.993717,0.15847,102.924681,473,8237,2.996297,1.902707,0.588707,0.452696,0.857885
11,8688,3.001026,0.628363,11.897317,182,8712,3.002205,0.169084,20.6506,206,8506,3.001596,2.080288,0.603552,0.453813,0.887583
8,700,2.987574,0,0.030287,2,746,3.00978,0,58.947796,48,698,2.985381,0,0.048351,0.038931,0.072442
13,8628,2.994539,0.711011,33.93937,445,8304,3.000779,0.113657,5.277855,121,8183,2.998558,1.788753,0.597758,0.432612,0.853008
2,12087,3.000568,3.838373,171.276896,2629,12240,2.994513,0.685289,164.926663,2782,9458,2.996101,2.880991,0.839015,0.634813,0.985095
9,6345,2.998453,0.143033,15.956936,72,6300,2.995619,0.026511,0.578693,27,6273,3.005006,0.625263,0.440095,0.32744,0.654867
20,14260,2.998346,22.756286,225.671662,4707,15320,3.000837,2.441438,270.476479,5767,9553,3.005174,2.936778,0.979037,0.797239,0.997771
4,2636,3.00246,0,0.025141,15,2936,3.001359,0,92.968032,315,2621,3.009436,0.004744,0.183029,0.152792,0.274319
7,13566,2.99832,11.205176,211.912596,4000,13547,2.998244,1.568627,178.202923,3981,9566,3.000321,2.923169,0.935392,0.705173,0.997624
2,4392,3.006229,0.013661,10.160434,48,4350,2.996439,0.000001,5.263425,6,4344,2.996436,0.103441,0.305633,0.226175,0.451962
4,4886,3.005027,0.072192,0.300926,11,5411,3.008976,0.015971,112.970348,536,4875,2.992999,0.345439,0.339874,0.282666,0.50742
15,4188,2.989955,0.010808,5.495499,31,4446,3.004726,0.000547,27.318133,289,4157,3.000856,0.13706,0.289605,0.231716,0.433729
10,9217,2.99852,0.811717,44.179518,406,9009,2.998238,0.163444,4.150241,198,8811,2.997247,2.212741,0.639754,0.468442,0.91822
1,700,2.989859,0,15.277466,14,688,3.023025,0,2.390565,2,686,3.008098,0,0.048284,0.036097,0.071661
6,4350,2.989323,0.00755,0.639541,6,4626,2.994716,0.005747,53.316985,282,4344,3.007851,0.084768,0.301021,0.240326,0.453769
1,746,2.988475,0,22.455599,49,700,3.008775,0,7.672156,3,697,3.002816,0,0.051587,0.036504,0.072764
13,4254,2.997694,0.014094,3.342723,13,4254,3.000234,0.000298,21.866381,13,4241,3.006687,0.080401,0.294948,0.22158,0.442858
15,10575,3.007796,2.030689,75.319736,1122,10290,3.001166,0.454063,57.344768,837,9453,3.00184,2.866161,0.736283,0.535369,0.986514
7,5560,3.00604,0.100634,0.212726,8,5608,3.004022,0.010588,35.138609,56,5552,2.998502,0.435878,0.386888,0.292132,0.578423
16,11168,2.996936,2.474231,125.789391,1609,10208,2.999794,0.332336,46.131492,649,9559,3.001483,2.928299,0.772609,0.531505,0.997625
17,12206,2.998692,3.598016,150.360441,2663,13362,3.003994,1.034987,196.929291,3819,9543,3.004163,2.907382,0.842198,0.696864,0.996531
6,4242,3.005964,0.009305,1.543335,24,4584,3.002132,0.003202,84.588144,366,4218,3.004516,0.092453,0.294426,0.23892,0.440561
18,8606,3.003236,0.610085,6.248471,48,9022,2.996467,0.205746,26.846162,464,8558,3.005766,2.187801,0.597552,0.468244,0.894334
11,12528,3.002457,3.763232,177.664886,3086,11312,2.997227,0.552012,102.755659,1870,9442,3.002594,2.80595,0.869755,0.586662,0.985629
3,2088,3.004967,0,0.299391,3,2265,3.007276,0,97.72454,180,2085,2.982878,0,0.14524,0.118255,0.216214
4,14326,3.00268,13.188086,226.279774,4864,13167,2.998082,1.137653,200.500036,3705,9462,2.999462,2.878714,0.976975,0.685343,0.986631
3,2112,2.997803,0,32.549548,6,2115,2.992443,0,9.358568,9,2106,2.998504,0.00006,0.146559,0.10987,0.219616
11,8063,2.999692,0.471584,1.813345,11,8294,3.002095,0.082528,20.803441,242,8052,2.997277,1.704833,0.559205,0.432281,0.837989
17,12954,3.001855,7.744593,149.912309,3398,11985,2.998128,1.132351,142.783318,2429,9556,2.995133,2.894523,0.895169,0.623196,0.994878
8,5848,2.994364,0.062849,38.460265,146,5752,3.006112,0.005549,0.247484,50,5702,3.006751,0.333853,0.405267,0.299459,0.596334
2,1530,2.987005,0,42.99424,151,1384,3.008221,0,2.021225,5,1379,3.009811,0,0.105792,0.072238,0.144328
14,10234,2.994022,1.069863,58.781907,810,10262,2.998971,0.416015,43.512143,838,9424,2.999295,2.776771,0.709066,0.533398,0.982785
8,6096,2.998479,0.099959,40.814064,224,5880,2.99537,0.009027,0.298604,8,5872,2.995156,0.508324,0.422688,0.305754,0.610701
16,11808,3.001598,3.073596,129.143593,2239,11600,2.99581,0.503293,137.721759,2031,9569,2.997886,2.891498,0.816106,0.603084,0.99691
12,8160,2.997227,0.402774,7.272435,34,8580,3.004553,0.101275,20.860903,454,8126,2.993491,1.649232,0.566171,0.44677,0.845716
4,2948,2.996736,0,0.203109,12,2956,3.003157,0,47.928998,20,2936,2.997352,0.001052,0.204316,0.154059,0.305926
16,11904,2.993419,3.191761,145.859961,2510,11984,2.997709,0.754261,145.923826,2590,9394,2.991192,2.833643,0.822562,0.622618,0.976623
6,6336,2.997466,0.158922,0.579379,13,6885,3.000592,0.018068,80.500572,562,6323,3.001678,0.741936,0.439628,0.358675,0.66009
15,7560,3.000034,0.311919,55.39771,500,7060,3.00598,0.061987,1.55294,0,7060,2.999546,1.031271,0.52502,0.368441,0.735305
16,11328,3.000747,3.484033,104.280738,1761,11168,2.999753,0.554402,80.819399,1601,9567,2.997634,2.873047,0.785062,0.579657,0.99701
8,12256,2.996205,3.226721,149.382024,2688,12528,2.997316,0.687359,149.887933,2960,9568,2.999284,2.93429,0.849555,0.648949,0.997579
14,5920,2.992553,0.057603,71.982403,446,5488,3.002296,0.006346,0.209105,14,5474,2.994798,0.295783,0.409689,0.286046,0.569721
18,12240,3.004719,3.496248,169.178498,2677,12546,3.001166,0.913073,174.59053,2983,9563,3.001816,2.93427,0.848283,0.65291,0.997663
18,11718,2.994175,3.532807,114.771773,2153,12636,2.996163,0.919669,185.16062,3071,9565,2.999843,2.922919,0.811106,0.656296,0.997525
15,11085,2.998402,1.825855,78.35782,1581,10410,2.989099,0.383025,54.562822,906,9504,3.000686,2.87894,0.767164,0.539725,0.991293
15,8952,3.000013,0.640413,29.385445,432,8688,3.007023,0.144175,4.661503,168,8520,3.003951,2.071706,0.619671,0.452966,0.889762
13,9750,3.006427,1.046314,53.19039,773,9074,3.00223,0.204342,8.080765,97,8977,2.994369,2.28673,0.674076,0.472969,0.934553
19,12882,3.00672,5.898429,181.365081,3395,13908,2.998478,1.347363,221.815506,4421,9487,3.003583,2.897029,0.89604,0.721498,0.990759
10,13428,2.993246,7.447472,170.470715,3866,12942,2.993669,1.194751,159.160631,3380,9562,3.00133,2.928639,0.923576,0.670188,0.997583
5,3515,3.003469,0,28.650652,18,3505,3.006609,0,2.689779,8,3497,3.006437,0.023925,0.244388,0.182715,0.365298
8,9120,2.99222,0.854376,94.115195,1252,8064,2.998215,0.121235,3.007393,196,7868,3.013513,1.601991,0.631517,0.419233,0.824217
2,1460,2.980499,0,38.108806,90,1372,3.00833,0,0.146348,2,1370,3.012789,0,0.100497,0.0716,0.143317
16,11648,3.001669,3.260284,118.665059,2083,11536,3.002518,0.375578,123.573626,1971,9565,2.994054,2.898588,0.809351,0.600805,0.995404
11,2307,3.004786,0,60.697469,147,2166,3.001961,0,2.374164,6,2160,3.001803,0,0.160303,0.112774,0.225378
14,10080,2.994683,1.595331,38.107816,629,10402,2.999996,0.405485,85.244347,951,9451,3.000661,2.848705,0.697412,0.541062,0.985737
2,1334,3.021167,0,7.628658,4,1376,2.994831,0,11.378846,46,1330,3.008663,0,0.093203,0.071549,0.139055
12,5672,2.994787,0.070942,7.382425,69,5960,2.998332,0.011087,28.226604,357,5603,2.995746,0.384868,0.390968,0.310244,0.583832
15,726,2.988794,0,27.819561,23,708,2.979488,0,2.159763,5,703,2.978758,0,0.050095,0.036521,0.072743
5,13158,3.00001,13.821818,171.707771,3590,13230,3.002939,1.24321,210.521334,3662,9568,2.996466,2.920607,0.909337,0.689738,0.996307
12,14180,3.000141,25.561002,229.6158,4621,14080,3.005236,1.326661,228.428099,4521,9559,3.002476,2.905774,0.9732,0.729054,0.997562
4,2864,3.005573,0.000017,8.618213,28,2848,3.003709,0,7.771329,12,2836,2.995201,0.002289,0.199047,0.148467,0.295187
15,10095,3.001062,1.702941,52.821249,670,10260,2.999476,0.384777,71.904758,835,9425,2.994836,2.772367,0.701201,0.531726,0.980906
11,3650,3.002568,0.001637,16.46045,50,3620,2.998034,0,5.27943,20,3600,3.00059,0.047056,0.253367,0.188121,0.375373
18,1290,2.989109,0,0.009733,4,1456,3.0012,0,74.50333,170,1286,2.989266,0,0.089147,0.075842,0.133498
6,12699,3.007052,6.442268,191.147103,3136,12427,2.996468,0.659502,156.62111,2864,9563,3.001026,2.934024,0.883869,0.645635,0.997522
5,8748,2.999273,0.59116,16.104603,72,8748,3.001555,0.132887,4.712518,72,8676,3.002055,2.052496,0.606922,0.455442,0.905473
10,7180,3.010158,0.192301,14.429612,323,6870,3.008288,0.032023,1.399587,13,6857,2.995377,0.753685,0.500299,0.358469,0.713462
10,7380,3.00078,0.243701,86.245262,520,6970,2.990817,0.03664,1.042346,110,6860,2.994975,0.825183,0.512571,0.361309,0.714237
11,7843,2.995012,0.440009,2.693116,86,7975,3.002581,0.085869,29.359055,218,7757,3.004389,1.603945,0.543457,0.414876,0.810167
18,8340,2.991888,0.496756,17.811992,273,8088,2.992086,0.095566,10.608519,21,8067,3.001584,1.546659,0.577601,0.420139,0.842006
13,12053,3.001865,5.962883,125.242978,2502,12206,2.997966,0.779324,185.701698,2655,9551,2.997954,2.923646,0.835893,0.63465,0.995286
19,13224,3.001318,8.325215,203.574373,3652,13984,2.997058,1.483739,242.938104,4412,9572,2.998168,2.92854,0.913657,0.724863,0.997421
11,7920,2.999557,0.391396,74.535976,690,7320,3.000533,0.050134,1.606048,90,7230,2.999097,1.038862,0.547862,0.379907,0.753852
20,14420,3.003829,36.832764,222.501767,4842,13840,2.997239,2.192735,246.352117,4262,9578,2.996958,2.915274,0.989377,0.719754,0.99777
14,9912,2.999178,1.20226,36.688332,617,9800,2.998974,0.323593,30.272851,505,9295,3.001391,2.75194,0.684011,0.510192,0.96969
20,14440,2.996991,19.080321,206.065966,4875,14900,3.001454,1.723907,268.960454,5335,9565,2.999983,2.927038,0.962438,0.776129,0.997462
18,12672,2.997042,6.404539,147.487177,3155,13194,2.999708,1.132279,183.941929,3677,9517,2.995862,2.857494,0.866907,0.686432,0.991166
4,3590,3.005314,0.000173,5.580634,10,3665,3.002102,0,19.803021,85,3580,2.991418,0.018881,0.249401,0.190788,0.37185
16,7400,3.006231,0.317137,1.405523,34,7490,3.006649,0.045308,17.376793,124,7366,2.997461,1.24607,0.514768,0.390537,0.768017
20,1384,2.981715,0,2.720866,6,1490,3.003057,0,31.849313,112,1378,3.007829,0,0.095349,0.077625,0.143916
17,12291,2.998699,3.726179,160.409521,2728,13413,3.005582,1.150721,195.68641,3850,9563,3.000824,2.932296,0.850527,0.698639,0.997525
10,7480,2.998151,0.307919,16.103221,308,7200,2.989938,0.050049,11.453143,28,7172,3.01143,1.211155,0.518815,0.373118,0.750617
7,13585,2.994994,7.827569,199.030693,4031,13946,2.999355,1.713341,239.154411,4392,9554,2.994033,2.890631,0.936984,0.724057,0.994431
19,10500,3.001761,1.258268,57.935082,998,10290,2.999649,0.286138,59.917583,788,9502,2.999487,2.839238,0.728116,0.535057,0.990859
6,4362,2.99937,0.008797,12.352134,21,4428,2.99752,0.000161,3.48113,87,4341,2.997961,0.084023,0.302549,0.230219,0.453041
14,10164,3.002457,1.142682,47.304962,726,10374,3.003034,0.33641,60.088507,936,9438,2.999643,2.790803,0.70553,0.539889,0.984202
8,2208,3.00471,0,55.249266,207,2010,2.994083,0,0.011539,9,2001,2.995314,0,0.153428,0.1045,0.208598
14,13585,3.000093,11.721075,216.989545,4015,13832,3.000803,1.846085,224.834534,4262,9570,2.998812,2.923493,0.940472,0.717818,0.997469
14,10136,2.997729,1.116776,78.494544,704,9996,2.995514,0.330719,25.986263,564,9432,2.99419,2.70041,0.701849,0.519386,0.981728
16,11616,2.996238,2.647095,145.703201,2104,11584,3.004972,0.659187,140.376709,2072,9512,2.995168,2.9024,0.805311,0.602129,0.990458
10,11504,3.002871,2.167391,130.194079,2075,11024,2.996509,0.505307,120.284429,1595,9429,3.002534,2.800689,0.799332,0.572436,0.984232
17,11670,3.00408,2.680724,115.536115,2105,11265,3.007911,0.559694,96.779459,1700,9565,2.99553,2.901254,0.802663,0.587529,0.9958
11,5912,3.007083,0.104581,35.312955,215,5736,3.005827,0.005776,3.626985,39,5697,2.997602,0.432421,0.41108,0.298608,0.594026
20,7270,2.99698,0.268194,1.772151,20,7370,2.999132,0.044355,51.044102,120,7250,3.006594,1.253134,0.504353,0.383494,0.75787
11,3520,2.983237,0,9.213383,45,3485,2.995038,0,4.194265,10,3475,3.012141,0.015189,0.242921,0.180971,0.3637
7,12240,3.000842,3.873372,144.039561,2703,12393,2.996525,1.065941,175.389166,2856,9537,3.000832,2.888328,0.845636,0.643776,0.994573
16,11392,2.996889,3.080298,127.003313,1842,11136,3.004608,0.589082,84.662684,1586,9550,2.994668,2.848775,0.789931,0.580006,0.993999
11,4907,2.994675,0.039271,9.180816,41,5124,2.99591,0.000703,29.226614,258,4866,2.991727,0.224086,0.339253,0.2665,0.506303
3,2238,3.005486,0,9.535957,147,2094,2.98637,0,13.364265,3,2091,3.014707,0.000064,0.15564,0.108532,0.21888
9,9776,2.99977,0.979038,66.324421,710,9204,2.991114,0.203181,18.947045,138,9066,2.999699,2.557237,0.678208,0.47728,0.945343
11,7799,3.000359,0.424977,1.396369,80,8162,2.993167,0.119641,72.046696,443,7719,3.003584,1.488837,0.540541,0.424023,0.806036
14,9268,3.001282,0.966067,19.587818,119,10010,3.003338,0.400066,65.600721,861,9149,2.99691,2.616361,0.642298,0.520551,0.953044
10,12597,2.996475,3.903618,161.364269,3085,12053,2.99889,0.875298,159.881273,2541,9512,2.99809,2.913703,0.873603,0.627549,0.991376
16,5992,2.995499,0.051467,0.37153,11,6064,3.004762,0.001855,37.364915,83,5981,2.997998,0.308113,0.415487,0.316355,0.623389
20,14500,3.000499,31.648893,189.693007,4961,14980,3.002904,1.629207,214.063863,5441,9539,3.004737,2.894593,0.956773,0.776215,0.99623
12,8400,3.007278,0.526879,1.692565,48,8652,2.996022,0.138996,24.500392,300,8352,2.998819,1.676871,0.58338,0.448407,0.870392
15,9096,3.000895,0.872683,45.963064,670,8496,3.001301,0.152941,4.456347,70,8426,3.007055,2.022411,0.631161,0.442154,0.880909
11,3585,3.007155,0.000449,23.834383,15,3680,2.989789,0,1.768532,110,3570,2.994703,0.018385,0.249234,0.190868,0.371329
7,5320,2.994463,0.056503,27.053787,224,5110,3.002601,0.002297,1.279867,14,5096,3.00619,0.168925,0.367318,0.266177,0.532381
4,13794,3.000598,16.183905,199.754523,4224,13129,2.9998,1.596968,209.392734,3559,9570,2.999381,2.923752,0.91963,0.683332,0.99774
6,4362,3.009464,0.006434,33.289677,97,4290,3.008207,0,0.091361,25,4265,2.995765,0.074825,0.303872,0.223603,0.444264
13,9659,2.998633,1.07159,147.262928,989,9022,3.004712,0.236038,12.091476,352,8670,2.989934,2.217928,0.669382,0.470646,0.901158
16,10500,2.996286,1.548242,93.004997,964,11175,3.001604,0.522066,73.591254,1639,9536,2.99744,2.83311,0.727771,0.582352,0.993835
9,6381,3.003511,0.140374,4.558866,21,6444,2.998927,0.015937,11.267035,84,6360,2.995931,0.656265,0.443276,0.334672,0.662268
4,2836,2.997433,0,1.796129,9,3108,2.995274,0,25.844395,281,2827,2.996694,0.000616,0.196515,0.161239,0.294647
13,9542,2.999589,0.794577,60.245867,522,9139,2.993048,0.21326,12.360221,119,9020,3.006716,2.533228,0.659059,0.474615,0.942611
13,9178,2.991494,0.749579,24.418208,213,9009,3.004972,0.20464,11.85295,44,8965,3.007123,2.46685,0.635607,0.469606,0.93702
7,5033,3.004333,0.063959,11.914661,50,5278,3.00116,0.005353,18.456685,295,4983,2.996158,0.213296,0.349575,0.275002,0.519571
4,2776,2.998772,0,2.008385,4,2856,2.998731,0,27.903827,84,2772,2.992228,0.005533,0.192699,0.148608,0.288098
2,1368,2.999741,0,0.011074,8,1560,3.012874,0,107.275241,200,1360,2.983286,0,0.094958,0.081511,0.141153
19,13433,3.000429,5.152963,211.455193,3870,13680,2.997267,1.501668,217.736096,4117,9563,3.001319,2.932521,0.931431,0.709675,0.997534
14,9940,2.998758,1.286844,45.422321,548,10332,2.998279,0.28961,75.640826,940,9392,2.998821,2.826139,0.688883,0.535903,0.979116
18,13547,3.00541,11.313466,204.135599,3958,13680,3.003527,1.376098,206.689327,4091,9589,2.99314,2.916392,0.930735,0.711152,0.997685
12,8544,3.001003,0.550608,2.903506,64,8664,2.997574,0.137483,30.663466,184,8480,3.003912,1.947391,0.592601,0.450052,0.885744
19,15105,2.995693,48.988324,239.412569,5575,13243,3.000631,1.225804,218.148087,3713,9530,3.009335,2.914972,0.998216,0.688971,0.996734
7,2952,2.98542,0,36.551053,158,2808,2.988838,0,1.355765,14,2794,2.997523,0.003944,0.203759,0.145432,0.291157
7,10038,2.99615,1.123958,47.291796,527,10108,2.999643,0.288072,38.853799,597,9511,3.00217,2.804033,0.696189,0.52628,0.992319
2,4326,3.003689,0.011743,4.491814,0,4596,3.007575,0,25.654567,270,4326,3.001796,0.073617,0.300786,0.239734,0.450895
2,8688,3.000885,0.579963,3.50875,131,8736,2.99975,0.161647,22.513823,179,8557,2.996538,1.926914,0.603162,0.454786,0.891501
16,11616,2.999291,2.408064,122.907416,2038,11728,3.007083,0.722341,120.923844,2150,9578,2.989558,2.882056,0.804182,0.611479,0.995374
13,9243,2.997548,0.826906,15.172032,146,10075,2.996846,0.293668,61.369466,978,9097,3.001576,2.595605,0.639105,0.523512,0.949379
10,7700,2.998088,0.364844,45.464156,483,7230,2.996677,0.052283,0.676354,13,7217,3.00178,0.93197,0.533026,0.376145,0.752743
15,11712,2.992652,3.732215,124.178011,2288,11488,2.997037,0.543903,118.439026,2064,9424,2.999226,2.816096,0.807827,0.59482,0.982574
2,11655,2.999741,2.415626,151.392316,2252,10845,2.997981,0.493972,106.188382,1442,9403,3.001395,2.80443,0.808953,0.564323,0.980954
16,3925,2.997943,0.002274,95.251126,435,3525,2.994022,0,0.102109,35,3490,3.008286,0.031167,0.272321,0.182527,0.364546
4,2876,2.999495,0,6.673245,92,2792,3.007057,0,19.830991,8,2784,2.995018,0.001104,0.199585,0.145759,0.289821
13,687,2.997232,0,0.851436,5,721,3.018727,0,42.780374,39,682,2.99315,0,0.047576,0.037787,0.070994
2,714,3.028059,0,18.324502,25,692,3.008593,0,12.116324,3,689,3.020259,0,0.050034,0.036092,0.072335
11,7722,2.998128,0.403046,3.138922,53,8206,2.996953,0.099507,31.601449,537,7669,3.004212,1.318271,0.535226,0.426706,0.801085
13,5222,3.006187,0.073963,0.756224,22,5278,2.991059,0.002744,19.723352,78,5200,2.99713,0.323324,0.362723,0.274081,0.541788
19,13566,2.994515,10.560224,175.885464,4023,13699,2.999714,1.259196,223.718746,4156,9543,3.00205,2.900137,0.918272,0.711782,0.995935
18,13824,2.997758,12.29876,185.078879,4287,12870,2.998616,1.321795,159.642724,3333,9537,3.007733,2.922824,0.944779,0.668574,0.996848
19,6453,2.99996,0.221073,52.998509,513,5949,3.000082,0.01425,0.790809,9,5940,2.990702,0.376778,0.448138,0.309605,0.616832
6,7670,2.994009,0.380331,30.428607,469,7230,2.995161,0.063547,1.62632,29,7201,3.003522,1.171673,0.531587,0.375728,0.751944
11,8628,3.002632,0.536851,21.963945,303,8388,3.005434,0.189635,2.853765,63,8325,2.992974,1.842155,0.59857,0.436917,0.866155
9,12155,3.001593,4.289768,157.683389,2627,11985,3.003058,0.670464,119.790876,2457,9528,3.010834,2.933488,0.841163,0.624064,0.997075
13,9802,2.99906,1.283805,58.362664,479,9490,2.997673,0.304658,23.177367,167,9323,3.004629,2.718318,0.680317,0.493121,0.973699
9,6624,2.996556,0.213109,16.423092,171,6480,3.001862,0.03276,4.473217,27,6453,3.012407,0.836574,0.459472,0.337709,0.675833
10,7733,2.999831,0.424072,1.090596,161,8492,3.008138,0.108986,85.135913,920,7572,2.998311,1.363838,0.534002,0.442428,0.789489
7,5306,2.989021,0.049045,56.061397,457,4872,3.00418,0.001653,1.048496,23,4849,2.992577,0.168808,0.366749,0.254003,0.504313
13,12176,2.997481,4.45479,169.96012,2627,11200,2.998542,0.557917,100.702717,1651,9549,2.996983,2.899181,0.83936,0.581561,0.994711
6,2856,2.988559,0,25.150754,76,2800,2.995837,0,0.461675,20,2780,2.99208,0.003718,0.196953,0.144918,0.289225
15,7320,2.996688,0.452904,9.585647,52,7680,3.001945,0.047346,21.720868,412,7268,2.991663,1.438424,0.50653,0.399843,0.756144
19,13737,2.998393,17.171339,183.101171,4239,13737,3.005681,1.346658,210.421075,4239,9498,3.000034,2.8668,0.941583,0.71606,0.990354
1,731,2.966817,0,75.28192,50,684,2.996217,0,0.00016,3,681,3.013712,0,0.050101,0.03557,0.071371
9,6444,3.001511,0.132124,12.012745,25,6615,2.997727,0.032833,22.367347,196,6419,2.999344,0.719846,0.447725,0.344236,0.669507
4,9061,2.998296,0.882185,6.449483,72,9776,2.996479,0.286379,69.41644,787,8989,3.004477,2.356924,0.628735,0.507274,0.938864
13,9412,3.006169,0.835041,68.079366,554,8970,2.997807,0.149026,5.676735,112,8858,2.997558,2.313677,0.654099,0.46633,0.922941
9,6642,3.001004,0.154021,44.431018,268,6381,3.00242,0.035998,0.63558,7,6374,2.994613,0.700135,0.459858,0.332612,0.663345
4,10976,3.00312,2.296966,96.270371,1460,12336,3.002126,0.668836,153.188191,2820,9516,2.996314,2.863154,0.762522,0.641745,0.991066
7,7100,3.004127,0.300173,51.8113,345,6780,3.001644,0.061652,0.715033,25,6755,3.004171,0.966185,0.493112,0.352833,0.705184
5,8272,3.003211,0.420063,91.369753,692,7623,3.003423,0.051277,1.207665,43,7580,2.995703,1.255075,0.575059,0.397063,0.789431
14,10248,2.992684,1.209476,33.165923,859,9898,3.008144,0.456862,41.969565,509,9389,2.999275,2.837896,0.706939,0.516275,0.97909
13,10905,3.00186,1.915515,113.834416,1516,10395,3.009792,0.439474,57.142142,1006,9389,2.99939,2.800978,0.757725,0.54276,0.978685
9,6408,2.997958,0.125327,23.062157,112,6318,3.002527,0.031312,5.825246,22,6296,3.007815,0.603922,0.443889,0.329164,0.658205
15,9870,2.998498,1.714886,31.51643,342,11250,3.006914,0.438734,95.289314,1722,9528,2.993249,2.846641,0.680631,0.585063,0.991018
4,2928,2.992928,0,63.947344,256,2688,3.002507,0,0.020634,16,2672,2.993182,0.00181,0.202629,0.139873,0.2783
20,14280,2.995062,15.802597,219.342038,4737,15260,3.000398,2.719924,279.757394,5717,9543,3.004577,2.926493,0.982373,0.794219,0.996709
3,9841,3.004832,1.261142,37.481449,946,8918,3.003945,0.203809,26.636915,23,8895,3.001974,2.465689,0.684504,0.46509,0.928155
18,13266,2.992955,7.315642,193.705344,3720,12024,2.997194,0.690061,137.855855,2478,9546,3.00153,2.902547,0.916546,0.625415,0.996084
4,3036,3.001964,0,44.753061,204,2840,3.021622,0,0.680381,8,2832,2.997158,0.00265,0.210764,0.14897,0.29491
4,2844,2.999184,0,2.654668,36,2824,3.006154,0,10.655848,16,2808,2.988528,0.012212,0.197446,0.146943,0.291386
11,10262,3.00347,1.923524,109.413052,1104,9394,2.994133,0.170643,16.987605,236,9158,2.994988,2.527228,0.712974,0.487194,0.953618
12,1434,2.992466,0,6.57733,1,1488,3.009183,0,14.482189,55,1433,3.009111,0,0.099333,0.077686,0.149825
11,7920,3.001522,0.57623,0.994714,34,8393,2.998316,0.106254,76.010015,507,7886,2.996417,1.444763,0.549855,0.43644,0.8207
16,12128,2.998848,4.483994,124.518036,2573,11600,2.999223,0.669962,124.223169,2045,9555,2.998188,2.911621,0.840015,0.599951,0.995752
19,14740,2.997515,33.053102,237.245475,5236,14580,3.0018,1.988597,273.210208,5076,9504,3.009455,2.928327,0.988589,0.758875,0.994027
14,3600,2.990506,0.007308,0.187048,24,3765,3.010298,0,38.38941,189,3576,2.999917,0.06155,0.248798,0.196047,0.373478
9,13248,3.002423,8.942088,205.236983,3718,13086,2.997259,0.861241,222.728068,3556,9530,3.000155,2.919021,0.915251,0.680989,0.994181
2,1470,2.986509,0,48.336458,38,1436,2.995421,0,0.003635,4,1432,3.001914,0,0.101512,0.074576,0.149443
9,6417,3.004535,0.122994,2.528563,38,6642,2.998187,0.028654,25.481474,263,6379,2.996242,0.534539,0.446306,0.345361,0.664767
8,5944,2.998981,0.08994,20.114819,379,5592,2.99521,0.002209,12.214717,27,5565,3.003731,0.444679,0.412224,0.290731,0.581504
20,14340,2.995858,30.390691,208.842738,4756,14340,2.998234,1.805197,247.512271,4756,9584,2.99437,2.91857,0.979897,0.746435,0.997695
11,8151,2.997255,0.460069,7.144788,114,8525,2.993484,0.11408,17.271514,488,8037,3.00815,1.680608,0.563632,0.443069,0.840451
5,3620,3.007878,0.000899,29.757704,240,3395,2.993978,0,5.730648,15,3380,2.988895,0.028504,0.252049,0.176285,0.35106
3,2226,2.992414,0,58.377816,184,2049,2.998057,0,0.44598,7,2042,3.002399,0,0.153935,0.106564,0.213236
15,10545,3.000419,1.842878,72.456096,1071,11610,3.005131,0.565678,112.810767,2136,9474,3.002502,2.870265,0.730052,0.605208,0.988693
19,5075,3.005779,0.039296,0.196395,16,5383,2.998793,0.002468,74.840931,324,5059,2.9974,0.238278,0.352801,0.279696,0.527351
20,6224,2.999734,0.107831,47.308658,401,5832,3.000292,0.000901,1.303151,9,5823,2.989982,0.288026,0.431777,0.303728,0.604655
12,2193,2.986753,0,59.177625,78,2118,2.997491,0,0.252186,3,2115,3.005544,0,0.151619,0.110138,0.22072
1,2448,3.004804,0,144.830316,331,2130,3.001742,0,0.010518,13,2117,3.009086,0,0.169996,0.111002,0.221881
6,4837,2.996216,0.025545,0.194164,7,5348,3.001312,0.010315,50.324294,518,4830,2.996769,0.24515,0.334998,0.278601,0.502583
5,3695,3.01762,0.001314,7.249309,100,3605,2.992939,0,18.519114,10,3595,2.995654,0.026559,0.257422,0.187222,0.374061
15,681,3.016265,0,0.132252,5,683,2.976922,0,24.092173,7,676,2.975988,0,0.047548,0.0352,0.070126
5,3650,2.987708,0.002355,0.118052,20,3785,3.004008,0,50.061053,155,3630,2.99658,0.032874,0.252291,0.197101,0.378275
5,3740,2.988344,0.000439,12.306907,45,3705,2.993345,0,4.169025,10,3695,2.997719,0.042901,0.258484,0.192553,0.384654
8,11600,2.995439,2.835137,117.726757,2045,11456,3.000534,0.621038,95.238218,1901,9555,2.996773,2.920117,0.802649,0.596783,0.99541
4,3020,2.997996,0.000949,36.572387,54,2980,2.999113,0,0.085946,14,2966,3.001623,0.005457,0.209199,0.155058,0.309674
1,1318,3.000031,0,0.130191,2,1458,3.001067,0,64.425362,142,1316,3.006017,0,0.091505,0.075962,0.137358
19,13661,3.002943,10.619891,183.911071,4124,14649,2.995416,1.60584,237.268296,5112,9537,2.996362,2.88381,0.918773,0.759393,0.993192
6,4068,3.00464,0.013565,18.772596,42,4032,2.998491,0.000187,8.43492,6,4026,2.997948,0.12341,0.282794,0.209894,0.419591
9,6651,2.989782,0.113725,30.296205,216,6471,3.010365,0.020219,0.461724,36,6435,2.992923,0.690786,0.460324,0.337388,0.669234
2,11712,3.007532,3.12037,127.056607,2181,12112,2.999271,0.782263,168.586251,2581,9531,3.000512,2.890664,0.814473,0.63068,0.994188
7,5005,2.994441,0.035187,6.197778,242,4809,3.004763,0.004198,13.951687,46,4763,3.004497,0.108428,0.346813,0.250305,0.49805
4,9230,3.003215,1.140483,32.573514,155,9269,3.003327,0.240241,9.781627,194,9075,3.003776,2.461402,0.640434,0.482764,0.947329
9,5616,3.003079,0.071195,0.522356,38,5888,3.012847,0.015289,50.458381,310,5578,2.996856,0.363966,0.390107,0.307708,0.581261
7,13032,2.999533,6.487288,201.475321,3532,12222,2.997125,1.138966,171.747476,2722,9500,2.992448,2.841435,0.898589,0.634065,0.988046
14,8008,2.994618,0.334601,4.823887,43,8448,2.995639,0.123729,45.924113,483,7965,2.997452,1.614662,0.554467,0.438741,0.830152
11,8140,2.994404,0.438291,12.803501,181,8008,3.001383,0.05395,5.743029,49,7959,2.998448,1.383943,0.562919,0.417087,0.829869
8,5880,3.003731,0.072774,44.434522,254,5640,2.999106,0.012297,0.335723,14,5626,2.99938,0.483003,0.408502,0.293495,0.586319
9,8496,3.000194,0.500372,2.28767,1,8772,2.998677,0.125836,41.31025,277,8495,3.002955,1.901567,0.590038,0.456425,0.885888
12,8676,2.998002,0.689182,17.352944,331,8412,3.009396,0.190776,5.489346,67,8345,3.00485,1.970441,0.601981,0.438966,0.871727
7,4991,2.999327,0.032466,0.149522,7,5236,3.000236,0.001265,35.472719,252,4984,2.990585,0.22115,0.346398,0.27273,0.51754
11,8239,2.991454,0.447371,29.613125,139,8228,2.996786,0.121955,4.276397,128,8100,2.997453,1.721498,0.566234,0.427106,0.844112
20,14620,3.001912,23.5023,230.357037,5059,15180,2.999399,2.182564,247.532218,5619,9561,3.001855,2.935995,0.995356,0.779942,0.997599
2,1402,2.988156,0,1.378337,4,1478,3.000719,0,35.814729,80,1398,3.005022,0,0.096858,0.076874,0.146007
13,8316,3.002875,0.559356,5.23447,38,8580,3.010123,0.151506,29.780041,302,8278,3.006265,1.978849,0.577805,0.447973,0.86501
18,1500,3.014947,0,9.022757,7,1508,2.988621,0,6.065057,15,1493,3.017698,0,0.104426,0.077981,0.156521
10,7190,2.999551,0.314159,0.573168,52,7180,2.994934,0.052713,36.603673,42,7138,3.007897,1.219842,0.498491,0.372962,0.746529
17,13022,2.996006,7.335662,168.442357,3439,12087,3.006078,0.824731,125.510171,2504,9583,2.994572,2.91719,0.903102,0.630633,0.997455
9,3545,2.99922,0.006126,18.750651,87,3475,2.988701,0,1.420185,17,3458,2.999725,0.044541,0.246018,0.180207,0.360929
12,8364,3.000401,0.594206,9.218164,79,8388,3.00294,0.116859,6.403513,103,8285,2.998071,1.746289,0.580831,0.436627,0.863664
11,7986,3.003122,0.404382,31.074036,213,7898,3.003241,0.089098,1.749715,125,7773,2.998555,1.573283,0.55463,0.411598,0.810093
8,5944,3.006806,0.103702,34.19963,53,5912,2.997724,0.01323,2.356328,21,5891,2.986519,0.535153,0.413161,0.307582,0.611398
11,7953,3.003525,0.438331,53.248491,429,7546,2.987651,0.08183,2.104604,22,7524,2.991865,1.272256,0.551841,0.391421,0.781992
14,10136,3.000443,1.507699,46.226315,701,10108,3.001761,0.352079,53.607223,673,9435,2.995226,2.851709,0.702959,0.526767,0.982521
12,8628,2.998114,0.685488,28.259969,21,8820,3.001014,0.15862,5.661545,213,8607,2.999528,2.110022,0.598728,0.458626,0.897024
19,13927,2.992244,20.265368,183.858235,4348,14022,2.995851,1.448043,224.693335,4443,9579,2.996543,2.913007,0.949115,0.727514,0.997624
18,13626,3.004224,19.892105,208.315879,4078,12924,3.0028,1.062399,196.828147,3376,9548,3.004046,2.914855,0.944938,0.670632,0.996949
3,2073,3.01644,0,2.551676,6,2121,3.007744,0,14.662993,54,2067,3.004849,0,0.144745,0.110557,0.215784
11,10784,3.005859,1.893688,67.622201,1230,11568,3.005457,0.640128,145.46221,2014,9554,3.001591,2.919996,0.75024,0.602825,0.996874
3,728,3.019645,0,3.337845,3,740,3.010761,0,11.150822,15,725,2.996836,0,0.050797,0.038663,0.075445
9,8280,3.000864,0.590125,3.579916,99,9048,2.996178,0.133049,98.205562,867,8181,2.996714,1.775064,0.572602,0.47029,0.852202
12,8352,3.000745,0.812106,10.163042,136,8520,3.004588,0.126602,11.179523,304,8216,3.000103,1.714759,0.579132,0.443854,0.857094
4,2804,2.996923,0,4.706318,78,2744,3.003463,0,32.628089,18,2726,2.992517,0.005007,0.194402,0.142944,0.284052
7,5180,2.989048,0.035288,20.54042,184,5019,2.994813,0.006982,2.208375,23,4996,3.001141,0.257889,0.35843,0.260732,0.521445
4,2960,2.993736,0,66.832222,212,2760,3.001297,0,0.813422,12,2748,2.989442,0.007608,0.20504,0.143754,0.285579
8,5712,2.999635,0.096368,2.308419,28,5856,3.000194,0.021168,8.559867,172,5684,3.000814,0.344053,0.396137,0.304897,0.592643
1,764,2.988645,0,53.848442,65,704,3.017302,0,0.768318,5,699,2.979132,0,0.052789,0.036871,0.072497
9,13248,3.000038,6.431907,188.380145,3682,12276,3.001649,0.736748,161.137614,2710,9566,2.996011,2.908248,0.917776,0.638515,0.996275
18,13374,3.000914,7.646596,204.028622,3820,14094,2.993673,1.388633,244.415354,4540,9554,3.004452,2.931457,0.924779,0.731642,0.997794
9,12274,3.000293,4.127884,148.614122,2807,12291,3.004508,1.021069,173.898497,2824,9467,3.006408,2.899885,0.8446,0.639852,0.989224
15,6723,3.007668,0.188919,36.25201,642,6102,3.003155,0.025604,0.867358,21,6081,2.998669,0.520708,0.465199,0.318147,0.634404
8,4302,3.001139,0.014296,12.143409,142,4176,2.991674,0.000247,3.861968,16,4160,2.997667,0.06995,0.298307,0.216841,0.433692
2,6112,2.992342,0.115346,57.355039,493,5632,3.000806,0.01695,1.208419,13,5619,2.990742,0.536396,0.423124,0.293133,0.583954
6,4272,2.998959,0.014781,10.218842,29,4320,3.006378,0.000595,13.660128,77,4243,2.997377,0.112285,0.296207,0.225262,0.442379
5,3640,2.998928,0.001873,6.447407,45,3615,2.993789,0,8.369814,20,3595,3.000021,0.032232,0.252687,0.187677,0.375109
4,8775,2.995646,0.793283,4.17339,200,9347,2.997934,0.18323,47.653038,772,8575,2.997037,2.020613,0.608172,0.486083,0.893717
4,8074,2.99295,0.342177,37.062856,308,7832,2.995283,0.117543,4.463436,66,7766,2.996737,1.700144,0.55864,0.405933,0.808802
1,727,3.003364,0,13.341835,3,750,2.998339,0,22.638708,26,724,3.024269,0,0.050461,0.039045,0.076126
2,13428,2.997515,9.392871,217.495316,3841,14022,3.001509,1.517829,215.228375,4435,9587,2.993156,2.918426,0.929387,0.730697,0.997569
9,6561,3.005562,0.147384,20.979727,339,6237,2.996062,0.031144,11.453506,15,6222,3.001968,0.646269,0.454433,0.324417,0.649547
18,12564,2.99818,3.632802,162.519513,3055,12834,3.003129,1.922885,201.484705,3325,9509,3.001988,2.887223,0.869655,0.659786,0.992509
13,7480,3.010656,0.252177,74.497328,918,6620,3.00157,0.025403,0.499699,58,6562,2.997585,0.748167,0.520689,0.344175,0.683848
7,11424,2.99774,2.436465,129.830708,1949,11408,2.997589,0.664012,88.489488,1933,9475,3.005489,2.899601,0.788891,0.592924,0.99006
14,2058,2.997351,0,0.016242,15,2202,2.999842,0,36.946329,159,2043,2.996682,0.001592,0.142644,0.114428,0.213082
2,6354,2.99812,0.097528,1.823815,41,6480,2.991716,0.020536,24.471792,167,6313,3.005649,0.705287,0.440152,0.336162,0.659821
18,12636,2.996947,4.542627,180.007756,3096,12834,2.999391,1.171251,197.800426,3294,9540,2.999781,2.909025,0.871111,0.667858,0.994716
17,13107,3.00675,7.42724,196.695708,3575,12869,2.996154,1.135519,175.826895,3337,9532,2.999343,2.91325,0.910132,0.669401,0.993864
13,11472,2.994413,2.530724,134.090366,1969,11072,3.000063,0.541089,91.349147,1569,9503,3.004814,2.922907,0.79517,0.575991,0.992762
12,9192,3.00662,0.653929,54.395353,810,8436,3.003083,0.081598,5.90605,54,8382,2.996239,2.141363,0.637559,0.439681,0.873302
11,13167,2.996209,10.833411,214.876441,3633,13015,2.996612,1.326639,179.963462,3481,9534,2.998462,2.885938,0.908722,0.676721,0.993743
10,6970,3.002557,0.190201,0.599652,32,7470,2.995879,0.061715,55.516554,532,6938,3.000914,0.861776,0.483967,0.387691,0.723847
15,10410,3.005085,1.901546,66.966248,876,10575,3.002123,0.361039,93.84105,1041,9534,2.99586,2.903939,0.720143,0.550288,0.992836
16,11984,2.999392,3.524627,152.818884,2445,11392,2.994835,0.603975,100.212311,1853,9539,2.995919,2.908561,0.831195,0.592312,0.993471
19,13984,2.999968,11.09495,215.035457,4435,14250,3.003539,1.302462,230.605224,4701,9549,2.99937,2.909177,0.949457,0.73781,0.995684
2,9632,3.000019,1.00478,11.681073,319,10374,3.007782,0.370134,46.28392,1061,9313,2.994655,2.717836,0.667542,0.541727,0.969652
5,5404,3.007023,0.049348,54.044003,315,5096,3.010744,0.009735,1.498852,7,5089,3.007098,0.281705,0.376156,0.266132,0.531358
11,2792,3.001443,0,54.276972,51,2748,3.016854,0,0.034242,7,2741,2.990116,0.007183,0.193807,0.143744,0.284892
20,14800,3.004727,43.307297,204.384134,5234,14260,3.001134,1.461751,236.756243,4694,9566,3.000775,2.934806,0.974285,0.742247,0.997645
5,7450,3.003409,0.271287,6.525288,323,7160,3.002539,0.054233,27.272216,33,7127,2.998214,1.26445,0.516355,0.372889,0.742515
5,9036,3.002217,0.508373,53.678436,299,8796,2.999008,0.109823,4.008001,59,8737,2.985455,2.069597,0.626134,0.457938,0.906566
3,2888,2.991155,0.00007,5.235541,48,2852,2.997678,0,8.33354,12,2840,3.00269,0.006942,0.199667,0.148233,0.296385
1,2220,2.988056,0,1.091585,12,2310,3.007612,0,38.988147,102,2208,2.97732,0.00009,0.153477,0.120482,0.228351
17,8957,2.995917,0.743318,21.887468,147,8879,3.005919,0.248143,18.503142,69,8810,2.999175,2.33017,0.621012,0.46336,0.918493
5,12924,3.000944,5.514622,168.126733,3372,12816,2.99994,1.11703,173.945456,3264,9552,3.002107,2.890215,0.89687,0.666811,0.996795
2,11526,2.995961,2.54379,123.250064,1962,12308,2.99471,0.725621,153.495561,2744,9564,2.997532,2.881576,0.798487,0.639574,0.996398
17,8756,2.994856,0.545262,90.487658,1243,7513,2.999317,0.111035,2.460562,0,7513,2.997741,1.461943,0.605985,0.391213,0.782015
4,2952,2.994252,0.000122,25.252151,55,2908,2.990802,0,0.094592,11,2897,3.001198,0.000256,0.20438,0.150691,0.302239
9,10980,3.000654,1.817186,86.25777,1551,10410,2.99464,0.36914,57.980968,981,9429,3.000335,2.829466,0.756425,0.540541,0.983428
15,8360,2.993203,0.444917,12.394383,156,8349,3.001765,0.093309,9.831262,145,8204,2.994362,1.713814,0.577622,0.434524,0.854161
14,10374,3.004585,1.292904,56.495879,904,10206,2.997586,0.332491,31.973666,736,9470,3.004323,2.821648,0.721434,0.531135,0.988925
20,2154,2.986865,0,56.608554,76,2079,3.014149,0,0.01657,1,2078,3.002695,0,0.148928,0.108792,0.216746
5,3600,3.002688,0.000472,2.240592,20,3590,3.006434,0,25.755052,10,3580,3.002201,0.026771,0.249705,0.187221,0.373385
8,6822,3.000775,0.158778,2.113712,38,6867,2.997515,0.026486,18.836115,83,6784,3.001628,0.917434,0.473135,0.357195,0.708194
14,3620,3.019245,0.001526,37.405913,66,3565,3.015151,0,0.160164,11,3554,3.00772,0.020601,0.25243,0.186609,0.3718
12,2984,2.993946,0.000261,19.629016,128,2868,2.996798,0,4.300906,12,2856,2.989156,0.00572,0.206798,0.149051,0.29681
3,8928,3.001896,0.685341,2.569148,21,9024,3.000191,0.166917,28.322199,117,8907,3.000168,1.998857,0.620403,0.47003,0.928836
14,10486,2.998241,1.879794,68.109849,1017,10206,2.990545,0.368134,59.687952,737,9469,3.002933,2.829349,0.721907,0.529679,0.988334
14,10150,2.998478,1.58282,36.548601,812,9996,3.002745,0.264556,54.180327,658,9338,2.998524,2.766163,0.699647,0.521108,0.973453
18,5896,3.008947,0.061204,53.859441,192,5720,3.008609,0.010157,0.255063,16,5704,3.00147,0.399041,0.40995,0.298772,0.595428
3,2292,3.000036,0,19.110292,144,2160,2.99836,0,25.332668,12,2148,3.001675,0,0.159169,0.112371,0.224304
3,1388,3.021853,0,9.322262,12,1388,2.992568,0,14.326516,12,1376,2.992272,0,0.097091,0.071998,0.143354
7,4753,3.007098,0.025842,0.191197,24,5061,2.991759,0.006659,58.8387,332,4729,2.991383,0.140932,0.33085,0.262867,0.492413
7,6300,3.003014,0.143597,0.443149,18,6444,2.999536,0.022467,27.659396,162,6282,3.000144,0.46934,0.437638,0.335573,0.654889
2,1508,3.004261,0,28.509437,74,1440,2.998124,0,4.45077,6,1434,2.983811,0,0.104871,0.074946,0.148726
6,2103,3.00116,0,0.79776,8,2136,3.01606,0,23.16087,41,2095,2.995416,0.001093,0.146041,0.111544,0.218352
5,3520,2.995086,0.00123,0.054069,5,3730,2.997936,0.000368,59.715325,215,3515,2.997273,0.028304,0.244033,0.194137,0.365817
13,2780,3.01524,0,0.259364,12,2904,2.999735,0,58.572235,136,2768,3.014881,0.005356,0.193713,0.15114,0.289782
5,3800,2.989925,0.011989,58.258456,275,3545,3.006512,0.00001,0.064884,20,3525,3.001094,0.057708,0.263003,0.184746,0.36784
6,4452,2.997268,0.012224,2.695849,42,4428,3.003581,0.002911,35.423407,18,4410,3.002751,0.092352,0.308629,0.230611,0.460276
5,3960,3.005297,0.006483,70.405556,299,3685,3.000044,0,0.180392,24,3661,3.001283,0.023193,0.275233,0.191671,0.382055
10,6710,3.005285,0.183306,2.048366,10,7520,2.998584,0.096306,80.532617,820,6700,3.004483,0.895096,0.466809,0.390451,0.699134
11,7898,2.995613,0.414443,2.677912,70,7865,2.998144,0.113243,48.392754,37,7828,2.997871,1.583643,0.547026,0.408977,0.815901
19,8880,3.003848,0.68392,4.996615,33,9012,3.006808,0.21616,25.638021,165,8847,3.005678,2.198507,0.617479,0.469707,0.924373
16,2187,2.999143,0,0.672783,6,2424,3.005186,0,87.519633,243,2181,3.016281,0,0.151677,0.126348,0.228702
20,14960,3.003952,33.218084,229.162032,5411,14600,3.007994,1.610481,243.662305,5051,9549,3.006124,2.937315,0.992866,0.761687,0.997739
1,6327,3.00133,0.150133,0.521749,24,6615,3.007615,0.019371,33.786458,312,6303,2.998145,0.660644,0.439589,0.345033,0.657138
5,3750,3.003817,0.003236,51.413034,274,3490,3.003236,0.000044,4.899967,14,3476,3.005097,0.072816,0.260705,0.181968,0.363158
9,6705,3.005602,0.144651,59.556286,657,6066,2.98928,0.008798,0.705162,18,6048,2.999143,0.561286,0.466531,0.314835,0.630296
5,3695,3.001037,0.001298,58.60012,170,3535,3.008329,0,0.239546,10,3525,3.001912,0.036028,0.256624,0.184617,0.367466
9,8952,2.998475,0.439515,2.899782,57,9300,2.999691,0.274925,48.543095,405,8895,3.006187,2.281489,0.620336,0.483843,0.92972
18,6669,2.999453,0.160418,0.633854,49,6651,3.005892,0.01947,25.052659,31,6620,2.998832,0.863187,0.461636,0.346753,0.689842
15,4795,2.995616,0.052684,0.303046,53,5411,2.997866,0.002438,117.485376,669,4742,3.008241,0.209464,0.331606,0.281622,0.496554
18,13392,3.003082,9.618199,205.811117,3845,13824,2.997204,1.512017,208.109379,4277,9547,3.003254,2.914867,0.925218,0.714838,0.996651
10,6760,2.996305,0.225285,3.290738,44,7000,2.99584,0.023188,18.181808,284,6716,3.004844,0.824493,0.468045,0.363904,0.701794
11,9360,3.004413,1.142111,107.676799,1100,8593,3.003142,0.189717,4.060697,333,8260,2.996326,1.786257,0.650601,0.44695,0.860496
14,2265,3.008686,0,49.560442,186,2091,3.004367,0,0.75171,12,2079,3.013155,0,0.157536,0.108727,0.217758
2,13300,2.998168,16.247015,229.93087,3746,13699,2.997355,1.591674,243.707383,4145,9554,3.001077,2.913705,0.920755,0.71077,0.996675
5,12019,2.995723,3.360498,108.06531,2522,12002,3.003742,0.727113,170.118549,2505,9497,2.995722,2.87747,0.825682,0.625768,0.988923
8,7860,2.99715,0.441109,0.800797,36,8652,2.996908,0.132718,75.252071,828,7824,2.99457,1.4237,0.544578,0.449336,0.814557
19,13471,3.003368,11.620652,184.151774,3957,13851,2.995092,1.524863,196.285364,4337,9514,3.005692,2.905685,0.935736,0.718481,0.994084
8,10486,3.000803,1.265942,65.860704,944,10458,3.00122,0.49467,41.855516,916,9542,2.999053,2.909198,0.725448,0.542288,0.994389
1,743,2.988631,0,12.893582,22,724,3.009059,0,7.35644,3,721,3.015131,0,0.051388,0.03779,0.075548
14,10010,2.999512,1.37954,53.236731,618,9800,3.001844,0.279265,14.943026,408,9392,2.996668,2.778982,0.694118,0.510026,0.978617
16,10928,2.995392,1.880844,72.485473,1353,11808,2.994427,0.617505,169.118395,2233,9575,2.998301,2.914129,0.753391,0.613858,0.997557
6,2884,2.994038,0.000633,66.144211,203,2692,2.999564,0,0.022408,11,2681,3.002766,0.002708,0.199494,0.139989,0.279936
8,726,3.020645,0,17.092846,19,711,3.00333,0,4.540906,4,707,3.004032,0,0.050682,0.036992,0.073813
7,5152,2.99754,0.038317,3.26784,98,5075,3.001552,0.001896,11.108881,21,5054,3.00461,0.185458,0.357484,0.264036,0.527393
19,9555,2.99763,0.893064,26.037736,561,9035,3.001321,0.210549,10.517752,41,8994,2.995875,2.409206,0.662321,0.470026,0.936316
13,14420,2.995927,37.648903,232.462956,4916,14460,3.00294,1.897603,235.66246,4956,9504,2.996912,2.865429,0.989883,0.749191,0.989988
15,10695,3.004347,2.124398,72.778767,1349,10605,3.001874,0.439666,66.225114,1259,9346,3.002514,2.670258,0.741132,0.552103,0.975531
13,9360,2.998672,0.802587,28.335115,168,9308,3.003176,0.182789,13.174813,116,9192,3.008184,2.576428,0.648092,0.485305,0.961186
14,9870,3.003523,1.239184,43.22283,574,9604,2.998329,0.289186,25.308654,308,9296,3.000364,2.719739,0.685498,0.49993,0.969411
2,1488,3.004307,0,35.093572,36,1456,2.998243,0,1.021864,4,1452,3.021651,0,0.103478,0.075776,0.152388
14,8220,2.996668,0.617766,2.933401,56,9000,2.994967,0.124927,53.469158,836,8164,2.99377,1.700177,0.568479,0.467871,0.849773
10,8996,2.999854,0.728523,16.003889,84,9243,3.006163,0.242167,12.773784,331,8912,2.994715,2.254406,0.622196,0.482228,0.927836
2,10206,2.999394,1.191927,44.929036,681,10752,3.001245,0.3322,84.599959,1227,9525,2.993441,2.841125,0.708456,0.558704,0.990649
15,10230,2.997267,1.475491,27.28293,764,10590,3.001608,0.399346,66.809545,1124,9466,2.999717,2.739442,0.704029,0.550807,0.986916
12,8796,2.996217,0.608945,12.427709,207,8676,2.988899,0.238769,23.592711,87,8589,3.00065,2.157437,0.608053,0.449179,0.895955
7,5054,2.999906,0.064977,58.727838,135,4956,2.997739,0.00752,2.775715,37,4919,3.003799,0.297738,0.350132,0.25793,0.514003
7,11050,3.001792,2.860849,100.824422,1521,12019,2.999194,0.77035,108.618907,2490,9529,3.00066,2.898554,0.76785,0.623819,0.994008
13,8983,2.99892,1.089224,14.519952,152,9620,2.999092,0.252437,80.698397,789,8831,2.992535,2.504987,0.618998,0.500393,0.918795
10,7070,3.006518,0.260716,23.191289,55,7550,3.003673,0.070817,19.094727,535,7015,2.997323,1.08924,0.491793,0.393585,0.731327
2,8151,3.004947,0.440172,57.975255,551,7645,2.996804,0.049711,1.527853,45,7600,2.994857,1.465794,0.566975,0.397387,0.791428
6,2824,2.993703,0,11.349597,10,2860,2.979364,0,2.067247,46,2814,3.001921,0.00069,0.19555,0.147935,0.293791
6,4122,3.004978,0.009226,3.113375,24,4338,2.999846,0,36.367018,240,4098,3.001247,0.047842,0.286101,0.225926,0.427167
3,2262,2.999838,0,34.682687,105,2169,3.001572,0,6.413966,12,2157,2.993655,0.001029,0.156768,0.112952,0.224338
14,10360,3.000463,2.382695,84.937592,1006,10262,2.993491,0.289075,53.45034,908,9354,3.007141,2.794838,0.718643,0.53332,0.977983
8,5888,2.997926,0.098625,11.453085,26,5896,2.985613,0.009765,6.995047,34,5862,2.99483,0.399583,0.40828,0.305336,0.610115
2,7190,2.998858,0.221991,2.925712,56,7320,3.000739,0.053332,19.509879,186,7134,2.994298,0.902728,0.498141,0.380614,0.742884
8,5464,2.997787,0.049014,1.484207,31,5616,3.004393,0.018329,19.25487,183,5433,3.012849,0.383215,0.378583,0.292934,0.569168
5,3700,2.982609,0,41.827347,190,3515,3.001733,0,0.067726,5,3510,3.002024,0.026966,0.255355,0.183179,0.366166
13,9633,3.003764,1.009087,22.359356,445,9633,3.003002,0.276539,57.198912,445,9188,3.001435,2.639242,0.668034,0.501321,0.958647
14,10010,3.003408,1.29564,45.671,629,9954,3.002483,0.320584,29.607247,573,9381,2.999844,2.78285,0.695964,0.518107,0.978262
10,5840,2.994906,0.069791,38.838215,232,5624,2.996235,0.003556,0.340958,16,5608,3.010805,0.456177,0.404749,0.292471,0.586669
8,5992,2.995271,0.102967,2.312336,63,6272,3.008984,0.01857,32.576169,343,5929,2.99448,0.627918,0.413924,0.327155,0.617452
14,9296,2.995101,1.104774,10.971927,74,9632,2.995407,0.232045,24.907006,410,9222,3.004145,2.674248,0.643582,0.499138,0.963145
14,9702,2.997679,1.17967,29.533312,426,10374,3.003029,0.29191,76.190158,1098,9276,2.991247,2.594195,0.671366,0.540355,0.964392
13,9386,3.000929,0.983444,65.481058,905,8528,3.003877,0.170718,3.014163,47,8481,2.996882,1.862667,0.651721,0.444741,0.88355
11,8162,2.993532,0.407854,2.849419,74,8217,3.002666,0.130271,45.002124,129,8088,3.00083,1.666566,0.564625,0.428349,0.843869
16,11568,2.999586,2.634477,123.705958,2127,11424,3.000905,0.691265,112.753842,1983,9441,3.003406,2.883857,0.799092,0.594444,0.985444
14,10640,2.992695,1.350632,96.555894,1138,9898,3.006768,0.374776,35.562464,396,9502,2.998583,2.90973,0.734337,0.516561,0.990502
16,688,2.992897,0,6.613752,0,693,3.003345,0,9.9285,5,688,3.00031,0,0.047665,0.036096,0.071674
15,10740,3.001613,2.165509,59.095497,1248,10905,3.001921,0.445359,68.550284,1413,9492,2.994177,2.83377,0.740112,0.568354,0.987892
2,12359,2.998557,5.845515,154.467926,2832,12631,2.997123,0.811762,181.10515,3104,9527,3.003033,2.902819,0.855593,0.6564,0.994453
5,5992,3.000594,0.091932,15.38148,331,5696,3.009738,0.002218,4.137049,35,5661,3.001297,0.302156,0.415184,0.297129,0.590498
1,9646,2.99725,1.226426,36.72342,567,9165,2.997452,0.221365,6.545132,86,9079,3.000399,2.376521,0.669197,0.476738,0.947113
14,699,3.005025,0,22.60891,1,707,2.99967,0,3.794778,9,698,3.006146,0,0.048623,0.036723,0.072888
7,5180,2.997402,0.022205,1.849995,85,5110,2.993445,0.000351,26.248223,15,5095,2.993068,0.126199,0.358813,0.265393,0.530088
12,5696,2.995444,0.097573,6.590998,16,5888,2.999532,0.00465,10.447005,208,5680,3.01108,0.356935,0.394955,0.306229,0.594556
12,7425,2.997546,0.426174,7.633845,24,7579,2.999081,0.071437,13.735016,178,7401,2.99499,1.221403,0.514694,0.394619,0.770496
18,11594,3.000022,2.681311,127.511755,2060,11475,2.996795,0.699668,115.073615,1941,9534,3.000776,2.876114,0.804648,0.597018,0.994628
14,11088,2.99603,1.773717,111.836434,1565,12048,2.993218,0.608241,156.653511,2525,9523,2.998622,2.895803,0.762739,0.625267,0.992582
5,11552,3.00026,2.590369,102.861143,2026,11376,3.004472,0.509219,112.280523,1850,9526,2.998565,2.885712,0.798531,0.592081,0.992988
5,6561,3.001044,0.120295,18.879282,29,6561,2.995657,0.035213,2.373728,29,6532,3.004982,0.746553,0.45534,0.340538,0.681916
19,13870,3.004147,15.076154,219.266268,4328,14307,2.995919,1.747087,211.988177,4765,9542,3.007929,2.933599,0.964566,0.743442,0.997583
13,1422,2.99746,0,0.115499,10,1458,3.001694,0,28.313216,46,1412,2.995178,0,0.098535,0.075851,0.147228
16,11520,2.99569,3.294196,118.025762,2016,11360,3.004359,0.622461,108.996657,1856,9504,3.006434,2.927662,0.797817,0.591886,0.993128
19,8162,3.005302,0.449534,14.65798,177,8074,3.002593,0.092716,5.908569,89,7985,2.991322,1.460289,0.567364,0.419751,0.830439
10,7320,2.997474,0.218381,3.812636,23,7330,2.99873,0.07617,10.698623,33,7297,2.99699,1.02846,0.507905,0.381243,0.759826
14,10962,3.000775,1.608012,126.873674,1639,10374,2.997917,0.249404,38.997319,1051,9323,2.996578,2.765383,0.756584,0.536824,0.97105
18,12996,2.997321,11.502722,209.36387,3454,13644,3.001335,1.251047,234.067148,4102,9542,2.99932,2.922052,0.890587,0.709713,0.994884
5,3810,3.004205,0.003535,20.797401,131,3680,3.00007,0.000267,9.954013,1,3679,3.002163,0.054022,0.264018,0.191671,0.383594
14,10318,3.001058,1.108036,51.203167,770,10010,3.00174,0.285465,47.506849,462,9548,2.99848,2.916759,0.714688,0.521008,0.995243
16,2816,3.002301,0,10.382611,16,2892,2.992329,0,18.737158,92,2800,3.00288,0.00631,0.19546,0.150245,0.292415
14,9968,2.992546,1.246109,26.740488,532,9814,2.995672,0.333891,26.862062,378,9436,2.993609,2.821669,0.68999,0.508352,0.981709
3,2088,2.995711,0,3.006089,12,2223,3.011391,0,23.24114,147,2076,3.010814,0,0.144497,0.116216,0.217047
19,13129,2.996484,7.328923,200.545688,3567,13927,2.998583,1.688176,241.168698,4365,9562,3.001793,2.926637,0.909755,0.724226,0.997643
15,10575,2.995748,1.390288,47.308449,1129,11070,3.000867,0.373862,117.842285,1624,9446,3.004008,2.878311,0.731297,0.576729,0.986167
8,5392,2.998633,0.050986,0.641924,27,5984,3.003221,0.01398,67.096126,619,5365,2.991823,0.26996,0.374044,0.311732,0.557685
3,2932,3.004144,0,21.173228,17,3052,3.002659,0,4.821359,137,2915,3.005618,0.003626,0.203693,0.158966,0.304581
16,11504,2.994444,3.154023,141.919869,2073,11088,3.005912,0.850719,84.284924,1657,9431,3.002236,2.798179,0.794225,0.577881,0.984167
20,15060,2.993413,34.175487,214.484434,5495,13880,2.997987,1.749361,220.414018,4315,9565,3.001265,2.933634,0.976793,0.722007,0.997709
7,4872,3.004669,0.028639,22.062593,134,4760,3.001751,0.013947,2.610981,22,4738,3.00257,0.234476,0.338592,0.247878,0.49473
7,1400,3.00881,0,9.364581,1,1434,2.999272,0,10.726898,35,1399,2.988613,0,0.097508,0.074523,0.145287
11,8283,2.989593,0.420312,47.391554,635,7700,2.998469,0.061648,1.128272,52,7648,2.993611,1.298811,0.573226,0.400364,0.796387
6,4176,2.994435,0.00388,8.225651,88,4122,2.999949,0.001534,22.666299,34,4088,3.006862,0.069148,0.289462,0.214381,0.42764
1,725,3.000809,0,45.27919,22,705,2.991627,0,0.008493,2,703,2.993217,0,0.050257,0.036604,0.07309
15,4350,3.001385,0.009885,31.046383,397,3972,3.006472,0.004494,1.030114,19,3953,3.004761,0.086169,0.302002,0.206879,0.412585
11,14040,2.998422,25.689783,209.14493,4477,13900,3.002514,1.927118,213.302659,4337,9563,2.996362,2.891733,0.952794,0.724179,0.996023
16,6363,2.999438,0.117506,0.230089,36,6678,3.003956,0.029567,46.219283,351,6327,2.995707,0.545621,0.441386,0.348116,0.658955
15,2800,3.005954,0,0.057306,5,3072,3.011341,0,72.349977,277,2795,2.996133,0.007701,0.19483,0.160408,0.291093
2,1406,2.997389,0,21.259464,27,1384,3.017114,0,5.427281,5,1379,2.98425,0,0.097283,0.072367,0.142994
2,1420,3.001143,0,0.007846,8,1512,3.013547,0,76.9902,100,1412,3.002048,0,0.098528,0.07903,0.147249
10,750,2.995933,0,16.776373,35,716,2.993549,0,5.607512,1,715,2.985075,0,0.051957,0.03721,0.074109
4,11040,3.002137,3.151252,84.63898,1579,11010,3.002618,0.61954,106.328907,1549,9461,2.999668,2.851122,0.767226,0.573596,0.986428
3,6777,3.006658,0.107428,84.693149,581,6237,3.000427,0.021454,0.386632,41,6196,2.998746,0.586788,0.471694,0.324348,0.646165
4,10905,3.006718,1.586926,84.759847,1498,10485,2.995971,0.489394,65.569357,1078,9407,2.995606,2.752054,0.757461,0.544687,0.979068
14,4991,3.004471,0.020251,1.900054,68,4935,2.991807,0.011786,11.959565,12,4923,2.997973,0.13577,0.346971,0.256106,0.512925
16,12640,2.999873,4.076964,167.110318,3112,11216,2.997233,0.683203,119.966452,1688,9528,3.000425,2.899631,0.875186,0.583628,0.993694
10,7230,2.99684,0.298333,1.090384,150,7110,3.000341,0.047951,25.605799,30,7080,2.995869,0.981904,0.501153,0.369877,0.737815
17,6056,3.011974,0.098328,4.610503,123,5944,2.987409,0.016703,23.985254,11,5933,3.007238,0.532546,0.42096,0.30794,0.61981
19,4320,3.008695,0.014944,7.198711,10,4452,3.004032,0,7.288728,142,4310,3.007981,0.067939,0.30087,0.232037,0.450947
10,7270,2.998077,0.271464,27.046606,30,7470,3.001428,0.043373,2.072657,230,7240,2.999946,0.969191,0.504174,0.388213,0.754372
4,2788,2.984349,0,0.040567,8,2892,2.985119,0,58.947858,112,2780,3.005146,0.004184,0.192601,0.149878,0.290547
2,4266,3.005298,0.003017,7.241319,18,4380,2.998618,0.000365,7.108746,132,4248,3.000328,0.090573,0.296577,0.227687,0.44306
11,7678,2.996188,0.314399,18.129434,22,8492,2.993253,0.123438,22.498901,836,7656,2.995726,1.36839,0.532517,0.440422,0.79729
6,8868,3.001301,0.74057,30.903586,569,8364,3.000815,0.114013,7.709391,65,8299,3.00387,1.983368,0.613647,0.434467,0.866564
12,9048,3.009819,0.699771,17.931168,162,9084,3.001707,0.129566,9.997086,198,8886,2.996928,2.348401,0.63039,0.472913,0.925739
7,714,2.958094,0,25.141194,11,705,2.998398,0,0.836138,2,703,3.015064,0,0.048891,0.036704,0.073604
7,13158,3.001621,8.715932,162.940784,3598,12648,3.002778,0.955091,185.716566,3088,9560,2.996584,2.907996,0.912621,0.658759,0.996014
2,13756,3.004015,12.911702,212.841028,4197,13661,2.995909,1.346961,203.958892,4102,9559,3.001995,2.918987,0.949188,0.708599,0.997477
18,12978,3.001414,5.112722,203.001621,3440,12330,2.999913,0.822169,138.802137,2792,9538,2.99968,2.924656,0.899744,0.637563,0.99448
19,14155,3.004439,24.130059,215.183566,4623,12806,2.998994,1.006467,196.228604,3274,9532,3.010176,2.920796,0.975772,0.664891,0.997189
20,696,3.01156,0,91.160158,59,639,2.978838,0,0.001382,2,637,3.033838,0,0.04852,0.033046,0.067185
13,7821,3.004678,0.394399,1.752495,26,8206,2.996807,0.101387,32.42325,411,7795,3.000944,1.510321,0.543941,0.425798,0.813065
16,5648,2.992793,0.103754,14.120407,8,5752,3.002823,0.015882,4.020126,112,5640,2.99767,0.493546,0.39129,0.299684,0.587129
6,721,2.973495,0,11.987948,14,713,3.012589,0,7.837247,6,707,3.003711,0,0.049568,0.037227,0.073737
14,6016,3.001143,0.092567,59.589048,611,5416,2.991252,0.008945,3.291673,11,5405,3.003753,0.302944,0.417646,0.281261,0.564395
10,5616,2.987189,0.036774,3.634922,40,5696,3.001103,0.003272,25.094824,120,5576,3.009224,0.222095,0.387169,0.296272,0.583015
7,13604,3.001521,11.974065,196.150059,4025,12920,3.004265,1.129046,168.604041,3341,9579,2.99668,2.919089,0.931404,0.670063,0.997627
13,8788,2.997885,0.557578,3.599896,45,9178,2.995066,0.179541,39.557348,435,8743,3.005031,2.294136,0.609516,0.476074,0.913467
17,6900,2.994431,0.321921,1.290933,20,7420,2.99966,0.081491,33.495159,540,6880,3.001878,0.886453,0.47819,0.386248,0.717169
17,11118,3.000392,4.028138,71.678451,1591,11917,2.995503,0.713878,140.123459,2390,9527,2.997373,2.871985,0.769564,0.619433,0.992548
4,2856,2.990444,0,1.747387,8,3024,2.990992,0,46.986723,176,2848,2.996007,0.004115,0.197701,0.156952,0.296596
18,12834,3.002242,4.831458,183.266317,3308,13482,3.00575,1.153198,213.852677,3956,9526,2.999609,2.910567,0.886188,0.701343,0.993456
6,5026,3.009614,0.047005,14.853376,16,5243,2.992932,0.002652,18.503086,233,5010,3.011306,0.23224,0.350173,0.272187,0.524682
11,10108,3.001033,1.302085,43.224495,627,10528,2.995721,0.396964,54.851007,1047,9481,3.000036,2.81942,0.702186,0.547432,0.988577
16,4212,2.994394,0.009688,5.720886,9,4398,3.0042,0.000428,16.729534,195,4203,3.000657,0.052318,0.291953,0.229383,0.438327
4,4386,3.001255,0.005792,60.141038,48,4356,3.003317,0,0.086617,18,4338,3.005822,0.107225,0.304263,0.226768,0.452784
3,6363,2.998608,0.100172,79.975353,412,6012,3.002112,0.012709,0.287407,61,5951,3.009694,0.476418,0.44167,0.312533,0.623064
8,5760,2.998565,0.116689,0.624888,9,5872,3.00436,0.015118,17.45428,121,5751,3.002538,0.404735,0.399809,0.306179,0.600215
2,1380,2.985981,0,0.022586,6,1452,2.999729,0,52.647518,78,1374,3.0047,0,0.095378,0.075618,0.143597
15,11445,3.006579,2.942754,93.133067,1917,11775,2.999127,0.652131,149.037309,2247,9528,3.000486,2.885089,0.793225,0.612707,0.993765
8,5768,3.000669,0.062229,2.071138,28,5976,3.004125,0.014811,19.6133,236,5740,2.991686,0.288116,0.40067,0.311014,0.597407
13,10598,2.99523,2.418546,96.965467,1241,10640,2.992309,0.360089,58.349367,1283,9357,2.999242,2.6979,0.734802,0.552436,0.9755
15,10710,2.996421,1.708081,64.551337,1173,10890,2.99246,0.458005,84.183908,1353,9537,3.005389,2.923781,0.73978,0.564547,0.996329
17,6970,2.989873,0.270095,2.494977,30,7700,3.004024,0.091544,32.51878,760,6940,2.994712,0.989321,0.481585,0.401089,0.722204
13,9516,2.996047,0.846205,17.16653,444,9425,3.000083,0.17177,36.606909,353,9072,3.000201,2.507145,0.655188,0.490899,0.946567
19,14079,2.995232,8.957295,222.505325,4520,13889,3.001297,1.658309,205.622694,4330,9559,3.002042,2.934615,0.97043,0.722998,0.997729
20,2832,2.991467,0,0.089132,5,2996,2.98129,0,36.81662,169,2827,3.013134,0.004358,0.195999,0.155068,0.295873
19,13794,2.998341,8.415675,206.441906,4249,14820,3.000882,1.93556,231.236182,5275,9545,3.007126,2.927219,0.950201,0.771353,0.997674
18,8664,3.006311,0.811707,2.547338,239,8676,3.001872,0.284577,36.435294,251,8425,2.995716,1.866377,0.599224,0.452099,0.877459
1,739,2.985248,0,40.98355,26,716,2.995501,0,0.025848,3,713,3.017309,0,0.051067,0.037216,0.074741
12,8076,3.004655,0.390972,1.357757,77,8736,2.998134,0.094802,73.939982,737,7999,3.003897,1.520934,0.560201,0.454717,0.835349
17,12240,3.001817,3.827623,172.768387,2739,11849,3.003159,0.737994,123.390875,2348,9501,3.006957,2.870174,0.847322,0.617317,0.993118
16,11248,2.997519,1.514219,116.21332,1730,11872,3.002267,0.734219,130.933755,2354,9518,2.997628,2.917476,0.775896,0.613004,0.991812
19,8832,2.997425,0.715729,8.234528,190,8940,2.999673,0.152286,41.008888,298,8642,2.989989,2.144617,0.608502,0.465357,0.898056
10,6980,2.998147,0.213113,0.832491,22,7510,3.000472,0.063841,27.781822,552,6958,2.996168,0.898172,0.484227,0.39111,0.724156
7,3585,3.00197,0.002236,19.022116,83,3515,3.008051,0,6.650145,13,3502,3.006136,0.022795,0.249122,0.183367,0.365798
5,3515,2.995008,0.000036,0.043526,22,3930,3.013788,0.000072,80.97423,437,3493,2.999284,0.015785,0.243714,0.205618,0.364596
13,10205,2.999656,1.291004,60.937444,874,9516,2.997635,0.213758,12.924603,185,9331,3.000578,2.624368,0.703779,0.494583,0.972969
13,8970,2.997273,0.788236,10.191204,114,9490,3.002653,0.219517,58.533649,634,8856,2.995655,2.470303,0.619641,0.494255,0.921832
13,13500,3.001184,10.195818,196.89323,3920,12618,3.000356,0.809581,181.831096,3038,9580,2.996573,2.928713,0.92824,0.654773,0.99769
12,12834,2.994448,5.357691,140.693554,3417,12276,2.997029,0.952747,194.314955,2859,9417,3.006129,2.912647,0.863091,0.636821,0.984164
2,2139,3.001229,0,22.506461,12,2205,3.011701,0,8.004923,78,2127,3.002063,0,0.148288,0.115225,0.221715
7,13073,3.005612,6.294999,193.423298,3514,12427,2.997301,0.910427,166.709353,2868,9559,3.000753,2.922491,0.908792,0.646657,0.997012
9,10290,2.99747,1.862129,49.49577,735,10682,2.999922,0.39938,90.318205,1127,9555,3.001484,2.92009,0.713454,0.55634,0.997048
14,13642,2.99844,10.148904,200.790028,4078,13414,3.002346,1.668424,184.354823,3850,9564,3.000552,2.936409,0.945201,0.69734,0.997512
14,8261,2.995146,0.432308,3.189728,67,8426,3.002937,0.079286,35.089818,232,8194,3.006055,1.844908,0.570928,0.438061,0.856408
9,6615,3.002982,0.160983,18.264565,9,6642,3.003625,0.063949,1.343235,36,6606,3.001373,0.751815,0.459675,0.346357,0.68844
4,2892,3.011374,0,0.03314,8,2960,3.010623,0,47.151011,76,2884,2.996245,0.001011,0.201356,0.154446,0.300199
4,2788,2.995029,0.000151,19.273208,24,2780,2.986746,0,1.317403,16,2764,3.006863,0.003382,0.193031,0.143978,0.288718
14,9716,2.999274,1.231455,52.416049,380,9366,2.999546,0.537755,18.670951,30,9336,3.004417,2.670672,0.673406,0.48724,0.974654
2,1406,2.988414,0,0.488766,6,1510,2.996149,0,54.117131,110,1400,2.978444,0,0.097243,0.078285,0.145107
1,2828,2.994872,0.000005,0.058792,16,3088,3.00464,0,80.157586,276,2812,3.02319,0.005404,0.195767,0.160908,0.295591
6,4164,3.003296,0.004857,1.338747,13,4338,3.000618,0.000025,51.061306,187,4151,3.003327,0.064538,0.28897,0.225869,0.432985
11,4476,3.00793,0.011267,57.757019,126,4374,2.998612,0.000042,0.305915,24,4350,3.00077,0.119078,0.31148,0.227395,0.45368
9,6741,2.995116,0.241389,1.409206,74,6714,3.004963,0.022652,11.399198,47,6667,3.00471,0.834581,0.467331,0.350002,0.696303
13,8385,2.993698,0.864301,2.768012,151,9399,3.003883,0.163219,109.181861,1165,8234,2.996738,1.830887,0.579999,0.490173,0.857723
10,7480,3.000307,0.266057,23.9087,517,6980,3.013069,0.048505,0.946352,17,6963,2.989892,1.024369,0.518483,0.365125,0.723878
19,7160,3.001538,0.183908,2.788799,40,7640,2.998694,0.043429,33.481705,520,7120,3.006004,0.963485,0.497477,0.397219,0.744271
13,9139,3.000663,1.018758,73.103017,516,8814,2.998289,0.181071,9.432064,191,8623,3.003183,2.274108,0.633501,0.458801,0.900113
16,9061,2.998417,0.770551,7.091144,81,9438,2.997661,0.258006,43.35217,458,8980,3.003581,2.49883,0.628385,0.490744,0.937549
9,6291,3.002867,0.173856,71.678885,22,6444,3.003348,0.054174,1.172521,175,6269,2.982197,0.706701,0.436807,0.335327,0.649524
10,12546,2.997545,5.38615,182.456103,2990,12240,2.999385,0.759588,156.200578,2684,9556,3.000908,2.91587,0.870537,0.636282,0.996747
11,4428,3.003674,0.003304,81.343997,375,4080,3.00913,0.00006,0.679154,27,4053,3.01181,0.081794,0.30755,0.212939,0.42496
13,5054,3.006485,0.056516,62.03197,37,5033,3.007625,0,0.132653,16,5017,3.000523,0.197981,0.351736,0.262734,0.523181
4,10140,2.994481,1.783516,50.531875,636,10455,3.003862,0.455713,61.845219,951,9504,2.98949,2.853062,0.700265,0.545232,0.987606
8,5776,3.004335,0.058379,41.369556,5,5808,3.001604,0.003823,1.674728,37,5771,2.994148,0.319134,0.401691,0.302682,0.600477
16,5824,3.00666,0.129654,38.124206,16,5824,2.997728,0.013967,0.271561,16,5808,3.005389,0.393103,0.405041,0.302767,0.60609
13,2088,2.989824,0,0.047971,17,2127,2.984021,0,69.336344,56,2071,3.000215,0.00204,0.143837,0.110191,0.215928
17,12274,2.993128,4.622678,143.360242,2739,11288,2.998119,0.566758,131.789269,1753,9535,3.003299,2.876083,0.849547,0.587383,0.995352
7,4956,3.002061,0.049249,0.133227,14,5369,3.000605,0.005979,83.034506,427,4942,3.001742,0.189391,0.344276,0.27922,0.515349
7,5096,2.997464,0.019663,0.111458,49,5208,3.001848,0.006423,29.521223,161,5047,3.004544,0.169112,0.35262,0.271324,0.527422
17,4086,3.013258,0.007039,3.464855,24,4608,2.999145,0.000701,78.843111,546,4062,2.996286,0.071954,0.285018,0.239728,0.423646
15,6990,3.010135,0.213207,0.915867,24,7430,3.0047,0.051395,46.397451,464,6966,3.000665,1.054047,0.486434,0.387574,0.726809
3,12708,3.000496,5.993584,192.229567,3121,12276,2.99522,1.030444,170.161983,2689,9587,2.994536,2.916342,0.882646,0.637461,0.997632
8,2840,2.994738,0.000018,0.232239,20,2824,3.004542,0,35.195395,4,2820,2.986945,0.012758,0.196361,0.147101,0.292472
7,15060,2.998315,34.859793,215.326604,5505,14360,3.010286,1.976171,225.030339,4805,9555,3.0005,2.92177,0.977501,0.747614,0.996618
4,2580,3.002933,0,0.024984,12,2824,3.01136,0,112.117668,256,2568,3.007712,0.003021,0.179102,0.14764,0.268541
7,4386,3.001498,0.013984,62.336661,287,4146,2.983966,0.000035,0.109359,47,4099,2.996924,0.103139,0.30426,0.214604,0.427584
10,12852,3.002263,6.123184,196.72276,3371,12474,2.998637,1.14266,131.299232,2993,9481,3.006374,2.923703,0.892773,0.647368,0.990552
11,10860,3.001831,2.202997,99.759295,1466,10785,2.992121,0.295482,98.002116,1391,9394,3.005182,2.823286,0.75128,0.559295,0.981081
16,10605,3.001523,1.901977,78.434539,1294,10980,3.000684,0.482899,145.049459,1669,9311,3.00196,2.770337,0.736589,0.571868,0.971377
2,1444,2.994084,0,38.589778,12,1446,2.996441,0,2.122453,14,1432,2.994794,0,0.099932,0.075195,0.149163
5,7100,2.995207,0.218581,0.774451,32,7240,2.99641,0.044252,49.916933,172,7068,2.998136,1.098434,0.491283,0.375277,0.736299
6,2199,3.004752,0,28.104138,69,2139,2.994582,0,0.036784,9,2130,2.993793,0,0.152874,0.111042,0.221467
9,11900,2.99803,2.814156,141.247641,2398,12750,2.999978,0.990103,193.428428,3248,9502,3.004464,2.910947,0.823139,0.661881,0.992217
8,5784,2.997689,0.064262,63.140836,97,5728,2.997732,0.003828,0.220429,41,5687,2.995033,0.402372,0.400279,0.298108,0.592348
1,689,3.002341,0,5.442097,4,712,2.988173,0,16.17213,27,685,2.990037,0,0.047766,0.036889,0.07123
2,8688,3.005193,0.612006,43.341175,388,8364,3.004445,0.120174,4.125563,64,8300,2.998124,1.793049,0.603166,0.43627,0.865029
17,14520,2.996908,30.145918,218.032317,4946,14320,3.00117,1.844482,253.821629,4746,9574,2.997692,2.923688,0.971153,0.746124,0.997651
14,10416,3.01245,1.49797,67.61603,969,10836,3.002198,0.454794,86.293688,1389,9447,3.003723,2.843333,0.725491,0.56433,0.986364
2,3605,3.013184,0.00035,7.572746,20,3675,3.007637,0.003546,14.060739,90,3585,3.001223,0.035462,0.251347,0.191894,0.374345
12,8808,2.999213,0.702096,15.51958,45,8904,3.00063,0.146546,20.391373,141,8763,3.001967,2.328623,0.610825,0.463304,0.914426
7,5082,3.015333,0.019825,24.628796,294,4795,3.003046,0.002844,12.609093,7,4788,2.99792,0.287417,0.354427,0.249656,0.498404
17,10346,3.001578,1.559394,59.71723,843,10262,2.994622,0.306456,48.967524,759,9503,3.005269,2.845883,0.718219,0.532925,0.992667
18,3395,2.996506,0.000034,0.110725,5,3680,2.998348,0,55.679428,290,3390,3.003702,0.015903,0.235434,0.191512,0.353562
6,8041,2.994407,0.411598,10.598515,80,8184,2.99889,0.098999,12.95293,223,7961,3.001506,1.471348,0.556999,0.426018,0.830756
5,3450,2.996674,0.000229,9.337815,21,3560,2.993435,0,12.432041,131,3429,3.010796,0.033511,0.238818,0.185011,0.358789
15,12016,2.996081,3.107636,170.635482,2503,12208,2.996584,0.550114,176.915589,2695,9513,2.998519,2.903317,0.831376,0.634317,0.991299
8,5568,3.012247,0.039435,10.621191,22,5616,3.000074,0.015526,1.668469,70,5546,3.006158,0.318932,0.388066,0.292507,0.579362
19,8745,2.998824,0.626633,90.738224,1275,7535,3.00553,0.089047,4.389401,65,7470,2.994317,1.494198,0.606158,0.392705,0.777841
12,12325,3.001155,4.542911,172.66845,2807,12461,3.003641,0.922335,134.201056,2943,9518,3.007679,2.91983,0.851394,0.649808,0.995096
3,2169,3.001032,0,2.115473,66,2121,2.998138,0,16.081364,18,2103,2.994247,0,0.150677,0.110204,0.218978
12,8880,2.996039,0.615692,38.751127,544,8364,2.994127,0.14626,3.930226,28,8336,3.010155,2.09925,0.615713,0.43476,0.872233
17,5968,2.993921,0.091023,19.852772,192,5808,2.987568,0.017134,2.143222,32,5776,2.996775,0.473412,0.412158,0.30084,0.601282
19,13091,3.001629,8.480848,163.198088,3526,14079,2.998467,1.326722,237.741823,4514,9565,3.00089,2.922558,0.901393,0.73247,0.997598
5,1468,2.9948,0,34.703206,55,1430,3.000986,0,0.114387,17,1413,2.994571,0,0.101643,0.074211,0.147419
17,1440,3.019725,0,17.899465,32,1410,2.987405,0,1.606544,2,1408,2.992126,0,0.100658,0.073134,0.146282
12,9156,3.000065,0.844475,26.56956,374,9072,3.001559,0.190777,52.888787,290,8782,3.002929,2.386729,0.635202,0.472552,0.916645
15,10695,3.00287,1.328809,87.579569,1180,10275,3.004912,0.355445,74.360845,760,9515,3.002825,2.870445,0.741767,0.533103,0.993118
20,13300,2.999932,8.731281,202.356911,3743,13813,2.996761,1.582597,181.766914,4256,9557,2.993392,2.904515,0.922975,0.71715,0.994618
12,8256,3.001748,0.484913,1.85781,62,8712,3.000377,0.195812,44.650318,518,8194,3.001955,1.748056,0.572694,0.452952,0.85545
14,10010,3.006205,1.266734,71.878609,533,9674,3.005471,0.261473,39.188649,197,9477,2.995796,2.875362,0.696081,0.502985,0.987058
5,3660,3.013153,0.006835,46.626233,195,3485,3.000842,0,0.478174,20,3465,2.992061,0.019245,0.25512,0.181305,0.360149
19,13908,2.99412,10.318866,199.509123,4339,13395,3.000067,1.621066,193.036165,3826,9569,2.997152,2.904048,0.94332,0.695018,0.996811
7,5152,3.011086,0.038536,53.626613,160,4998,3.007733,0.005789,0.209931,6,4992,3.010536,0.27939,0.358749,0.260984,0.522197
8,14136,3.006656,14.603377,229.199633,4582,13414,2.994705,1.322488,198.190792,3860,9554,3.004049,2.939893,0.976683,0.697413,0.99755
19,2193,3.005847,0,26.349667,111,2091,3.009485,0,0.968009,9,2082,3.001901,0.000053,0.152588,0.109176,0.217595
11,8250,2.996117,0.612153,45.141389,279,8019,3.002418,0.136227,3.814914,48,7971,3.006934,1.728698,0.572175,0.417454,0.833317
8,5856,3.003491,0.04635,34.819248,224,5648,2.991666,0.007123,1.65977,16,5632,3.006562,0.399853,0.40714,0.293094,0.58795
19,1376,3.002577,0,4.060977,6,1400,3.007991,0,14.644342,30,1370,2.997554,0,0.095563,0.073113,0.142592
12,8424,3.000957,0.550972,4.048705,37,8760,2.995177,0.223707,35.738992,373,8387,3.000901,1.926441,0.584944,0.45468,0.874732
19,10500,3.00523,2.209924,84.793254,1048,10455,2.997393,0.293846,71.387666,1003,9452,2.995064,2.86146,0.728466,0.543578,0.98407
16,7380,3.004428,0.213514,36.90944,251,7150,3.004626,0.033518,1.014031,21,7129,2.989498,0.981946,0.51215,0.372644,0.74011
18,5250,2.996686,0.036125,17.436237,168,5117,3.008534,0.00382,1.946627,35,5082,2.995981,0.240691,0.363745,0.266917,0.529697
4,2852,3.009831,0,3.527722,60,2796,3.009611,0,41.501582,4,2792,3.023313,0.00347,0.198414,0.146092,0.293291
8,5944,3.001903,0.11013,34.307309,278,5720,3.000085,0.001995,0.217677,54,5666,3.00368,0.480246,0.41304,0.297224,0.591639
5,3815,3.006698,0.001206,38.800006,205,3640,3.008123,0,0.219634,30,3610,3.006217,0.056302,0.264802,0.189814,0.377327
18,12834,3.002268,5.163099,153.440304,3298,12726,3.005454,1.37894,187.466922,3190,9536,2.998103,2.902593,0.884508,0.663921,0.993975
2,4991,2.992625,0.023247,49.188896,194,4830,2.997262,0.004931,0.351571,33,4797,3.00537,0.215916,0.345275,0.250471,0.500978
16,12474,2.997824,6.388291,157.659899,2953,12330,2.999731,0.960922,173.330215,2809,9521,3.000353,2.865681,0.865539,0.64213,0.992816
8,10164,3.002315,1.203038,42.444849,714,10178,2.996674,0.261186,59.185242,728,9450,3.001181,2.761443,0.706378,0.529516,0.985731
2,1348,3.006668,0,7.883529,12,1372,3.004969,0,6.904094,36,1336,2.985749,0,0.093608,0.071391,0.138538
4,3056,3.009109,0,93.125354,208,2848,3.006069,0,0.212298,0,2848,2.995204,0.00368,0.21264,0.148633,0.296192
16,12016,3.003394,4.542699,157.723234,2474,12800,2.997178,0.97769,176.937018,3258,9542,2.999766,2.890994,0.832879,0.665956,0.994936
7,4893,2.994332,0.026179,23.711217,6,4949,3.000495,0.002604,0.472683,62,4887,3.013326,0.247065,0.33915,0.25695,0.511845
4,2752,2.998027,0.000135,0.294702,4,2792,3.008416,0,41.507006,44,2748,3.003484,0.006051,0.190868,0.145623,0.286582
1,12348,2.998283,4.409619,145.874847,2788,12690,3.001489,1.146462,166.579211,3130,9560,3.002183,2.920136,0.854274,0.661266,0.99752
1,7300,3.004738,0.185182,14.97345,269,7050,3.00516,0.027513,6.263399,19,7031,2.99717,0.929545,0.505701,0.367829,0.732471
8,12070,2.996195,2.965501,126.090346,2538,11883,3.001824,0.644183,161.432749,2351,9532,3.000693,2.917125,0.832238,0.619283,0.994195
7,4816,2.989112,0.026958,0.137964,18,5418,3.001147,0.008631,68.688227,620,4798,3.005741,0.146815,0.333231,0.281724,0.501894
9,14100,2.998363,10.294403,209.488762,4537,14120,3.00177,1.300856,232.295011,4557,9563,3.001435,2.92648,0.953353,0.728039,0.997676
9,8173,3.002662,0.346691,2.612205,39,8602,3.003957,0.107788,53.967501,468,8134,2.996886,1.67843,0.568009,0.448064,0.847495
15,10380,2.999975,1.35593,35.679564,891,10365,2.996478,0.335559,48.67044,876,9489,3.005811,2.867626,0.719128,0.537635,0.991499
10,4302,3.000787,0.016642,18.692361,78,4242,3.001109,0,2.475467,18,4224,2.996442,0.050277,0.298427,0.220724,0.439848
10,7290,2.996724,0.2592,16.81818,29,7470,3.001385,0.047339,5.393915,209,7261,2.999179,0.981104,0.505697,0.388847,0.757093
8,2232,3.008513,0,21.963453,111,2130,3.009025,0,7.357624,9,2121,2.99435,0,0.15506,0.110914,0.220521
17,13889,3.0005,12.446593,219.63516,4360,14155,2.999802,1.664657,194.764538,4626,9529,3.007087,2.928977,0.964583,0.736099,0.996065
18,13832,2.99739,12.745823,233.344209,4270,14041,3.000691,2.181957,252.442167,4479,9562,3.00192,2.933717,0.953042,0.731446,0.997644
17,13039,2.99412,10.170742,173.571721,3506,12614,3.00346,1.221649,188.841719,3081,9533,3.004636,2.930766,0.901438,0.656461,0.995208
10,6008,3.002483,0.073227,85.317721,546,5488,2.996137,0.004415,0.211078,26,5462,3.0031,0.321156,0.417018,0.285465,0.570708
15,11010,2.998477,2.375569,110.077183,1473,9840,3.00037,0.38425,37.08001,303,9537,2.994806,2.879459,0.762811,0.511911,0.992694
13,7550,2.997551,0.233273,20.821079,379,7200,2.995383,0.049063,2.298124,29,7171,3.00112,0.997012,0.523071,0.37368,0.747936
17,12240,3.004728,6.116391,146.719664,2682,12189,2.994904,0.696012,171.084881,2631,9558,3.003013,2.936166,0.841933,0.633234,0.997639
7,13248,2.998907,15.978774,202.316619,3710,13482,3.007786,1.065968,198.833216,3944,9538,3.000198,2.918625,0.919121,0.699304,0.994729
18,6273,2.998094,0.134032,8.352092,27,6732,3.001618,0.056467,21.326727,486,6246,2.996795,0.59314,0.435338,0.35034,0.650792
7,4942,3.000446,0.042095,6.593283,7,4970,3.003066,0.002759,11.721513,35,4935,3.004671,0.181003,0.343033,0.259124,0.514863
1,734,2.990113,0,45.41655,50,687,2.98877,0,0.392164,3,684,2.977386,0,0.050779,0.0356,0.070875
19,6032,2.993202,0.082801,33.794361,96,5960,3.006721,0.010929,0.793097,24,5936,3.001917,0.450417,0.41715,0.310824,0.6193
8,11295,2.991591,1.912455,123.305359,1773,10860,2.99541,0.488948,91.671286,1338,9522,3.001696,2.907879,0.782195,0.561731,0.993547
8,4206,3.008101,0.004961,0.086057,8,4584,3.002748,0.000346,77.390538,386,4198,3.006196,0.104651,0.292872,0.238497,0.438826
9,6813,3.004292,0.162584,34.419545,221,6615,3.001272,0.014322,0.600618,23,6592,3.000293,0.759792,0.473575,0.344669,0.687584
5,3665,2.988445,0.004538,30.102689,15,3765,2.997799,0,6.552481,115,3650,3.003046,0.037092,0.253534,0.195928,0.381609
11,5504,2.992411,0.088855,2.752977,29,5856,3.005334,0.025627,40.417161,381,5475,3.005086,0.356246,0.380611,0.305122,0.572049
10,6950,3.008803,0.228689,0.385106,20,7800,3.000955,0.059014,85.830248,870,6930,3.000437,0.990791,0.483472,0.406379,0.722169
8,11550,3.004519,1.995631,124.606487,2003,10785,3.002041,0.450092,71.103603,1238,9547,2.998445,2.890147,0.800648,0.56182,0.994756
13,9412,3.000812,0.920666,54.992364,835,8632,2.995437,0.149372,12.2803,55,8577,3.000673,2.275527,0.650792,0.448907,0.895025
8,9276,2.99652,0.80026,122.965802,1035,8328,2.996704,0.126808,1.749898,87,8241,2.995031,1.707691,0.643267,0.433071,0.858116
10,12852,3.002924,5.421591,196.345071,3322,13068,3.000318,1.127088,197.692893,3538,9530,2.998708,2.912102,0.891827,0.680166,0.993204
15,11115,2.997402,1.852487,95.922906,1655,10275,2.994478,0.358298,53.607803,815,9460,3.006826,2.864071,0.768483,0.532628,0.988711
9,6309,2.998894,0.141143,2.195965,39,6336,2.998389,0.02294,25.485844,66,6270,3.001769,0.670617,0.437377,0.329823,0.654458
5,9724,3.004914,0.845331,27.954269,474,9633,3.009096,0.216264,20.693402,383,9250,3.007843,2.681409,0.669817,0.50324,0.967437
8,5840,3.007577,0.091377,27.950146,288,5576,3.007011,0.01538,5.077948,24,5552,3.000809,0.459947,0.405142,0.290865,0.578936
10,7420,3.006175,0.410245,9.51573,51,7400,3.002354,0.061251,9.197518,31,7369,3.004063,1.074198,0.515412,0.384839,0.768885
2,1480,2.990691,0,41.675886,54,1436,2.98124,0,0.020855,10,1426,3.000191,0,0.1023,0.074211,0.149035
5,3545,2.998851,0.00054,14.869374,16,3660,3.002724,0,10.884101,131,3529,2.994274,0.061652,0.245676,0.190561,0.367342
8,5800,2.998833,0.07762,0.643117,8,5848,3.002568,0.018694,37.296682,56,5792,3.001602,0.392682,0.402107,0.304727,0.603656
7,5110,3.014302,0.033526,2.124975,14,5236,3.005493,0.00176,30.139364,140,5096,3.006769,0.218953,0.355899,0.272877,0.532031
6,2768,2.999057,0,4.859671,19,2980,2.990909,0,48.640957,231,2749,3.013174,0.006437,0.191743,0.15463,0.288289
4,2788,3.015447,0,0.030681,11,2920,3.00838,0,37.01059,143,2777,3.002766,0.002479,0.194544,0.152411,0.289859
3,8019,2.993185,0.382288,2.247112,80,8228,3.004922,0.097832,28.756944,289,7939,2.999566,1.437857,0.553302,0.429015,0.827723
7,5145,3.008674,0.025846,4.626699,44,5313,2.995648,0.009121,11.459862,212,5101,2.994274,0.248894,0.357931,0.276078,0.531426
14,3400,3.002738,0.006968,4.281262,10,3780,2.986516,0,42.824353,390,3390,3.010519,0.03632,0.236308,0.195698,0.354677
6,4200,2.998596,0.006047,2.888668,5,4518,2.998533,0.003362,25.854804,323,4195,3.001559,0.115514,0.29153,0.234587,0.43771
11,7722,2.999515,0.50907,28.778412,116,7656,3.007861,0.092471,4.312615,50,7606,3.001197,1.237753,0.534826,0.399778,0.793623
8,12002,2.994861,2.894063,122.826119,2413,12444,2.997589,0.739294,172.65296,2855,9589,2.99435,2.925264,0.831781,0.647604,0.997785
15,10425,3.007643,1.426296,69.50827,934,10845,2.995919,0.454563,96.821388,1354,9491,2.997825,2.814018,0.724864,0.564075,0.989201
17,11900,3.002073,2.974433,133.793546,2358,12240,2.998692,0.632003,158.687474,2698,9542,3.00003,2.925142,0.821081,0.635493,0.995095
7,5040,3.006112,0.032844,32.69939,217,4858,2.991915,0.000942,0.993791,35,4823,2.991362,0.244032,0.350713,0.25167,0.501929
5,6741,3.004873,0.164473,104.593644,729,6039,3.001351,0.019455,0.36459,27,6012,2.998815,0.615951,0.468125,0.314597,0.626547
11,12330,3.001021,3.932606,150.459839,2777,12654,3.000414,1.158484,164.312389,3101,9553,3.004844,2.938444,0.854633,0.658226,0.99773
13,5528,3.009884,0.066544,2.558004,30,5784,3.008606,0.006651,35.667766,286,5498,2.988109,0.401582,0.384577,0.302104,0.571187
2,1392,2.977743,0,21.759962,5,1478,3.003321,0,16.944189,91,1387,3.002695,0,0.095837,0.07689,0.144767
14,10234,2.993602,1.299003,76.446281,787,10248,2.99011,0.372384,47.183111,801,9447,2.992066,2.87301,0.707705,0.529767,0.982945
5,3720,2.999258,0.005488,6.169773,137,3600,3.000572,0,7.284819,17,3583,2.99731,0.016764,0.258245,0.187286,0.373709
7,726,2.982799,0,0.000789,5,729,3.008908,0,76.452589,8,721,3.009047,0,0.050053,0.038081,0.075472
15,8232,2.991279,0.583165,2.614978,92,8988,3.006748,0.173463,70.58819,848,8140,3.001809,1.765665,0.568691,0.468872,0.8493
18,12870,2.998596,5.963258,162.486275,3323,12744,3.003268,0.870765,170.265576,3197,9547,3.006584,2.93658,0.890057,0.661696,0.997603
20,4272,3.008107,0.003795,4.506425,42,4242,2.995199,0.002289,9.124021,12,4230,2.997253,0.073818,0.297261,0.220584,0.440657
5,7480,3.003099,0.282624,79.677833,598,6930,2.991158,0.027739,0.53114,48,6882,2.994625,0.871037,0.519981,0.359276,0.716728
9,9360,2.995327,1.059288,60.987832,737,8905,3.005503,0.194693,10.985041,282,8623,2.998497,2.345279,0.6472,0.464592,0.899001
18,13626,2.997771,6.385494,216.395942,4101,12762,3.002256,0.836179,181.790533,3237,9525,2.998369,2.88038,0.929936,0.663342,0.992605
17,10598,2.998989,1.635266,92.852199,1548,9240,2.996754,0.220999,7.435166,190,9050,2.990386,2.399932,0.734829,0.480564,0.940802
1,702,3.011294,0,0.369293,2,729,3.021439,0,24.887578,29,700,3.018485,0,0.048879,0.038194,0.073436
9,6462,2.993932,0.115437,35.102875,342,6156,2.995384,0.021281,1.331259,36,6120,2.996454,0.488971,0.447778,0.319328,0.637387
17,1476,2.999856,0,15.348744,80,1402,2.999338,0,1.942639,6,1396,3.012954,0,0.102495,0.072858,0.146171
9,6462,3.006037,0.146744,27.486939,25,6543,3.000293,0.025361,2.372732,106,6437,2.988136,0.692868,0.449526,0.340451,0.668612
7,5047,2.998798,0.012784,12.055645,7,5264,3.008645,0.002684,12.114032,224,5040,2.998376,0.149613,0.350318,0.274819,0.524755
6,4410,2.991237,0.010633,42.54755,0,4500,2.999945,0.001378,1.690184,90,4410,2.998396,0.110838,0.305355,0.234132,0.459129
15,11775,3.000967,3.484566,118.811097,2213,11205,2.999732,0.489562,97.236171,1643,9562,3.000776,2.916258,0.815621,0.582724,0.997358
20,7887,2.998594,0.383737,2.380602,75,8052,2.997544,0.067399,24.297843,240,7812,2.995386,1.458977,0.545726,0.419032,0.813711
18,12906,2.994964,4.510976,143.110216,3329,13698,2.999596,1.603278,217.90706,4121,9577,2.996507,2.911528,0.88077,0.711098,0.997435
2,1458,3.013943,0,71.254667,63,1400,2.997646,0,0.040875,5,1395,2.99898,0,0.101685,0.072812,0.145379
2,1370,3.003198,0,0.003406,4,1594,2.985425,0,82.688485,228,1366,2.992494,0,0.095185,0.082519,0.142
2,3340,3.007488,0.000264,0.240441,11,3750,3.000573,0,96.635157,421,3329,2.993335,0.024717,0.232192,0.195257,0.346543
4,2892,3.005731,0.001582,0.16853,9,3008,3.00385,0,63.843533,125,2883,3.005117,0.013065,0.201002,0.156868,0.301216
13,9828,2.999269,1.070109,39.525925,364,9542,3.002662,0.291432,15.975388,78,9464,3.008788,2.833955,0.680539,0.496957,0.989881
8,12410,3.0044,4.248992,175.623055,2846,12580,3.002388,0.813682,174.770568,3016,9564,3.000767,2.925597,0.860751,0.655289,0.997434
6,4422,2.991124,0.01329,32.953906,336,4116,2.993677,0.002816,0.291674,30,4086,2.99183,0.131037,0.305527,0.213711,0.425321
18,13554,3.004479,9.792417,194.628708,3990,13014,2.995597,0.821572,186.543068,3450,9564,3.000449,2.927693,0.926611,0.676818,0.997488
9,8256,3.0044,0.555561,48.166751,329,7968,2.996819,0.114966,11.020344,41,7927,3.004855,1.816248,0.574196,0.413879,0.827583
18,13623,3.000403,8.85093,207.45057,4076,14782,2.998009,1.998253,270.032332,5235,9547,3.00494,2.933674,0.941155,0.768923,0.997417
15,10140,2.997209,1.34524,37.652557,581,10410,3.000872,0.456765,92.465915,851,9559,3.002674,2.926295,0.703503,0.540884,0.997572
19,1410,3.009548,0,0.137113,6,1508,3.002355,0,45.537013,104,1404,2.988042,0,0.097988,0.078487,0.145792
14,10262,2.995238,1.676803,45.313091,720,10136,3.004953,0.335562,48.342523,594,9542,2.996228,2.838886,0.706876,0.527687,0.993587
17,1458,2.997137,0,17.185146,39,1430,2.998349,0,1.314355,11,1419,2.987607,0,0.101079,0.074352,0.147655
3,8261,2.998911,0.826274,6.011513,341,7953,2.992174,0.089412,26.19883,33,7920,3.002355,1.833872,0.572662,0.412157,0.825692
10,11696,2.998877,2.729068,139.800628,2200,11536,3.004437,0.574618,109.383558,2040,9496,3.000936,2.90265,0.809849,0.599124,0.990481
13,13946,2.998568,8.894114,206.591972,4423,13547,3.006187,1.152599,196.63208,4024,9523,3.00354,2.921606,0.950377,0.707028,0.994071
2,1444,3.001938,0,81.578578,110,1344,2.983457,0,0.004218,10,1334,3.00362,0,0.100275,0.069593,0.139509
18,11988,3.001415,3.105989,136.16541,2432,12618,2.994818,0.987299,176.017096,3062,9556,3.002745,2.927677,0.824524,0.655315,0.997488
7,5264,2.997294,0.038365,0.141255,37,5453,3.000503,0.007028,46.96196,226,5227,3.001363,0.24827,0.364849,0.283845,0.545594
2,1304,2.993758,0,0.022172,2,1566,2.992081,0,142.86823,264,1302,3.002924,0,0.090278,0.081249,0.135757
2,9191,3.000996,0.651852,11.979886,137,9737,2.995199,0.233283,34.844098,683,9054,2.995135,2.496104,0.637617,0.506274,0.942587
3,2061,3.001099,0,23.862224,6,2127,2.999147,0,3.833256,72,2055,2.993605,0.000199,0.14306,0.110595,0.213606
12,8904,2.998148,0.681698,63.563222,373,8544,2.99937,0.146547,3.449491,13,8531,2.999748,1.978929,0.617747,0.444907,0.889521
13,1366,2.9776,0,0.054496,6,1460,3.001345,0,68.411288,100,1360,2.993714,0,0.093969,0.075952,0.14137
7,5117,3.009568,0.034364,59.371523,308,4844,2.998501,0.001022,0.122128,35,4809,3.006086,0.199586,0.356312,0.251778,0.502095
5,5440,3.002489,0.045529,0.371844,8,5944,2.999963,0.019642,38.74888,512,5432,2.998049,0.343846,0.378062,0.309599,0.565483
17,12682,3.00009,5.787086,134.50726,3141,12206,2.998512,0.806395,149.123512,2665,9541,2.998551,2.908606,0.866941,0.635425,0.994355
11,8547,3.001162,0.569679,62.2143,477,8107,3.006216,0.110913,2.196346,37,8070,2.992292,1.697173,0.592,0.422597,0.839371
13,5159,2.990196,0.044988,8.773207,154,5026,3.000542,0.002757,15.077071,21,5005,3.003924,0.225262,0.356613,0.261339,0.522352
15,11115,3.003817,2.154126,88.922826,1597,11100,3.007831,0.655588,134.32415,1582,9518,2.99771,2.902467,0.771959,0.579634,0.991814
4,1468,3.00015,0,33.374721,82,1388,2.995183,0,1.103473,2,1386,2.987438,0,0.10195,0.072176,0.143796
9,12258,3.00002,4.803451,152.97228,2736,12978,3.001292,1.073322,198.089641,3456,9522,2.997262,2.904807,0.849272,0.676229,0.992026
3,3475,3.001877,0.00372,8.246019,40,3440,3.003491,0,8.01989,5,3435,3.00904,0.030431,0.241221,0.179375,0.358966
12,13300,2.995646,9.549844,205.608205,3742,13319,2.998079,1.026436,179.822442,3761,9558,3.000979,2.929247,0.9208,0.688131,0.996876
5,3725,3.009631,0.000138,22.162151,40,3700,2.99997,0,7.733899,15,3685,3.009144,0.036632,0.259404,0.192538,0.385073
13,2175,3.004465,0,0.805658,12,2208,2.99884,0,23.661796,45,2163,2.997418,0,0.151132,0.114691,0.22554
3,2181,2.977055,0,1.810189,5,2220,3.004601,0,17.098559,44,2176,2.990089,0,0.1503,0.115802,0.226191
17,12563,2.997955,5.963528,151.731093,3002,11866,3.005519,0.917699,172.405327,2305,9561,2.999028,2.879014,0.86596,0.616458,0.996417
11,8206,3.000249,0.474903,16.177559,286,7931,2.999759,0.091905,5.939596,11,7920,2.996037,1.543761,0.568785,0.412754,0.82391
11,14700,3.005835,32.605681,216.700481,5118,13940,2.999766,1.617769,213.609228,4358,9582,2.994448,2.926595,0.980923,0.724683,0.997629
19,14117,3.00278,9.836589,228.073722,4611,15295,3.002583,2.746265,268.318108,5789,9506,3.00434,2.923567,0.973074,0.796565,0.992737
9,10992,3.007821,2.786224,83.29609,1430,12096,2.9913,0.838976,150.51334,2534,9562,3.000677,2.91575,0.760645,0.627058,0.997495
6,5327,3.002884,0.084248,4.143162,284,5075,3.004969,0.000081,21.636367,32,5043,2.993178,0.257511,0.369938,0.264662,0.525117
7,4872,2.992151,0.02792,5.380893,4,4928,3.002436,0.00159,26.615152,60,4868,3.001956,0.204343,0.337448,0.256817,0.507803
13,9971,2.999226,2.063169,89.605957,1035,9139,3.000419,0.206248,5.660354,203,8936,2.999943,2.42989,0.691795,0.475954,0.931712
15,10785,2.999431,2.080708,67.570195,1266,10605,2.998227,0.595816,88.625489,1086,9519,2.997515,2.865937,0.748816,0.551156,0.991849
13,12080,2.996776,5.813163,134.311455,2587,11200,2.999517,0.590029,112.831488,1707,9493,3.004701,2.858676,0.832449,0.582372,0.991382
16,11184,2.993524,2.067209,85.241175,1660,11648,3.002435,0.617243,136.409463,2124,9524,3.000127,2.901694,0.774184,0.607032,0.993056
12,8724,2.996844,0.496769,41.241434,203,8592,2.999757,0.118253,6.578919,71,8521,2.999236,2.166545,0.603783,0.446512,0.888338
6,3650,2.994587,0.002139,107.170506,231,3435,3.001716,0,0.048024,16,3419,3.000728,0.024072,0.252746,0.178789,0.356776
5,3620,3.003973,0.003284,46.839089,73,3575,2.989166,0,0.953786,28,3547,2.997298,0.03955,0.251281,0.185314,0.370267
20,12336,3.002022,5.816182,168.334065,2903,10672,2.996912,0.545613,84.621062,1239,9433,3.00772,2.877546,0.856526,0.555269,0.986038
18,6156,2.994686,0.138464,0.355466,9,6327,3.012636,0.027579,35.009584,180,6147,3.011155,0.642351,0.426751,0.330919,0.64275
6,4770,2.999267,0.016299,59.958185,196,4602,2.99874,0.0004,0.251782,28,4574,3.004475,0.126154,0.330675,0.239303,0.478111
19,11390,2.99514,3.745684,127.695948,1893,12801,3.000245,0.802898,170.949164,3304,9497,3.006861,2.910428,0.787937,0.664522,0.992694
2,1426,2.983869,0,4.971941,14,1420,2.985099,0,18.615794,8,1412,3.004796,0,0.09824,0.073316,0.147318
8,13756,3.001701,12.059761,206.579381,4206,13718,3.002896,1.671956,235.386076,4168,9550,3.001438,2.919742,0.953292,0.71426,0.99641
7,8328,2.995416,0.537037,2.16195,116,8760,2.999801,0.191686,46.153832,548,8212,2.999024,1.879643,0.57734,0.455856,0.856059
6,4458,2.992387,0.013957,25.624378,210,4248,3.010852,0,13.508373,0,4248,3.000388,0.078047,0.308401,0.22205,0.442557
13,9334,2.999105,0.759233,8.691825,267,9178,2.999045,0.189587,34.997827,111,9067,3.001467,2.410665,0.646722,0.47749,0.946106
17,12206,3.005877,5.193018,111.139639,2692,12699,2.997634,0.911297,171.366287,3185,9514,2.998649,2.882809,0.846386,0.659955,0.991793
2,1352,3.012903,0,1.598547,6,1472,2.97726,0,38.720343,126,1346,3.018661,0,0.094293,0.076008,0.141469
7,1480,2.998174,0,14.393897,5,1482,2.999782,0,10.214312,7,1475,3.013144,0,0.102607,0.077086,0.154543
17,12138,3.000053,3.247346,129.514982,2607,12138,2.992414,0.742085,134.143117,2607,9531,3.001524,2.924345,0.842189,0.629686,0.994306
7,4760,3.001139,0.047938,0.24079,7,5348,2.995319,0.002878,99.974882,595,4753,3.005498,0.261989,0.330669,0.277561,0.496036
17,12427,3.001886,5.799263,175.460151,3037,12070,3.006662,0.907321,162.017829,2680,9390,2.999426,2.866844,0.856631,0.629705,0.978857
7,10164,2.993212,1.114064,44.279359,650,10570,3.006937,0.338899,66.537236,1056,9514,2.991803,2.869492,0.701743,0.550979,0.989312
8,14364,2.999402,21.674223,222.335718,4764,14535,3.000877,1.772403,255.210758,4935,9600,2.987587,2.915876,0.988246,0.756515,0.996815
5,1516,3.003218,0,41.527928,140,1378,3.006534,0,0.571898,2,1376,2.998071,0,0.105391,0.071853,0.143241
16,10576,3.001454,1.883425,81.946278,1029,11872,3.007364,0.650807,156.089811,2325,9547,3.002659,2.901474,0.733749,0.615682,0.996348
16,11504,3.004072,3.102183,121.747504,2070,11648,3.001146,0.605839,107.583035,2214,9434,2.99671,2.845292,0.798034,0.605947,0.982624
17,12733,3.004494,6.933558,169.677554,3151,11866,2.992373,0.662479,145.920379,2284,9582,2.993175,2.914319,0.882553,0.61645,0.996708
15,4248,2.995391,0.008731,0.586013,18,4236,3.005853,0,29.368899,6,4230,3.006164,0.079645,0.294547,0.22106,0.441554
3,9373,2.998769,0.947398,92.299005,1120,8346,3.010349,0.159179,4.439125,93,8253,2.996277,2.02196,0.650636,0.435833,0.859841
5,11849,3.003537,3.860465,161.61636,2328,11832,2.999044,0.632573,139.367173,2311,9521,3.000826,2.86822,0.823486,0.616054,0.993201
3,2115,3.004456,0,0.400028,5,2307,3.014696,0,36.275177,197,2110,2.986101,0,0.147027,0.120745,0.218971
8,10808,3.002927,1.535296,48.750697,1383,10052,3.000874,0.267533,58.335965,627,9425,3.001032,2.803133,0.749657,0.523694,0.983518
2,1450,2.995277,0,0.600578,0,1540,2.992543,0,44.156262,90,1450,3.000561,0,0.100536,0.080009,0.15107
20,13520,3.00322,13.691387,196.605023,4010,14080,2.998891,2.185474,224.409938,4570,9510,3.00492,2.928133,0.937081,0.72678,0.993184
14,4494,3.003841,0.009667,9.042871,114,4392,2.992152,0.000173,4.908349,12,4380,3.004735,0.100813,0.311831,0.227893,0.457166
16,11664,3.001758,2.289979,142.243026,2127,11552,3.003981,0.541778,125.726079,2015,9537,3.00702,2.907014,0.808664,0.602465,0.99695
7,4984,3.006404,0.022069,37.865246,266,4725,2.993578,0.002756,1.606258,7,4718,3.000279,0.197801,0.34685,0.245466,0.491504
4,2103,3.005344,0,3.086605,63,2049,3.01275,0,18.76784,9,2040,2.97548,0.000192,0.146291,0.107056,0.210785
4,2920,3.00324,0,13.054547,4,2932,2.99366,0,4.348496,16,2916,3.014315,0.003247,0.202765,0.152386,0.305199
17,2106,2.992942,0,9.254091,24,2088,3.011075,0,8.567226,6,2082,3.004129,0,0.145906,0.108965,0.217174
1,756,3.008365,0,7.715537,0,800,2.989975,0,22.762628,44,756,3.020485,0,0.052646,0.041527,0.079288
15,10935,3.003693,2.169856,72.136382,1367,10725,2.994355,0.406307,58.469769,1157,9568,2.99799,2.867265,0.76031,0.557543,0.996836
19,8450,3.002754,0.883052,8.340366,50,9373,3.006873,0.255654,35.510513,973,8400,2.996837,2.018807,0.587218,0.489306,0.875222
20,14540,3.000049,23.024256,236.038523,4975,14620,3.002485,1.813064,244.589362,5055,9565,2.995304,2.915046,0.994267,0.761702,0.995758
15,10680,2.994482,1.588188,75.062353,1306,11010,3.000496,0.507752,63.536967,1636,9374,3.002303,2.834779,0.737396,0.571446,0.978275
10,7590,2.996592,0.321406,71.004191,660,6970,2.997833,0.050398,1.281839,40,6930,3.003161,0.948957,0.525806,0.362532,0.723281
2,2163,3.011256,0,6.055759,14,2217,2.999705,0,17.054829,68,2149,3.00212,0.000102,0.150352,0.115344,0.224411
19,12977,2.999601,6.064607,173.692829,3408,13680,2.999152,2.261101,187.208297,4111,9569,2.99929,2.932404,0.895677,0.708092,0.997643
11,2900,2.994047,0,74.104431,156,2756,2.998846,0,0.029257,12,2744,2.9967,0.001772,0.20092,0.143486,0.285869
11,14155,3.001668,13.106658,225.983595,4645,13566,3.002671,1.120323,212.310791,4056,9510,2.998381,2.893789,0.978491,0.704975,0.991201
15,3016,2.997836,0.000798,24.497248,156,2868,2.997768,0,6.427089,8,2860,3.000123,0.002786,0.209293,0.149185,0.298138
12,8628,2.998113,0.684,80.917488,546,8160,3.008267,0.094202,1.790085,78,8082,2.997039,1.723095,0.59815,0.425596,0.842226
11,8162,3.000936,0.445841,19.980124,22,8404,3.004369,0.109991,9.490494,264,8140,2.999295,1.759423,0.566834,0.438346,0.847846
6,4098,3.002295,0.009219,0.132627,0,4416,2.996649,0.001253,38.568452,318,4098,2.999177,0.099752,0.284801,0.229743,0.426758
9,6516,2.99759,0.109476,12.887421,191,6417,2.997003,0.0458,6.798474,92,6325,3.010797,0.551328,0.452136,0.333196,0.662327
7,5222,3.002335,0.021159,0.135429,14,5425,2.992732,0.005927,32.006035,217,5208,2.994463,0.218325,0.362354,0.281868,0.541499
5,3490,3.002996,0.000665,3.082259,9,3570,2.985779,0,9.834102,89,3481,3.010785,0.029138,0.242498,0.185052,0.364187
11,7986,2.9961,0.444548,23.74506,78,8008,2.993793,0.07941,5.930461,100,7908,2.999172,1.44892,0.553536,0.41565,0.824582
12,8592,3.00053,0.579936,10.437681,279,8424,3.004844,0.127974,11.582309,111,8313,3.005624,1.781849,0.59555,0.438954,0.868534
2,1434,3.007456,0,13.308563,0,1436,2.99108,0,1.514096,2,1434,2.99859,0,0.099831,0.074569,0.149305
11,4254,3.00266,0.013789,0.562821,12,4254,2.995361,0.003782,30.092981,12,4242,3.002755,0.115809,0.295516,0.22122,0.442301
12,8652,2.996621,0.856394,11.378315,92,8664,3.002012,0.209639,51.628237,104,8560,2.996215,2.233194,0.599727,0.450976,0.891654
13,12155,2.997916,3.527125,156.854781,2607,12019,2.999725,0.817018,113.29643,2471,9548,3.002185,2.897735,0.843151,0.625453,0.996257
4,2752,3.000807,0,3.874186,52,2724,3.005074,0,21.546726,24,2700,2.996262,0.007641,0.191033,0.142031,0.281891
4,2816,3.005572,0.000495,2.839851,11,2900,2.987975,0,19.904954,95,2805,2.999698,0.006805,0.195916,0.15024,0.29238
12,8868,2.998148,0.767721,23.586176,405,8520,2.998601,0.114631,6.241344,57,8463,3.005457,1.945453,0.615392,0.443559,0.884134
6,2888,3.009393,0,16.480026,72,2820,3.003481,0,1.79853,4,2816,3.011617,0.006121,0.201003,0.146838,0.294469
17,8724,3.00323,0.583851,38.153796,347,8580,3.001581,0.207708,5.108619,203,8377,3.01046,2.026417,0.605181,0.446475,0.87685
16,12064,3.002325,3.96636,142.038453,2492,11808,3.003382,0.628064,138.219843,2236,9572,2.99779,2.923664,0.837534,0.613759,0.997645
17,2908,2.995991,0.000045,22.39414,44,2880,2.990926,0,0.375495,16,2864,2.975752,0.003398,0.201456,0.149297,0.296378
5,3620,3.013365,0.000914,10.60126,135,3505,2.984651,0,5.177288,20,3485,2.999579,0.028158,0.252509,0.181413,0.363436
12,8208,2.995569,0.829338,5.330169,44,8460,3.000416,0.11494,17.867492,296,8164,3.004724,1.754608,0.568674,0.440043,0.852908
11,8074,3.002611,0.456602,43.722704,451,7667,3.002483,0.08569,1.675248,44,7623,2.998129,1.398272,0.560546,0.399046,0.793623
5,3635,2.99306,0.004442,1.276815,20,3705,2.993102,0,28.074934,90,3615,2.997048,0.052984,0.251847,0.192519,0.377067
3,4416,2.992347,0.012524,49.33252,48,4380,2.993288,0.000301,0.662749,12,4368,3.005691,0.076406,0.305773,0.227567,0.455882
15,11310,3.002686,2.388473,90.74002,1786,10935,2.997216,0.478439,80.815711,1411,9524,3.00625,2.923614,0.785645,0.56881,0.995252
18,13068,3.004272,5.203605,179.502716,3493,12996,2.994633,1.122747,221.442451,3421,9575,2.997286,2.925051,0.90843,0.675001,0.997614
9,2253,2.986533,0,50.507538,138,2121,2.998535,0,0.17284,6,2115,3.003546,0,0.155765,0.110264,0.220624
14,11396,3.002648,2.404437,93.142206,1873,10458,2.993987,0.317465,73.614903,935,9523,2.994664,2.892867,0.790855,0.543494,0.991211
10,10010,3.004031,1.181094,78.655943,774,9478,3.004628,0.23486,33.336408,242,9236,3.005086,2.714278,0.694509,0.494113,0.964741
2,1590,2.991943,0,44.8004,176,1414,3.022155,0,11.119057,0,1414,2.98343,0,0.110044,0.07419,0.146478
5,696,2.99209,0,4.817171,3,714,2.99435,0,21.001442,21,693,2.993207,0,0.048188,0.037084,0.072143
3,2241,3.000282,0,43.032777,113,2139,3.006372,0,0.011514,11,2128,2.987146,0,0.155666,0.111353,0.220986
8,5272,2.997765,0.045772,0.192692,52,5880,3.000213,0.012739,82.569192,660,5220,3.007822,0.336287,0.365059,0.30616,0.546206
16,9191,2.999271,0.90444,9.521473,49,10088,2.992638,0.359778,71.742582,946,9142,3.005669,2.547193,0.637748,0.523087,0.955038
2,1424,3.007062,0,6.222841,48,1382,2.993017,0,22.494168,6,1376,3.011045,0,0.098901,0.071724,0.143887
5,11968,2.997633,3.005801,159.341369,2448,10864,2.990431,0.908128,105.204134,1344,9520,3.004085,2.895899,0.829277,0.563294,0.994018
2,2028,3.012317,0,57.846791,45,1992,2.993037,0,0.013195,9,1983,3.003838,0,0.141265,0.103517,0.207067
12,8628,2.998746,0.744452,4.330989,69,8904,3.004499,0.173185,48.21464,345,8559,3.002501,2.001062,0.598228,0.464,0.893404
2,7900,3.003518,0.374287,109.432379,935,7020,2.999626,0.033676,0.573447,55,6965,3.007113,0.940006,0.548744,0.365357,0.728312
7,4998,3.012376,0.024217,22.190787,83,4935,3.002671,0.001531,3.990715,20,4915,2.998689,0.174445,0.348406,0.257104,0.512271
15,10185,2.996351,1.307185,49.697871,692,10410,3.007037,0.435989,79.948003,917,9493,3.005784,2.884107,0.705214,0.542468,0.991714
5,3590,3.009848,0.00256,0.422991,8,3625,3.006024,0,52.175555,43,3582,2.994891,0.05785,0.249931,0.188974,0.372795
4,2808,3.008139,0,0.039164,8,2848,3.000256,0,39.461419,48,2800,2.99348,0.003391,0.195315,0.148269,0.291298
15,10890,2.999798,1.976804,99.202312,1339,10950,3.007338,0.458049,102.452323,1399,9551,2.997925,2.908556,0.755616,0.570847,0.995351
10,8328,2.997102,0.898305,15.403318,6,8592,3.002487,0.117384,10.416813,270,8322,2.996297,1.946292,0.577775,0.447285,0.866357
13,9295,3.006787,1.013198,19.519672,318,9321,3.003031,0.172671,48.569829,344,8977,2.99895,2.559274,0.646107,0.484266,0.935724
18,12888,3.000849,7.175306,177.716324,3321,12456,2.993867,0.976477,180.41934,2889,9567,2.999532,2.918845,0.891339,0.646232,0.997554
2,9464,2.997625,1.074822,9.669246,95,9971,2.997609,0.276559,24.149876,602,9369,2.992951,2.701115,0.655438,0.5185,0.974799
16,1430,3.006321,0,2.362097,4,1466,3.003934,0,13.694854,40,1426,2.9938,0,0.099373,0.076454,0.148235
6,12104,2.996145,4.730059,130.0978,2595,11815,2.997164,0.954232,137.927604,2306,9509,2.999857,2.895979,0.839036,0.613736,0.992004
20,3575,3.00182,0.003305,11.307342,55,3545,2.989731,0,6.438523,25,3520,3.004549,0.032901,0.248414,0.183655,0.367577
17,12580,3.001318,6.077423,177.658862,3004,12631,2.993418,0.902326,175.783284,3055,9576,2.99303,2.908091,0.869399,0.655448,0.996208
4,3080,3.004458,0.0003,37.881992,168,2932,3.004947,0,0.389401,20,2912,3.000312,0.00719,0.214207,0.152443,0.30397
14,10234,2.999678,1.510131,47.691913,826,10122,2.992441,0.310582,67.719692,714,9408,2.995016,2.743935,0.709885,0.524959,0.979487
5,8256,3.003816,0.685752,6.796297,38,8340,3.008079,0.141403,3.990459,122,8218,3.010221,1.661841,0.573401,0.434643,0.859886
6,4404,3.011199,0.017202,53.110882,354,4068,2.996665,0.000208,1.462348,18,4050,2.992447,0.077402,0.306967,0.211639,0.421973
2,1488,2.997647,0,11.201965,38,1450,2.993756,0,1.831866,0,1450,2.998839,0,0.103119,0.075364,0.150983
14,10612,3.000461,1.818023,79.182033,1129,9660,2.997739,0.295918,46.125445,177,9483,3.007241,2.903581,0.735719,0.50112,0.991281
15,1440,2.990342,0,13.841457,12,1434,3.006259,0,2.262018,6,1428,3.018137,0,0.099551,0.074843,0.150026
10,12597,3.001814,3.642952,176.318127,3067,11985,3.005081,0.813075,168.784684,2455,9530,2.993586,2.900472,0.869948,0.625276,0.991619
13,3755,3.005585,0.001772,29.581022,70,3715,3.000096,0,2.961561,30,3685,3.011485,0.031853,0.260554,0.19319,0.385816
5,12924,3.00128,5.304793,205.28428,3356,11862,3.002776,0.770351,138.654616,2294,9568,3.000006,2.929092,0.895806,0.618384,0.997641
13,11520,2.990324,3.273193,123.653297,1959,11376,3.003215,0.73322,96.797398,1815,9561,3.002224,2.901347,0.793387,0.593032,0.997557
20,13068,3.005457,7.506314,183.70438,3544,13104,3.003688,1.953558,184.445978,3580,9524,3.001814,2.905017,0.90635,0.682633,0.993692
20,4781,3.002908,0.011154,0.099852,14,5047,3.000377,0.005153,52.18745,280,4767,2.995887,0.115208,0.332243,0.262844,0.495888
7,10575,2.999242,1.699516,66.330327,1029,10920,3.000273,0.410283,83.339249,1374,9546,2.998208,2.868152,0.732142,0.567049,0.995075
14,2103,3.004883,0,13.103024,6,2151,3.000103,0,5.958771,54,2097,2.998203,0.00348,0.146155,0.111933,0.218311
6,4302,3.001158,0.005259,3.176193,28,4380,3.002485,0.000273,8.852874,106,4274,2.99089,0.084854,0.29863,0.227919,0.444898
7,5236,3.006913,0.038218,93.215242,526,4732,3.001116,0.005524,1.412929,22,4710,3.003843,0.192691,0.363896,0.246223,0.492059
15,10815,3.006128,1.837166,73.415056,1380,10815,3.000572,0.512711,72.923681,1380,9435,3.001307,2.870245,0.746012,0.562823,0.984071
15,11145,3.005497,2.406124,112.323257,1620,10695,3.00169,0.389548,84.247296,1170,9525,2.99662,2.8614,0.775377,0.556721,0.992295
17,5068,3.000598,0.031017,8.511656,57,5026,2.985199,0.002662,3.945836,15,5011,3.003326,0.171574,0.351622,0.260121,0.523216
8,5888,3.00594,0.055793,1.241405,23,6048,3.003029,0.015747,17.898381,183,5865,3.006278,0.320662,0.409184,0.315038,0.61288
16,11056,2.999121,2.239287,91.700131,1526,11632,3.000543,0.656583,110.718524,2102,9530,2.998239,2.894974,0.764307,0.604381,0.993186
2,1512,3.002244,0,65.551361,174,1342,2.991388,0,0.004264,4,1338,2.999972,0,0.105057,0.069695,0.139725
19,12744,2.994654,5.830625,202.761633,3188,12510,2.999153,0.763217,140.488092,2954,9556,2.998514,2.903925,0.878709,0.644701,0.995906
11,13794,3.006541,18.990158,232.369927,4300,14117,2.99622,1.467677,236.293037,4623,9494,3.004447,2.912119,0.956242,0.731946,0.991252
10,6056,2.997926,0.085191,49.744817,368,5712,3.011831,0.00576,1.237327,24,5688,2.996304,0.319581,0.420257,0.298065,0.59177
1,3735,2.990308,0.000004,53.418132,366,3380,3.003064,0,0.22386,11,3369,2.990454,0.022485,0.258399,0.176233,0.350431
9,5600,3.002037,0.096991,3.606557,8,5768,3.006579,0.010142,17.643817,176,5592,2.998888,0.389065,0.389184,0.300711,0.582442
9,6462,2.996143,0.200817,3.884568,15,6534,3.003735,0.053281,17.870813,87,6447,3.000877,0.699862,0.448173,0.340223,0.672526
15,10275,2.99827,1.754903,46.981939,710,11100,2.998705,0.522086,71.938462,1535,9565,2.995354,2.898423,0.709285,0.576762,0.995583
8,5808,3.002082,0.063392,9.561121,58,5760,3.005554,0.002126,3.863102,10,5750,3.000485,0.384114,0.403235,0.300485,0.599299
15,10695,2.992023,2.202686,94.146656,1363,10695,2.993119,0.421792,143.32619,1363,9332,3.003912,2.794708,0.740143,0.555776,0.974235
1,7390,3.000164,0.248297,16.935655,251,7170,3.007473,0.046731,3.51353,31,7139,3.00198,0.880964,0.512287,0.374064,0.744688
10,7130,3.000606,0.183508,14.879805,203,6990,3.00089,0.029341,10.965226,63,6927,2.995911,0.966187,0.494176,0.363588,0.721958
19,14440,2.99447,31.593002,239.074892,4932,13129,2.996675,1.900001,172.983181,3621,9508,3.003525,2.870786,0.99575,0.682324,0.992679
8,6462,3.00058,0.164966,13.705624,163,6372,2.99296,0.018364,2.034235,73,6299,3.006301,0.532634,0.447692,0.330086,0.658671
2,1424,3.023533,0,0.0839,6,1492,2.999856,0,30.140174,74,1418,2.995471,0,0.099671,0.077678,0.147652
2,1338,3.007307,0,0.014857,1,1454,2.987098,0,76.571197,117,1337,3.015393,0,0.093143,0.075403,0.140081
4,2936,2.996725,0,45.945561,84,2860,2.994697,0,0.028527,8,2852,3.006107,0.00468,0.203471,0.148573,0.298047
11,7403,2.994243,0.329789,0.770273,58,7898,3.004326,0.080245,42.790903,553,7345,3.003495,1.275628,0.512222,0.411861,0.767023
5,14508,2.998882,27.169581,225.183694,4946,12708,3.005089,0.925856,158.760361,3146,9562,3.000498,2.916722,0.987004,0.659824,0.997312
16,11328,3.005052,2.083005,107.766899,1847,11376,3.00009,0.59131,152.841856,1895,9481,2.999681,2.870853,0.788021,0.589622,0.988594
13,9542,2.997797,0.874934,11.456259,252,9529,2.995003,0.235936,47.277235,239,9290,3.006667,2.722529,0.659896,0.495402,0.970863
11,7469,2.994365,0.310195,0.818719,83,8085,3.009767,0.106756,76.31327,699,7386,3.004137,1.134423,0.515814,0.421694,0.771524
18,13284,3.001203,7.706456,209.156907,3769,14274,3.00273,1.481073,240.093127,4759,9515,3.007795,2.917716,0.915475,0.742479,0.994918
6,3650,2.999337,0.000756,31.112792,120,3540,2.991425,0,0.053717,10,3530,2.998252,0.023147,0.253434,0.183762,0.368
7,4879,2.996421,0.039837,16.247651,32,4928,2.999603,0.001963,5.901967,81,4847,3.00569,0.178058,0.338397,0.256249,0.506627
16,12000,2.999441,5.18971,143.048924,2455,11712,2.998331,0.634508,123.898949,2167,9545,2.996498,2.923733,0.830939,0.608642,0.994341
19,11456,3.004569,2.466745,125.530989,1890,12096,3.004145,0.744476,167.65961,2530,9566,2.99675,2.908399,0.79612,0.629811,0.996231
10,9024,2.987212,0.879732,6.669764,117,9324,2.994775,0.266515,24.840025,417,8907,2.995137,2.285556,0.622485,0.484137,0.927426
2,9672,2.996939,0.997539,17.867452,386,9334,2.993585,0.177057,27.085394,48,9286,2.993555,2.610421,0.670355,0.484657,0.966004
12,7290,2.989357,0.295723,62.515809,587,6750,3.001932,0.029859,0.615607,47,6703,3.001381,0.873695,0.504454,0.351417,0.700059
8,5608,3.003205,0.059231,0.369729,28,5824,2.990823,0.010562,32.213839,244,5580,3.005821,0.299031,0.389757,0.302207,0.583427
5,3450,3.005252,0.001292,1.744925,35,3415,3.002431,0,22.803409,0,3415,3.003003,0.037161,0.239708,0.178009,0.356085
8,5776,2.999651,0.109395,23.84187,0,5976,2.995388,0.006562,8.647069,200,5776,3.000624,0.344568,0.401064,0.309942,0.601792
5,4050,3.007535,0.004468,82.312794,465,3625,2.995718,0,0.194941,40,3585,2.995695,0.021863,0.281956,0.187357,0.373153
2,10725,3.006051,1.868587,78.142798,1223,10950,3.000624,0.5671,123.401324,1448,9502,2.999819,2.874862,0.742336,0.570343,0.99081
15,10575,2.997422,2.044128,64.788577,1163,10620,2.99881,0.388287,95.289127,1208,9412,3.006979,2.867181,0.726849,0.551588,0.983866
13,5397,3.006181,0.033877,43.773738,448,4956,2.997718,0.014247,0.358089,7,4949,3.006512,0.241628,0.374697,0.257929,0.516868
18,13104,2.996903,6.498225,183.960279,3568,13374,2.998181,1.448264,207.768354,3838,9536,3.001319,2.927733,0.897011,0.696183,0.994793
15,8568,3.001862,0.491083,3.147751,127,8616,2.999809,0.167069,22.760581,175,8441,2.996519,2.117852,0.594636,0.447186,0.879322
4,2832,2.996747,0,0.035102,19,2932,2.999201,0,31.471508,119,2813,3.005159,0.004143,0.196114,0.152587,0.293933
1,2283,3.002697,0,29.244734,51,2244,3.01302,0,1.368554,12,2232,3.010125,0,0.158441,0.117169,0.233324
2,1404,3.013207,0,6.475297,8,1410,2.996045,0,6.307937,14,1396,2.979504,0,0.097853,0.073341,0.144702
19,13015,3.003959,5.600547,165.576133,3462,14269,3.002984,1.491928,236.90742,4716,9553,2.998616,2.923583,0.899267,0.740705,0.995748
6,4092,2.998815,0.005431,0.071163,6,4380,3.005655,0.00039,61.290639,294,4086,2.993883,0.083084,0.283853,0.228555,0.424757
9,6444,3.005171,0.166242,1.869408,10,6858,3.003939,0.032621,40.233231,424,6434,3.000981,0.63557,0.448271,0.357555,0.670583
13,2760,2.995319,0,0.284652,8,2844,2.997292,0,20.654608,92,2752,2.999609,0.00124,0.191293,0.147708,0.286756
14,3645,3.001359,0.000267,11.669961,135,3510,3.0083,0,7.53364,0,3510,3.011058,0.029307,0.252761,0.183318,0.366973
8,5584,3.006547,0.089052,5.239059,66,5872,3.016334,0.017423,39.227626,354,5518,2.992633,0.332145,0.388095,0.307499,0.574422
5,2283,2.999688,0,92.950939,198,2100,3.003637,0,0.201806,15,2085,2.982972,0,0.15834,0.10923,0.216225
7,5236,3.009084,0.032643,7.537908,118,5159,2.996938,0.003946,6.036916,41,5118,3.003008,0.25055,0.364093,0.267889,0.534856
2,1402,3.000588,0,12.902252,7,1486,3.007615,0,11.917277,91,1395,3.02046,0,0.097371,0.077592,0.146722
6,4164,3.003735,0.014335,0.085857,31,4428,2.997003,0.000766,65.448705,295,4133,2.993567,0.080111,0.28944,0.230395,0.430759
12,6870,2.997318,0.188604,7.752935,52,7110,3.002294,0.045977,23.225437,292,6818,2.999751,0.802714,0.476313,0.369959,0.711382
13,8206,2.997841,0.468243,6.265515,164,8195,3.002112,0.09775,11.578568,153,8042,3.000846,1.69914,0.568739,0.427074,0.839029
1,13440,3.004214,7.835427,201.288082,3887,14640,3.002774,1.861674,245.91167,5087,9553,3.001022,2.910564,0.929302,0.763215,0.996704
10,7110,2.99675,0.214067,4.518144,64,7060,2.988248,0.064905,30.770116,14,7046,2.994944,1.136738,0.493223,0.366052,0.733124
5,3700,3.001613,0.00131,24.248995,169,3560,3.009193,0,2.884002,29,3531,3.007467,0.027931,0.256846,0.185506,0.369381
7,4914,3.00353,0.02718,0.690933,15,4970,3.004552,0.001675,20.360698,71,4899,2.987711,0.196122,0.341124,0.258283,0.508316
7,1414,3.005535,0,0.222021,3,1572,3.004599,0,53.093901,161,1411,3.000548,0,0.098376,0.081932,0.147241
13,9880,2.993621,1.236345,61.615081,909,9048,3.004005,0.224811,7.427543,77,8971,2.996896,2.407992,0.684155,0.471368,0.93443
4,2912,3.007371,0,9.102303,37,2888,3.004705,0,4.803922,13,2875,3.013034,0.001632,0.202125,0.15035,0.30091
8,14155,3.002482,24.186349,238.020788,4626,13186,2.99984,1.155085,202.493607,3657,9529,3.004925,2.904412,0.978474,0.686426,0.995102
16,11456,3.003433,2.692944,129.222415,1938,11360,3.002725,0.555632,106.656512,1842,9518,3.007312,2.914748,0.792755,0.592204,0.994978
18,12564,3.002761,7.260684,175.855086,3060,12924,3.006151,1.229055,192.670011,3420,9504,3.011445,2.89878,0.873303,0.674505,0.994832
17,7490,3.003125,0.283899,2.994882,30,7580,2.995124,0.041964,16.202032,120,7460,3.002564,1.058305,0.520083,0.393474,0.778189
16,11776,2.99418,2.289226,143.685625,2286,11184,2.998962,0.395096,89.096809,1694,9490,2.993662,2.848614,0.815098,0.580091,0.987426
9,9590,2.999611,0.957073,18.17571,271,10402,2.996821,0.387335,56.740172,1083,9319,2.996599,2.718575,0.665013,0.541194,0.970709
20,14280,2.997383,17.420732,199.513738,4717,13860,2.997648,1.568998,219.982248,4297,9563,2.996808,2.911226,0.957918,0.720202,0.99632
2,6507,3.003478,0.145638,11.157251,207,6354,3.009857,0.021301,13.486154,54,6300,3.003814,0.556913,0.45227,0.331459,0.657909
20,7190,2.99867,0.235177,0.660868,10,7340,2.99589,0.028752,26.818121,160,7180,3.002878,0.896545,0.499089,0.380807,0.748746
14,7854,2.998043,0.506032,35.349303,611,7315,2.991944,0.058722,8.706663,72,7243,2.999188,1.105032,0.543874,0.379106,0.755214
11,14740,2.997573,26.322295,234.232142,5182,15020,3.00108,2.285876,253.424522,5462,9558,3.002219,2.928491,0.996831,0.779849,0.99768
19,8008,2.998497,0.527742,2.212495,39,8228,2.993821,0.106023,37.184594,259,7969,3.002602,1.707872,0.555639,0.427672,0.831667
13,7370,3.002004,0.286308,1.718093,23,7680,3.004738,0.071433,27.877292,333,7347,2.995149,1.360398,0.511501,0.399976,0.76489
17,12903,2.997985,6.468466,207.811213,3418,12240,3.004531,0.75308,151.879246,2755,9485,3.002705,2.927473,0.890208,0.636196,0.989973
14,14098,2.996416,21.374944,195.583149,4540,13357,2.998628,1.465728,210.230999,3799,9558,2.994284,2.894827,0.950148,0.694757,0.994965
12,4452,2.998848,0.014052,57.136857,175,4308,2.998208,0.003529,0.104075,31,4277,3.006044,0.143171,0.308602,0.223921,0.447317
19,12749,2.996796,3.814092,147.695634,3175,13471,3.002708,1.258804,182.220531,3897,9574,2.997331,2.921696,0.877284,0.70139,0.997606
4,2988,3.006725,0,71.675629,276,2720,2.996859,0,0.028826,8,2712,2.994861,0.004011,0.20733,0.141203,0.282016
13,6372,2.996022,0.147445,1.273382,31,7029,2.999277,0.037766,36.427621,688,6341,3.00825,0.490351,0.441344,0.36501,0.66358
19,13718,3.001077,11.223672,194.261032,4150,14060,2.995123,1.318373,221.885548,4492,9568,3.000047,2.931509,0.946255,0.727251,0.997682
5,9282,3.001109,0.72725,21.345927,125,9672,3.00028,0.197859,30.001096,515,9157,3.001125,2.550994,0.643565,0.503133,0.955013
12,4970,2.988153,0.025579,0.471025,42,5040,2.992208,0.000224,18.168274,112,4928,2.998097,0.182793,0.343366,0.261558,0.514203
13,10088,3.003482,1.223484,70.37122,967,9308,2.998564,0.259548,15.70654,187,9121,3.001687,2.514001,0.701053,0.484519,0.951642
8,5744,3.000841,0.052771,32.210876,34,5872,2.999215,0.015755,3.043226,162,5710,2.998258,0.352056,0.398329,0.30547,0.595418
20,14820,2.99645,29.435917,232.009166,5262,14500,3.00302,1.749823,215.091078,4942,9558,3.000742,2.929312,0.992591,0.75546,0.996639
12,8760,3.001341,0.734983,8.135862,118,8736,2.992801,0.162239,12.94194,94,8642,3.002779,2.107949,0.608424,0.453605,0.902237
11,7832,2.993226,0.351275,5.04341,92,7832,2.992842,0.069987,15.629906,92,7740,2.999364,1.313458,0.542559,0.406777,0.807039
4,2928,2.990589,0.000358,0.198539,4,3012,2.992593,0,17.239546,88,2924,2.982736,0.010434,0.202447,0.156488,0.302831
16,11700,3.001321,2.852459,134.316557,2194,10995,2.998566,0.552758,96.825152,1489,9506,2.995638,2.897548,0.808896,0.571602,0.989991
4,1510,2.994045,0,72.874975,150,1370,2.993904,0,0.251791,10,1360,3.016298,0,0.10432,0.071136,0.142756
2,1512,2.999411,0,45.917035,102,1410,3.001737,0,0.751211,0,1410,2.991282,0,0.104979,0.07348,0.146448
8,5712,3.00376,0.078234,52.618416,232,5480,3.005276,0.004402,0.426248,0,5480,2.993526,0.346019,0.396652,0.285919,0.569601
17,12580,3.003608,5.477631,175.258173,3063,11322,3.001243,0.644922,98.032161,1805,9517,3.008409,2.883032,0.873374,0.58901,0.995036
2,1346,2.99071,0,0.00425,8,1518,3.000233,0,73.712009,180,1338,2.996692,0,0.093045,0.078971,0.139286
16,5832,2.994503,0.065956,13.722165,15,5880,3.010661,0.025218,2.842425,63,5817,3.002079,0.359168,0.404269,0.307338,0.607029
3,13086,3.000124,6.527542,195.225911,3548,13896,3.007978,1.320861,230.326524,4358,9538,2.998481,2.920748,0.89489,0.724432,0.994123
4,2908,2.996042,0.000721,18.141714,72,2844,2.99668,0,0.520439,8,2836,2.997339,0.008524,0.201195,0.147966,0.295267
16,13300,2.998963,7.693183,184.63477,3699,13509,2.998559,1.478895,174.299238,3908,9601,2.9891,2.897722,0.913772,0.693796,0.997563
20,14040,2.995051,15.932149,165.837769,4458,15320,3.001589,2.244468,297.713544,5738,9582,2.995324,2.923623,0.935791,0.797694,0.997662
5,14440,2.995922,25.77889,217.701859,4961,14459,3.004516,1.682448,251.017071,4980,9479,3.001374,2.900145,0.973401,0.753407,0.989031
6,4578,2.992472,0.015181,14.444784,264,4326,2.994915,0.000004,11.009811,12,4314,3.005498,0.109516,0.316791,0.224745,0.450199
7,4844,3.001101,0.034647,5.544399,238,4634,3.000853,0.002296,11.925124,28,4606,3.001262,0.171899,0.336512,0.240719,0.479993
5,12942,2.996739,5.261601,150.978624,3373,13518,2.995431,1.020271,202.341568,3949,9569,2.999726,2.910888,0.884965,0.70107,0.997689
17,12257,3.000014,4.27476,153.992691,2727,11696,2.99723,0.770222,132.260437,2166,9530,2.995508,2.894613,0.845568,0.607469,0.992017
13,8604,2.998109,0.600593,69.555845,871,7764,2.999804,0.095974,2.686979,31,7733,2.998158,1.611009,0.595569,0.40391,0.806185
12,13140,2.995906,10.4801,182.392748,3585,13176,2.995685,1.440478,192.859546,3621,9555,3.004134,2.934144,0.909086,0.683672,0.997644
4,11295,3.001173,1.730529,121.414011,1818,11085,2.997428,0.416415,92.814304,1608,9477,2.998073,2.884155,0.781972,0.576792,0.987742
13,8616,2.99684,0.687769,2.853815,64,8796,2.996893,0.137166,45.760766,244,8552,2.999251,1.863319,0.596303,0.457292,0.891902
4,12155,3.000058,5.01658,171.530029,2684,12104,2.998088,0.755603,153.966847,2633,9471,3.007422,2.860804,0.839178,0.629203,0.990141
2,13604,2.99963,7.70087,199.696336,4029,13471,2.997917,1.345172,236.842037,3896,9575,2.997634,2.92425,0.943922,0.700554,0.997673
4,2928,3.016398,0.000063,41.161391,176,2772,3.004193,0,1.077798,20,2752,3.008786,0.005534,0.204242,0.144486,0.287934
14,5026,2.995968,0.034025,3.14906,21,5257,2.997283,0.00288,12.487806,252,5005,2.993581,0.141245,0.3477,0.273218,0.520239
14,10430,2.993151,2.048529,55.45816,1137,9520,3.000498,0.290163,47.054549,227,9293,3.012896,2.684648,0.716023,0.495442,0.973274
12,8892,2.993913,0.511035,6.510757,261,8700,2.993798,0.169861,12.316041,69,8631,3.002527,1.930736,0.615991,0.451714,0.900822
7,5856,3.004851,0.075425,52.943475,228,5656,3.001688,0.012352,0.348493,28,5628,3.0022,0.329116,0.407091,0.294554,0.587528
19,13737,3.003942,13.794978,209.441936,4229,13604,3.000316,1.446859,229.76176,4096,9508,3.006602,2.935759,0.950173,0.705495,0.99377
8,5992,2.991295,0.098031,6.057945,176,5824,2.990957,0.00851,12.714291,8,5816,3.000702,0.403662,0.414043,0.302419,0.606321
6,10620,2.997788,1.685739,69.016657,1121,10500,3.00312,0.397745,67.731308,1001,9499,3.002679,2.863608,0.733792,0.54696,0.991395
14,9548,3.001846,1.210573,15.470628,263,10710,3.000848,0.397548,98.515449,1425,9285,2.998201,2.696356,0.660972,0.556915,0.967867
13,8652,3.000867,0.650313,11.993121,36,8676,3.010758,0.139079,11.953976,60,8616,3.010028,1.98669,0.601023,0.453324,0.901501
6,5608,3.002836,0.049981,0.522526,40,5888,2.999966,0.007752,51.951721,320,5568,2.995609,0.273845,0.388995,0.306663,0.579264
15,2896,2.996673,0.001093,29.290573,92,2812,2.993041,0,0.516536,8,2804,2.995441,0.001842,0.200499,0.145794,0.29164
9,6714,3.001961,0.171999,11.939702,55,6687,2.997875,0.028764,10.741292,28,6659,2.995958,0.723849,0.466473,0.347866,0.693449
14,2752,2.991801,0,20.121577,4,2776,2.998523,0,0.598732,28,2748,3.013824,0.008055,0.19034,0.144338,0.287569
4,10318,2.998764,1.416349,36.044246,795,10556,3.003923,0.374326,48.307529,1033,9523,2.997455,2.821184,0.714796,0.549841,0.991983
3,2169,2.986134,0,2.918071,6,2199,3.000078,0,16.452314,36,2163,3.000217,0.001722,0.149929,0.114388,0.225766
4,2868,2.991282,0.000037,0.059215,20,2912,3.000743,0,50.591678,64,2848,2.997537,0.008964,0.198277,0.151704,0.297116
4,3028,2.999974,0,27.772851,80,2956,3.002302,0,0.451824,8,2948,2.999673,0.010264,0.210276,0.154081,0.307218
4,2888,2.994972,0,9.693776,65,2828,2.993494,0,3.043289,5,2823,2.990392,0.000978,0.200027,0.146876,0.293238
11,8008,2.987882,0.747396,4.73334,316,8118,2.998977,0.141651,28.612436,426,7692,2.993535,1.570284,0.552618,0.422315,0.800419
14,9884,3.004698,1.225479,38.244055,550,10276,2.990206,0.33412,48.857598,942,9334,2.999179,2.626956,0.686809,0.533456,0.972982
11,7909,3.004646,0.418222,1.594913,33,8206,2.998676,0.077181,63.004077,330,7876,2.996997,1.522936,0.549914,0.427001,0.819814
9,6930,2.998087,0.26342,33.555236,864,6066,3.001877,0.01222,7.295207,0,6066,3.006495,0.65408,0.480964,0.316135,0.633243
13,9360,3.006475,0.838829,54.838379,572,8866,3.006812,0.187445,2.926697,78,8788,3.001405,2.063876,0.649914,0.462149,0.916853
13,9347,3.001299,1.095776,20.704508,372,9087,2.999851,0.213669,6.537046,112,8975,2.995759,2.33957,0.647514,0.472529,0.934684
2,11610,2.996091,2.693752,143.243932,2109,10980,3.000611,0.347014,89.260867,1479,9501,2.997025,2.852313,0.804215,0.571441,0.989827
5,3520,2.980906,0,3.520028,15,3595,2.984354,0,9.522521,90,3505,2.993072,0.006628,0.242343,0.186132,0.364261
16,11216,2.995962,2.493677,114.583004,1677,10784,2.995048,0.507702,84.799821,1245,9539,3.002024,2.919043,0.773641,0.560506,0.995599
17,1390,2.99067,0,1.564684,9,1384,2.987447,0,16.091744,3,1381,3.000479,0,0.096228,0.071684,0.143963
12,8832,3.002629,0.751004,75.704532,984,7860,2.999909,0.094695,2.409167,12,7848,2.990457,1.622078,0.613871,0.409363,0.815658
16,11360,2.999545,1.991668,123.718552,1837,11104,2.998123,0.563285,105.725869,1581,9523,2.99576,2.886053,0.787799,0.576938,0.991679
6,4302,2.996286,0.012739,20.059228,147,4170,3.006763,0,3.642123,15,4155,2.995526,0.072493,0.298245,0.217677,0.433277
18,14117,3.005788,13.185314,206.824774,4553,13642,2.996419,1.470277,243.774176,4078,9564,3.000585,2.921248,0.965385,0.708017,0.997501
5,8520,3.009549,0.625173,27.584138,172,8472,3.002275,0.118936,2.003594,124,8348,3.00342,1.818272,0.592923,0.441525,0.871706
19,7440,3.005538,0.327126,93.687793,834,6700,2.999259,0.03426,0.632257,94,6606,2.998624,0.854332,0.516349,0.348321,0.688857
4,2696,3.004676,0,3.066499,10,3052,3.000385,0,71.67364,366,2686,3.012691,0.005191,0.187281,0.158889,0.281253
12,4788,2.994435,0.023103,0.383494,11,5390,2.997701,0.009947,78.70833,613,4777,2.999574,0.177468,0.331416,0.279917,0.497886
11,9490,2.99594,0.731697,15.841924,379,9191,3.003474,0.281987,8.74091,80,9111,3.004425,2.384598,0.656401,0.478259,0.951308
5,3785,3.001751,0.003434,45.887401,180,3615,2.998179,0,1.170209,10,3605,2.993932,0.037202,0.262329,0.187995,0.375185
6,10346,3.004857,1.508604,65.337747,852,9856,3.003344,0.23959,35.164264,362,9494,2.999782,2.837109,0.719227,0.51372,0.989898
13,4802,2.996381,0.037068,9.45392,55,4781,2.990669,0.009613,4.50613,34,4747,2.990558,0.154867,0.332653,0.248232,0.494235
5,4638,3.006273,0.007809,83.373447,436,4212,3.006693,0,0.898636,10,4202,2.99401,0.133915,0.322536,0.219864,0.437391
3,2154,2.995869,0,0.584935,45,2109,2.999829,0,24.751939,0,2109,3.003416,0,0.148849,0.109837,0.219938
16,11312,3.001124,3.192774,96.761617,1770,11456,2.998683,0.618049,116.227578,1914,9542,3.002764,2.909578,0.784579,0.595572,0.995903
10,7330,2.998508,0.271017,7.909987,30,7320,3.005594,0.068754,11.623704,20,7300,2.992776,1.077559,0.508531,0.381961,0.759437
2,5047,3.011011,0.043841,16.134926,12,5145,3.000981,0.00409,1.034197,110,5035,3.002207,0.240835,0.351772,0.267926,0.525724
14,6426,3.008685,0.119683,7.142824,11,6579,2.994575,0.018225,6.393071,164,6415,3.002826,0.56779,0.447395,0.341154,0.669058
15,1502,3.000354,0,64.867397,118,1386,2.997572,0,0.007581,2,1384,3.014498,0,0.104222,0.072129,0.144903
18,5215,2.99864,0.021871,33.011684,316,4921,2.996759,0.003076,0.691856,22,4899,3.006752,0.17233,0.362002,0.256016,0.512044
12,8712,2.998456,0.727113,61.77681,464,8292,3.003082,0.174194,3.024649,44,8248,2.999881,1.815629,0.604506,0.432231,0.860193
1,682,2.983935,0,36.628702,15,669,3.00064,0,0.42277,2,667,2.988547,0,0.047022,0.034811,0.069214
19,2202,2.986203,0,78.618774,70,2145,2.991787,0,0.040382,13,2132,3.001576,0,0.151989,0.111161,0.222822
13,10980,2.995377,1.884534,112.445149,1433,10500,2.9956,0.464694,45.401086,953,9547,3.000991,2.852193,0.761276,0.545785,0.995786
12,8796,3.001306,0.733132,25.25169,323,8496,2.999204,0.21741,5.827815,23,8473,2.999447,2.149264,0.61023,0.442369,0.883263
18,13032,2.997269,7.844622,198.066003,3463,13086,2.99813,1.306334,212.864197,3517,9569,2.993679,2.916919,0.901973,0.679624,0.995539
2,11070,2.994843,1.502501,111.815758,1611,11235,2.995698,0.533482,116.668655,1776,9459,3.005976,2.856074,0.764003,0.583207,0.988562
10,7340,2.996169,0.21347,0.760569,10,7910,3.002366,0.117358,43.667807,580,7330,2.992107,1.096592,0.509071,0.41178,0.762287
3,6309,3.00423,0.180942,2.281305,18,6372,3.001275,0.028053,15.598447,81,6291,3.002774,0.83098,0.438625,0.331944,0.656333
18,13086,2.99645,6.32396,176.265281,3513,12420,3.002509,1.706812,171.77849,2847,9573,2.993923,2.919981,0.90657,0.646688,0.99634
3,2028,2.991274,0,4.629442,9,2079,3.029476,0,19.768923,60,2019,2.992034,0.001061,0.140402,0.108965,0.210217
15,10425,2.99995,1.97054,76.412839,965,10515,2.999312,0.424771,95.10046,1055,9460,2.989007,2.806143,0.722922,0.547531,0.983072
10,6660,2.999429,0.140579,21.563214,277,6408,2.998544,0.009642,2.69778,25,6383,2.997707,0.540918,0.462412,0.333588,0.665632
9,6525,2.99722,0.143203,9.375527,181,6363,2.998459,0.019793,18.746408,19,6344,3.000164,0.664761,0.452705,0.331236,0.66195
16,11520,3.006367,2.633602,103.252732,2084,11328,3.005102,0.572424,105.959526,1892,9436,2.99379,2.839499,0.79811,0.589997,0.981995
13,10556,2.992834,1.371727,64.891158,1035,10514,2.997898,0.346186,77.987196,993,9521,2.997394,2.864188,0.731305,0.547012,0.991852
18,13032,3.004445,8.092726,213.153941,3465,13320,3.000067,1.093138,189.555811,3753,9567,2.998914,2.925205,0.906253,0.693273,0.997362
4,11400,3.001017,3.873436,81.831789,1971,10275,3.003163,0.382462,60.476415,846,9429,3.003927,2.838633,0.789773,0.534625,0.984516
18,13104,3.001814,4.46587,203.000673,3527,12690,3.001766,1.377023,152.158048,3113,9577,2.996538,2.911292,0.909444,0.661033,0.997533
13,5768,3.002987,0.084746,34.891519,368,5416,3.001748,0.005158,0.308081,16,5400,3.0006,0.319916,0.400541,0.282145,0.562862
14,9324,3.00417,1.075249,21.221699,275,10136,2.999174,0.319629,106.059926,1087,9049,3.002515,2.485119,0.648225,0.527685,0.944573
8,5776,3.002948,0.083455,10.594475,272,5552,3.011197,0.002923,7.346318,48,5504,3.005968,0.325472,0.400768,0.288756,0.575308
3,1956,2.998003,0,1.497704,3,2166,2.996479,0,56.642333,213,1953,3.006099,0,0.135743,0.112505,0.203938
8,6192,2.997163,0.122332,66.851954,592,5640,2.999042,0.010041,0.294714,40,5600,3.006498,0.391068,0.429475,0.293375,0.585246
3,13698,2.998253,7.691655,194.459734,4173,12024,2.996362,1.104794,141.96116,2499,9525,2.997451,2.882507,0.937231,0.624901,0.992451
16,6597,3.002105,0.174184,0.506672,9,6732,3.00183,0.018429,25.177002,144,6588,3.002219,0.793723,0.458138,0.350791,0.686758
10,13699,2.997053,9.123806,191.646725,4139,13376,3.00316,1.648111,191.454667,3816,9560,3.001938,2.928066,0.940481,0.69575,0.997677
18,12978,3.002252,6.962116,191.719795,3473,14148,2.99199,1.486284,222.44229,4643,9505,2.999228,2.900979,0.900924,0.734018,0.990932
4,1530,3.011165,0,33.192432,73,1464,3.001214,0,5.481457,7,1457,3.040068,0,0.106556,0.076222,0.154006
8,8690,3.006791,0.511296,40.987952,748,7975,3.004944,0.063437,1.786358,33,7942,3.000753,1.644744,0.603147,0.416059,0.828406
16,11328,2.991236,2.037609,118.818088,1783,10960,3.000057,0.466501,75.859138,1415,9545,3.000999,2.92078,0.784115,0.570649,0.995559
13,9256,2.996191,0.82522,13.068941,142,9529,3.008075,0.261949,30.370816,415,9114,3.002242,2.482607,0.641474,0.496977,0.951293
18,13374,3.003621,6.768518,191.396136,3841,13338,2.9978,1.484253,194.554945,3805,9533,2.993252,2.893344,0.923723,0.691037,0.991962
14,13528,3.004924,7.549226,215.157214,3983,14098,3.000878,1.765068,215.760285,4553,9545,3.003578,2.917793,0.939881,0.732275,0.996408
17,4260,2.996944,0.016975,16.683925,97,4176,3.006573,0.000216,11.974648,13,4163,2.99146,0.097399,0.294518,0.217839,0.432945
14,11088,3.001096,2.086378,83.474345,1619,12144,3.001325,0.621141,161.243318,2675,9469,2.999603,2.804734,0.769228,0.630686,0.987339
16,12416,3.004933,3.717336,173.352316,2898,11344,3.005313,0.716527,129.144871,1826,9518,3.000878,2.92139,0.861848,0.591815,0.992923
19,11761,3.001271,3.366702,126.07873,2222,14079,3.006955,1.553166,205.131784,4540,9539,3.000928,2.895994,0.816755,0.729535,0.994939
8,11407,2.997469,2.697477,131.941732,1888,12121,2.996899,1.052475,149.940957,2602,9519,3.000026,2.880202,0.785096,0.629903,0.992537
15,10215,3.000252,1.73275,70.77184,823,10470,2.997059,0.560548,53.723948,1078,9392,2.999498,2.769311,0.707542,0.54406,0.979339
6,4242,3.00204,0.010436,0.561716,12,4410,3.004878,0.001231,64.302704,180,4230,2.999064,0.070325,0.294694,0.229772,0.440503
10,7490,3.006911,0.240437,0.738979,48,7940,2.994205,0.103325,52.800535,498,7442,2.99776,1.234184,0.520131,0.412483,0.775473
13,8827,2.995258,0.85305,8.792995,26,9438,3.007304,0.230014,57.872715,637,8801,2.997269,2.468125,0.61075,0.492759,0.915936
5,3475,3.007349,0.000892,18.85448,9,3730,3.005837,0,4.799959,264,3466,3.008074,0.041801,0.241917,0.194348,0.362421
6,4236,2.995103,0.005298,23.898884,65,4188,2.99576,0.001519,1.617617,17,4171,3.000808,0.062715,0.293689,0.217334,0.435084
17,12053,2.997622,5.903653,94.153095,2504,12376,3.002589,0.842307,190.744688,2827,9549,3.001824,2.917729,0.818925,0.644687,0.996286
11,7755,2.992209,0.400129,13.651358,64,7832,3.000355,0.147637,12.729549,141,7691,3.002042,1.527135,0.536272,0.407846,0.802773
11,7942,3.000003,0.432273,1.6848,34,8239,2.995137,0.075686,30.050503,331,7908,2.998015,1.640714,0.551528,0.428426,0.82472
12,8196,2.996006,0.454773,0.963612,82,8904,2.9957,0.160028,90.905651,790,8114,3.003615,1.437611,0.567453,0.461045,0.847302
7,5082,3.006583,0.037356,1.932617,31,5082,3.001117,0.000032,34.849589,31,5051,2.991112,0.227011,0.353214,0.264404,0.525669
9,6156,2.997468,0.139615,0.385635,27,7272,3.002162,0.031167,109.80357,1143,6129,3.002445,0.660373,0.426516,0.379023,0.639252
13,10845,3.006197,1.659073,98.740574,1392,10890,3.000975,0.421691,73.135517,1437,9453,3.004898,2.863596,0.752865,0.566935,0.987354
4,3000,2.993228,0.002421,70.036114,320,2688,2.989874,0,0.12928,8,2680,3.00296,0.002111,0.207765,0.139527,0.279882
11,7964,3.001433,0.43515,2.142102,22,8107,2.99605,0.099045,20.348333,165,7942,2.999477,1.601841,0.552877,0.421684,0.827263
16,1446,2.985997,0,0.005321,11,1644,2.997077,0,73.735488,209,1435,3.013184,0,0.099707,0.085525,0.150445
17,12087,3.003998,3.735933,109.014752,2519,12546,2.99851,0.674227,183.201659,2978,9568,2.99641,2.903489,0.824209,0.652065,0.996743
16,12336,2.997547,5.207346,176.513158,2811,11792,2.999128,0.505623,136.842899,2267,9525,3.002923,2.903239,0.855983,0.613745,0.994138
16,11456,2.995437,2.06349,87.757478,1939,11920,2.998107,0.824566,136.848328,2403,9517,3.001558,2.871186,0.787143,0.6199,0.992882
1,1380,3.009516,0,0.775232,5,1512,3.012568,0,65.580502,137,1375,3.016852,0,0.09603,0.079034,0.144216
5,10304,3.002273,1.354351,65.425304,835,10612,2.999085,0.371858,116.933158,1143,9469,3.004084,2.873828,0.712407,0.55254,0.988616
20,11205,3.000424,2.18332,110.470547,1703,10500,2.994999,0.414348,52.596229,998,9502,3.00491,2.914526,0.775805,0.545963,0.992465
4,4182,2.994069,0.032381,3.58225,32,4236,2.988748,0.000035,17.536376,86,4150,2.99185,0.108064,0.289451,0.219602,0.431799
7,12036,2.99399,3.429091,135.34086,2475,13056,3.001372,0.841114,211.540273,3495,9561,2.996432,2.912824,0.82527,0.679032,0.995556
6,4584,2.999544,0.024458,33.294706,108,4488,2.996642,0.000045,2.849739,12,4476,3.012312,0.089302,0.317485,0.233492,0.468494
10,7750,2.998791,0.296133,51.541236,370,7420,3.011458,0.035387,1.549521,40,7380,3.002255,1.179524,0.537369,0.387606,0.769418
4,12996,2.999376,6.611151,167.998176,3419,12582,3.000744,1.203664,167.101019,3005,9577,2.997154,2.928601,0.897815,0.652174,0.997531
11,12186,2.99593,3.639867,173.796556,2669,12240,3.002317,0.900114,156.026061,2723,9517,3.000869,2.894138,0.839759,0.635327,0.992759
17,13277,2.995349,5.643974,204.292223,3747,11730,2.999339,0.765136,125.85838,2200,9530,2.996701,2.922282,0.919847,0.60977,0.992602
8,5584,3.004469,0.098979,1.922284,56,5576,2.997388,0.006917,42.777282,48,5528,3.0052,0.45723,0.388355,0.289633,0.577971
5,10094,2.999051,1.193192,113.716568,1220,9086,2.993051,0.33406,8.489819,212,8874,2.997192,2.310828,0.70075,0.470696,0.924686
14,10094,2.99266,1.437801,72.287655,722,9632,3.002211,0.284126,23.91284,260,9372,2.995612,2.659702,0.699257,0.501402,0.97598
9,6309,3.003442,0.206994,1.816836,18,6354,3.0018,0.031309,11.511554,63,6291,3.007492,0.660751,0.438628,0.331136,0.657504
17,12070,3.004488,4.199908,126.608173,2597,11849,3.002868,0.894993,107.423376,2376,9473,2.997976,2.869609,0.837258,0.61672,0.987358
1,6669,2.998272,0.195685,67.505106,639,6057,3.011871,0.022529,0.351935,27,6030,2.994043,0.543005,0.462256,0.316567,0.627189
7,4725,2.999563,0.023149,0.745386,13,5187,2.99843,0.000378,58.268469,475,4712,2.999719,0.131896,0.328089,0.270029,0.491467
11,11115,2.994519,2.27627,75.687483,1617,11190,3.004256,0.786376,68.196949,1692,9498,3.006024,2.865083,0.768854,0.583176,0.992485
13,9113,3.004402,0.918224,9.795642,37,9971,2.993011,0.389504,53.043746,895,9076,3.000179,2.359604,0.633776,0.517441,0.946501
14,13034,3.008269,8.078543,174.717641,3477,13832,3.000785,2.110233,219.97139,4275,9557,3.003279,2.930965,0.903556,0.71871,0.997668
15,11475,2.996636,2.513212,127.442541,2016,10320,3.001621,0.429942,42.379841,861,9459,2.999911,2.774377,0.794754,0.537799,0.986295
10,10470,3.002964,1.426052,75.589198,901,11100,2.996809,0.409994,130.086356,1531,9569,2.999064,2.916287,0.726916,0.575895,0.997648
16,11376,3.000237,2.559943,105.19778,1865,11632,2.999052,0.702305,150.874083,2121,9511,3.002659,2.885484,0.78803,0.603041,0.992865
8,6336,3.003692,0.10064,97.34436,618,5752,3.011154,0.005345,1.990654,34,5718,2.997806,0.376967,0.439937,0.300635,0.5962
5,3775,3.004719,0.004075,40.847694,231,3565,3.001236,0,0.043086,21,3544,2.994299,0.015941,0.262306,0.185657,0.36872
19,9282,3.002,0.774872,7.319728,133,9841,2.993646,0.234833,56.166259,692,9149,3.005743,2.441877,0.644716,0.510823,0.955855
1,755,2.982631,0,33.204293,31,729,2.988616,0,0.739688,5,724,2.996636,0,0.052015,0.03768,0.075428
2,2732,3.001963,0,24.40651,140,2600,3.006018,0,0.244987,8,2592,3.007982,0.000908,0.18975,0.13552,0.270821
11,3835,2.987166,0.002734,83.945447,310,3530,3.005667,0,0.293277,5,3525,2.99588,0.020141,0.264973,0.184201,0.366962
7,6560,2.995553,0.174142,0.391332,15,7490,3.000686,0.065395,101.711586,945,6545,3.00131,0.689609,0.45488,0.389708,0.683276
14,6390,3.00293,0.170863,3.944824,22,6570,3.012214,0.028851,22.97355,202,6368,3.001079,0.675042,0.444159,0.343059,0.663981
1,756,3.003772,0,70.050121,66,696,2.965998,0,0.001699,6,690,3.015357,0,0.052477,0.035782,0.072514
4,2952,3.002719,0,2.100819,92,2868,3.005045,0,15.596001,8,2860,2.99336,0.003869,0.204795,0.149476,0.297288
10,6810,3.01342,0.173642,3.384059,67,7310,3.002897,0.049914,60.329838,567,6743,3.002353,0.770325,0.474564,0.381097,0.704277
4,15060,2.991147,67.336874,231.988954,5490,14580,2.995502,2.585306,233.94707,5010,9570,2.998461,2.93,0.995988,0.753504,0.997616
20,13920,2.998814,10.705006,211.206467,4341,14180,2.998941,2.091451,220.03045,4601,9579,2.996238,2.915739,0.966188,0.737018,0.997647
14,10052,3.007624,1.656757,39.814065,613,10108,3.004128,0.441309,30.51925,669,9439,3.004464,2.813612,0.69983,0.527183,0.98575
13,9191,2.995152,0.700986,7.049978,90,9841,3.000341,0.342769,72.468734,740,9101,3.004945,2.60285,0.637232,0.51261,0.95054
10,1510,3.006964,0,55.884723,76,1438,2.995084,0,3.137059,4,1434,2.991081,0,0.105006,0.074773,0.149178
11,14080,2.996734,15.705592,209.792015,4586,14500,2.99687,1.923354,239.290629,5006,9494,3.008848,2.904451,0.965095,0.75442,0.993163
7,7580,2.999758,0.308141,51.994648,638,6990,3.006998,0.046088,0.918193,48,6942,3.001581,1.064122,0.525471,0.364604,0.724496
6,4062,3.006521,0.01173,0.285234,31,4296,2.996695,0.000067,56.126436,265,4031,3.000202,0.056692,0.281923,0.223342,0.420798
5,3490,2.985668,0.000522,7.859044,115,3395,3.009933,0,9.576992,20,3375,2.993678,0.023935,0.241087,0.176895,0.351017
19,13718,3.004175,9.728587,221.255989,4151,14725,3.007319,2.331879,256.092687,5158,9567,2.999861,2.931058,0.947818,0.768119,0.997611
9,6363,2.996097,0.203289,24.054273,297,6138,3.000931,0.037166,3.692858,72,6066,3.006921,0.55811,0.440951,0.319171,0.634529
4,2896,3.001627,0,29.250482,0,2908,3.004024,0,4.522959,12,2896,3.00234,0.00371,0.20122,0.151596,0.301902
13,12206,2.998622,2.397427,122.765595,2694,12036,2.998846,0.899556,144.505503,2524,9512,3.004948,2.900339,0.843531,0.626319,0.993391
12,8424,2.99966,0.429105,2.443452,57,8424,2.992138,0.112138,23.503269,57,8367,3.001147,1.757853,0.584111,0.436829,0.873192
8,5257,3.002826,0.042836,70.517427,437,4837,3.002452,0.000456,0.470526,17,4820,3.004305,0.143861,0.364909,0.2519,0.503644
9,725,2.984595,0,51.748509,32,695,2.988214,0,0.003876,2,693,3.000997,0,0.050039,0.036012,0.072211
19,1354,2.997904,0,0.801239,5,1472,3.005693,0,60.31966,123,1349,3.010265,0,0.093903,0.076812,0.14109
6,4356,3.008656,0.015508,0.728724,12,4398,2.991853,0,12.392497,54,4344,2.992695,0.114107,0.302872,0.228214,0.451398
2,1384,3.007892,0,0.002177,0,1498,2.998188,0,56.139643,114,1384,3.001931,0,0.096364,0.077977,0.144259
11,7777,2.995182,0.366388,3.119262,106,7876,2.997137,0.080648,18.564503,205,7671,2.998495,1.549383,0.535531,0.408798,0.799873
17,9373,2.999814,1.005478,17.570289,381,9217,3.00599,0.185032,37.9565,225,8992,3.003112,2.424756,0.647081,0.479717,0.938663
10,7010,3.000665,0.242371,21.162425,41,7190,2.992948,0.021428,3.794745,221,6969,3.004664,0.937758,0.486357,0.373273,0.72777
20,14040,2.996886,16.082614,209.816866,4512,14540,3.001791,1.801158,216.387133,5012,9528,2.995237,2.860085,0.9485,0.755373,0.991877
8,9750,3.009679,1.010798,46.022784,736,9282,3.002835,0.255733,8.801033,268,9014,3.000109,2.432316,0.67919,0.483533,0.939807
18,8352,3.004541,0.524888,33.712651,116,8832,3.002703,0.180527,11.903938,596,8236,2.996384,1.943678,0.580029,0.458904,0.857978
8,7360,3.002377,0.260201,10.839983,288,7160,2.999003,0.037134,3.966687,88,7072,3.003419,1.053172,0.511068,0.372622,0.738657
12,9048,2.992958,0.69059,72.368788,1002,8100,2.988901,0.085028,1.926108,54,8046,2.99549,1.650988,0.62621,0.419234,0.837931
17,12002,3.008374,4.347406,107.930196,2448,12733,3.002353,0.954032,186.718225,3179,9554,3.004005,2.936983,0.835091,0.663697,0.997738
8,5584,3.003628,0.085168,0.330325,16,5664,2.994887,0.00883,43.142353,96,5568,2.99387,0.431773,0.38773,0.293984,0.579029
17,9048,2.998786,1.031369,12.202117,60,10023,2.998686,0.241047,88.418737,1035,8988,2.99648,2.45231,0.628079,0.521466,0.936304
2,1432,2.990839,0,6.658204,6,1438,3.007662,0,5.128043,12,1426,3.007859,0,0.098966,0.075013,0.14901
7,5075,3.006124,0.023877,5.130291,9,5215,3.002149,0.004275,11.628766,149,5066,2.99922,0.196128,0.352724,0.271184,0.527808
2,6534,3.000437,0.151327,65.518435,300,6273,3.000844,0.018328,0.28939,39,6234,3.002398,0.570881,0.453303,0.326805,0.65103
11,8206,2.998957,0.504611,25.014296,218,8041,2.98958,0.143865,8.494219,53,7988,2.996063,1.619655,0.568689,0.416723,0.83214
14,8676,2.997014,0.720996,5.37348,24,8700,3.000334,0.126702,31.127466,48,8652,2.994676,2.172477,0.60193,0.452887,0.900661
13,6471,2.988715,0.175446,28.952885,225,6282,3.006076,0.040831,0.642886,36,6246,2.997984,0.798595,0.446942,0.32716,0.650291
12,8352,2.994024,0.677329,4.422449,3,8928,3.001464,0.226883,28.452241,579,8349,2.998949,1.866252,0.578845,0.463533,0.869726
20,11408,2.999301,2.353436,124.530288,1858,12304,2.998514,0.749233,194.561306,2754,9550,3.004302,2.924813,0.789033,0.640528,0.997404
17,12444,3.000277,7.4728,126.561191,2872,12172,3.000336,0.764545,122.136502,2600,9572,2.996409,2.871066,0.845117,0.633819,0.996751
17,9191,2.999884,0.974504,64.422281,382,8970,3.003117,0.245865,5.743962,161,8809,2.998401,2.428497,0.63783,0.467673,0.918175
9,13908,2.998473,22.766608,198.964402,4319,14231,2.997094,1.949692,222.579787,4642,9589,2.993868,2.917588,0.964413,0.738579,0.997592
15,8879,3.003365,0.689303,9.280411,227,9256,2.998139,0.239364,55.592815,604,8652,3.00238,2.087737,0.610179,0.481605,0.902963
19,10560,2.999035,1.376981,76.005079,1023,11160,3.002892,0.654074,107.170372,1623,9537,2.999112,2.870758,0.730482,0.581001,0.994233
18,11984,3.000922,3.256479,152.03993,2426,12000,2.999833,0.667417,182.645216,2442,9558,3.002902,2.922716,0.83131,0.624073,0.997506
2,1508,3.005263,0,9.699671,36,1476,3.001821,0,11.27358,4,1472,2.987055,0,0.104781,0.076875,0.152738
3,1450,2.981406,0,6.986999,12,1470,3.006477,0,7.965516,32,1438,3.00644,0,0.099875,0.076696,0.150601
7,10785,2.999319,2.261742,64.711433,1320,11055,3.001883,0.461908,130.91632,1590,9465,3.003397,2.880119,0.747279,0.575318,0.988208
15,10995,3.003222,2.006364,108.396565,1591,10725,3.006752,0.387144,72.137146,1321,9404,3.002869,2.830256,0.763728,0.559871,0.981281
18,13623,2.997959,12.067902,212.099814,4059,13148,3.000321,1.337744,170.462461,3584,9564,3.000204,2.928001,0.944208,0.684866,0.997573
11,4886,2.995504,0.029876,9.363675,217,4690,3.004631,0.000633,10.079257,21,4669,2.994734,0.143358,0.338514,0.244137,0.485704
16,8472,3.010312,0.459626,15.608742,36,8604,2.999397,0.180947,4.461818,168,8436,2.99764,1.809588,0.589063,0.447664,0.878066
17,12384,3.003724,4.343135,154.255516,2862,13752,3.004796,1.305725,220.276411,4230,9522,3.001675,2.912961,0.861067,0.717409,0.993352
8,7100,2.997492,0.156588,0.822248,47,7480,3.003444,0.050298,34.92372,427,7053,3.00324,0.965239,0.492309,0.390031,0.736566
17,12155,2.998059,4.611337,162.518182,2662,12971,3.00447,1.279521,160.812432,3478,9493,3.000968,2.906314,0.84358,0.672248,0.990053
17,11985,2.99796,5.843576,128.736615,2459,11662,2.998403,0.746768,160.755583,2136,9526,3.000709,2.898306,0.831726,0.607073,0.993527
9,1488,2.998504,0,6.793282,20,1476,3.004299,0,4.948136,8,1468,3.025659,0,0.103263,0.076773,0.15431
15,4935,3.006881,0.010965,7.085973,8,5019,2.991967,0.00582,15.476205,92,4927,3.002405,0.178301,0.343494,0.260299,0.514112
16,11712,2.992668,2.781711,106.264378,2178,12208,2.997825,1.23348,138.901545,2674,9534,3.003516,2.91201,0.810856,0.635221,0.995236
3,6080,2.996564,0.098962,24.895887,53,6056,3.006337,0.010443,1.45837,29,6027,3.006862,0.670086,0.420634,0.315758,0.630182
19,13167,3.001402,6.220828,187.133832,3637,13927,3.001613,1.580064,221.534325,4397,9530,3.002903,2.929706,0.911244,0.725755,0.994966
15,10680,3.005121,1.404104,78.51032,1166,10995,3.007376,0.562356,104.14103,1481,9514,3.000669,2.893823,0.741647,0.573988,0.992632
14,10388,3.003154,1.648221,58.433786,854,10108,3.002912,0.272366,33.821184,574,9534,3.000691,2.9186,0.722005,0.526437,0.994493
4,12080,3.004165,4.064819,145.747469,2572,12608,2.993961,0.879546,183.005569,3100,9508,3.00002,2.906978,0.826549,0.654837,0.991542
16,5640,3.000536,0.062552,0.324741,3,5904,3.000716,0.002299,62.405326,267,5637,2.997808,0.355204,0.391737,0.30723,0.587049
3,2259,2.986963,0,51.963783,138,2136,2.99711,0,1.971113,15,2121,3.001406,0,0.155937,0.111033,0.221504
15,11600,3.000025,3.077778,127.201915,2143,11008,3.001533,0.707259,99.784178,1551,9457,3.00344,2.866144,0.804694,0.57364,0.987289
5,3540,3.002747,0.001071,1.062768,5,3755,2.993702,0.00194,26.332621,220,3535,3.005361,0.027585,0.246058,0.19501,0.369006
14,12692,3.000537,5.736351,180.630638,3123,14592,2.996922,1.562439,213.342023,5023,9569,2.99586,2.92343,0.879872,0.75768,0.996288
17,11322,2.999602,3.72336,97.428185,1837,11934,3.004593,0.734914,151.103077,2449,9485,2.997763,2.879587,0.786146,0.621741,0.988255
5,13518,3.004016,10.560399,218.910017,3969,11988,3.002307,0.772261,151.360568,2439,9549,3.005616,2.939144,0.939153,0.624114,0.997618
16,11840,2.992097,3.442804,132.399187,2336,11744,2.997394,0.477909,148.446135,2240,9504,2.99823,2.864957,0.814629,0.609643,0.990246
9,7220,3.002247,0.271147,0.715025,49,7750,3.004,0.057762,59.364791,579,7171,2.994365,1.093953,0.501409,0.403348,0.746753
4,14402,3.003301,30.623112,236.967321,4850,13547,3.001049,1.308513,197.424852,3995,9552,3.001465,2.918337,0.99387,0.701442,0.996476
16,12656,3.006188,3.385351,165.385788,3149,11312,3.008926,0.665342,110.917487,1805,9507,3.004909,2.896011,0.87637,0.589613,0.992987
14,9688,2.998365,1.211206,35.926208,374,9982,2.99832,0.295135,24.055108,668,9314,2.999529,2.681686,0.671974,0.519178,0.971027
7,4837,3.004265,0.029746,10.55138,77,4767,3.002577,0.001681,13.264126,7,4760,3.009108,0.160476,0.33615,0.248503,0.497451
16,11632,3.001656,2.693324,168.427784,2103,11952,2.996357,0.751311,128.476366,2423,9529,2.999238,2.916027,0.808224,0.621231,0.993609
16,737,2.994643,0,21.305366,44,699,2.984958,0,2.716849,6,693,2.99615,0,0.05105,0.036158,0.072249
14,9954,3.000172,1.085259,31.085767,492,10318,2.99851,0.317428,57.698023,856,9462,3.003848,2.814779,0.690471,0.536865,0.98788
20,14760,3.002156,44.170717,221.127273,5202,14720,2.999385,1.970128,264.832083,5162,9558,2.997696,2.904735,0.986094,0.76547,0.995811
11,1384,2.998927,0,30.06063,112,1276,3.007854,0,1.604443,4,1272,2.991824,0,0.096084,0.06663,0.13218
12,8916,2.998003,0.733376,30.260673,121,8844,2.999535,0.134038,7.163054,49,8795,2.999375,2.18065,0.615,0.459881,0.916922
2,1472,2.996362,0,4.043502,4,1520,3.000781,0,9.824299,52,1468,3.012164,0,0.102001,0.079177,0.153657
18,2202,3.011759,0,28.191484,59,2160,2.991156,0,0.788704,17,2143,3.005032,0,0.153426,0.112013,0.224054
4,2764,3.000747,0,0.020212,4,3088,3.002017,0,84.717606,328,2760,3.001438,0.003145,0.191992,0.160783,0.2879
20,3036,3.015027,0.00037,88.129101,416,2636,2.999498,0,0.021124,16,2620,2.995572,0.006634,0.211401,0.137176,0.272886
17,4508,2.995815,0.025594,0.583461,14,5215,3.004232,0.00145,96.782565,721,4494,2.991794,0.131237,0.312143,0.271618,0.466845
4,2924,2.997814,0.000103,21.180168,8,2940,3.003808,0,5.446575,24,2916,2.993958,0.003798,0.20254,0.153327,0.303138
7,5138,3.008409,0.039787,71.680315,409,4767,3.002355,0.008342,0.495642,38,4729,2.988604,0.17805,0.357395,0.248374,0.491787
8,6072,2.992601,0.076852,0.23735,46,6096,2.994224,0.007833,49.9814,70,6026,3.004608,0.449719,0.420501,0.316889,0.629875
14,4494,3.00179,0.011681,29.775289,124,4380,2.992016,0.000716,1.085226,10,4370,3.007193,0.07612,0.311904,0.227513,0.456719
8,6344,2.99399,0.129359,11.088011,300,6080,3.000439,0.009777,2.442579,36,6044,2.995981,0.494663,0.439404,0.316285,0.629671
9,2076,2.988788,0,1.40229,0,2199,2.999769,0,29.955218,123,2076,2.989793,0,0.143628,0.114366,0.215514
4,2880,3.004936,0,28.846508,161,2724,3.005285,0,1.358537,5,2719,2.996314,0.016045,0.200077,0.141999,0.282968
1,9954,2.994722,1.11733,37.366419,827,9576,2.992224,0.351117,21.264201,449,9127,2.998258,2.492243,0.689667,0.497473,0.951223
5,3560,3.006217,0.001877,16.836435,112,3450,3.001797,0,3.615899,2,3448,2.996276,0.019525,0.247696,0.179795,0.358926
4,12942,2.99492,5.062371,196.945521,3373,13338,2.99797,1.36905,226.077609,3769,9569,2.999209,2.925781,0.888175,0.694153,0.997396
17,12580,2.999371,4.603646,153.384998,3081,12495,2.999108,0.783879,159.299707,2996,9499,3.001933,2.918493,0.858757,0.649782,0.990958
14,12258,2.998627,4.305893,116.385722,2792,13122,3.002915,1.305264,173.612895,3656,9466,2.990695,2.827875,0.848968,0.681309,0.984133
9,6417,3.003786,0.164864,58.71065,355,6084,2.988359,0.023779,1.503779,22,6062,2.996898,0.487088,0.446209,0.315544,0.63159
12,8388,2.993193,0.682359,9.620413,108,8328,3.002134,0.111891,9.864047,48,8280,3.001071,1.77049,0.57994,0.433473,0.863766
9,6615,3.002841,0.157818,20.490847,211,6435,3.001294,0.037907,0.893309,31,6404,2.996602,0.671116,0.459028,0.334806,0.667173
1,730,2.988167,0,1.526746,2,740,3.010788,0,15.604311,12,728,3.013616,0,0.050386,0.038637,0.076178
11,2136,2.996732,0,3.178146,12,2130,2.99541,0,11.502654,6,2124,3.009337,0,0.148053,0.110768,0.222362
9,6381,2.999276,0.140357,42.711626,504,5895,2.999938,0.015467,4.229747,18,5877,2.991395,0.396283,0.442847,0.307036,0.610586
1,13050,2.994389,7.878362,183.020034,3478,11646,3.001157,0.621692,121.249712,2074,9572,2.998698,2.912262,0.901922,0.606652,0.997578
18,12726,3.00106,8.069856,142.727007,3155,13068,3.001933,1.328866,197.044593,3497,9571,2.999128,2.932289,0.87225,0.680358,0.997722
12,12132,3.001272,3.955495,117.760919,2549,12078,3.001456,0.838335,161.923525,2495,9583,2.995213,2.92705,0.84239,0.62758,0.997692
3,10444,2.999001,1.687888,91.737236,1034,9702,3.002367,0.300023,18.421223,292,9410,3.002784,2.74794,0.724402,0.505211,0.98225
20,13700,2.989347,20.337625,230.424609,4139,14700,2.999079,1.609415,262.532435,5139,9561,3.001714,2.914548,0.947787,0.765078,0.997634
15,2984,2.993535,0,61.627535,139,2856,2.982468,0,0.046745,11,2845,2.995958,0.00513,0.206467,0.14789,0.296225
12,1500,3.009144,0,24.241081,138,1370,2.990412,0,2.127273,8,1362,2.998721,0,0.104494,0.071022,0.142297
16,11792,2.99609,3.306363,150.322349,2225,11488,3.003988,0.575573,126.745851,1921,9567,2.999409,2.925029,0.816141,0.598968,0.997649
19,4893,2.995416,0.026253,0.533212,21,5005,3.01079,0.000657,18.164704,133,4872,2.994176,0.215945,0.339051,0.261615,0.506826
3,2304,2.994018,0,104.184969,318,1995,3.016855,0,1.350162,9,1986,2.985401,0,0.159204,0.104478,0.206048
17,4907,2.984113,0.027762,6.228542,12,5005,2.993398,0.005611,26.53471,110,4895,3.005445,0.198365,0.338882,0.25997,0.511255
15,10410,2.995479,1.168044,62.146604,902,10755,2.998383,0.38267,73.353293,1247,9508,3.005719,2.895143,0.718045,0.55943,0.993393
20,14320,3.00042,15.203073,220.861809,4769,13780,2.993401,1.538406,194.833693,4229,9551,3.000085,2.925169,0.980912,0.713243,0.996074
15,5976,3.005172,0.074586,18.479527,216,5776,3.001863,0.005489,3.967482,16,5760,3.005283,0.334747,0.414788,0.301024,0.601241
9,9451,3.007258,1.136802,28.816741,258,9230,3.002936,0.247616,10.398523,37,9193,2.999864,2.601604,0.657623,0.4812,0.958476
10,12444,2.99347,6.788828,155.985798,2863,12393,3.007024,0.857473,150.503396,2812,9581,2.99479,2.90293,0.852658,0.646721,0.99732
14,7230,3.000631,0.17636,11.966711,154,7110,2.995408,0.063709,21.170972,34,7076,2.984357,0.981639,0.502189,0.369372,0.734275
18,8748,3.000652,0.55742,47.406903,558,8256,3.000162,0.110029,1.780667,66,8190,2.997379,1.674859,0.606911,0.429143,0.8534
8,6880,3.004917,0.164147,19.326817,26,7170,3.006552,0.056338,19.343551,316,6854,3.011221,0.851607,0.478546,0.374022,0.717741
15,5180,3.008134,0.021173,14.88415,17,5222,2.993073,0.000371,5.004233,59,5163,2.996799,0.182923,0.360718,0.27135,0.538281
13,7579,3.006763,0.343268,1.501491,15,8074,3.009431,0.101679,38.070356,510,7564,3.003167,1.297309,0.527522,0.421647,0.789234
12,6651,2.990324,0.197149,0.92002,27,6750,2.996029,0.050026,39.78108,126,6624,2.99083,0.733816,0.460407,0.350818,0.688749
8,5584,2.991515,0.080441,1.218784,24,5576,2.99961,0.011844,20.722963,16,5560,2.997487,0.347165,0.386687,0.290379,0.579492
20,2085,3.003454,0,0.008459,3,2166,3.002381,0,40.455921,84,2082,3.007191,0.000355,0.144958,0.112847,0.217534
3,2082,3.005593,0,0.586438,6,2205,2.99375,0,46.389394,129,2076,3.006753,0,0.144666,0.114591,0.216799
17,12155,3.003183,4.356167,153.438881,2612,12070,2.995725,0.738486,174.172006,2527,9543,2.999294,2.924497,0.843584,0.627667,0.995214
9,2744,2.982274,0,0.153746,6,2856,3.008018,0,27.347013,118,2738,2.994631,0.000968,0.18943,0.148709,0.284955
8,6216,2.991245,0.110539,52.026603,392,5848,3.002594,0.015764,0.627831,24,5824,2.995758,0.441347,0.430424,0.30465,0.60662
1,705,2.996736,0,3.118171,2,744,2.996258,0,46.98449,41,703,2.993654,0,0.048897,0.038702,0.073136
5,3615,2.99663,0.004856,44.751081,230,3385,2.992323,0.000479,0.476686,0,3385,3.005667,0.030863,0.25076,0.175851,0.35327
11,7180,2.995342,0.237404,19.945503,199,7070,3.000595,0.039613,2.337266,89,6981,2.995352,0.931481,0.497857,0.366626,0.72707
12,7689,2.994795,0.464754,28.679936,33,7777,3.000607,0.10528,4.35189,121,7656,3.002574,1.263474,0.532713,0.404275,0.798749
7,12852,3.000244,5.995142,205.668438,3306,12510,3.001421,0.871264,190.667006,2964,9546,3.004041,2.931059,0.890273,0.651871,0.99687
2,1444,3.009387,0,6.154231,10,1444,3.003085,0,4.797565,10,1434,3.002511,0,0.100388,0.075216,0.149716
5,3415,3.001465,0.000674,2.519309,15,3800,2.994225,0,77.344157,400,3400,2.999828,0.008978,0.236786,0.197536,0.354239
4,2976,2.997264,0.000364,40.142956,4,3096,3.005463,0,2.145747,124,2972,2.991408,0.005751,0.20647,0.161473,0.308707
17,13141,2.999872,6.723743,208.157373,3594,11322,2.999459,0.914134,120.249187,1775,9547,3.001794,2.931181,0.908102,0.588291,0.996069
15,14060,2.999644,10.435269,221.255453,4492,14860,2.99848,1.962863,256.212223,5292,9568,2.999859,2.933169,0.966631,0.771767,0.997629
9,2163,2.998429,0,16.439156,81,2091,3.012561,0,12.418905,9,2082,3.000894,0.003667,0.150134,0.109362,0.217426
15,10425,2.9983,1.862315,70.058631,873,11310,3.007838,0.600244,133.086015,1758,9552,2.999411,2.885272,0.72303,0.590602,0.995912
5,7030,2.996975,0.241935,20.272857,19,7190,3.001304,0.046753,9.663713,179,7011,2.995261,1.083286,0.487069,0.37452,0.729811
19,12996,3.002395,5.171101,203.346704,3465,13091,3.004367,1.168121,199.473946,3560,9531,2.995056,2.909255,0.90015,0.680388,0.992143
16,11776,3.000515,2.832158,117.287611,2224,11536,2.99975,0.698037,137.83367,1984,9552,2.994882,2.867938,0.816172,0.60059,0.994589
9,11866,2.998804,4.150035,132.114859,2437,12495,2.996543,1.024698,195.021632,3066,9429,2.995371,2.849369,0.819988,0.648697,0.981819
13,13770,3.0003,10.383794,223.972909,4205,12690,2.994303,0.957084,189.454091,3125,9565,3.001115,2.935888,0.955699,0.659414,0.997716
18,12474,3.003648,4.024069,149.197546,3015,13356,3.001362,1.2087,175.817375,3897,9459,2.994625,2.863332,0.852378,0.694828,0.984573
14,10108,2.996789,1.025962,59.897106,562,10024,3.008888,0.448919,59.068024,478,9546,3.006109,2.933746,0.701193,0.523646,0.997466
6,4428,2.999195,0.003945,6.650443,24,4464,2.991364,0,9.577107,60,4404,2.9924,0.058927,0.307197,0.231439,0.457722
4,2816,3.000951,0,8.3588,56,2772,2.996513,0,9.839296,12,2760,2.996498,0.004677,0.195491,0.144017,0.287725
5,3560,3.009728,0.000111,2.23014,11,3560,3.000839,0,13.076239,11,3549,3.011099,0.040744,0.248024,0.185407,0.371187
7,4956,2.991756,0.015543,28.484363,54,4907,3.000318,0.008284,0.52668,5,4902,3.000947,0.269989,0.342254,0.2556,0.51128
19,14592,3.001004,24.607111,232.858777,5023,13395,2.996505,1.052752,202.143353,3826,9569,2.999038,2.915524,0.996413,0.695943,0.997475
3,2163,3.004376,0,34.174463,69,2106,3.012779,0,0.860157,12,2094,3.002888,0,0.150289,0.109976,0.218422
17,5656,3.003374,0.077099,5.061569,43,5672,2.999404,0.008651,43.688431,59,5613,3.005139,0.418785,0.393219,0.294958,0.586649
18,7711,2.997643,0.422692,13.653453,52,7733,2.999569,0.078535,11.233126,74,7659,2.993951,1.148407,0.534537,0.402056,0.797348
20,14160,3.002507,15.062102,202.304198,4661,15100,3.003831,2.229729,251.969461,5601,9499,2.998177,2.865348,0.966888,0.786093,0.989899
12,8448,3.003652,0.573716,3.074079,48,8844,3.005117,0.116753,46.967809,444,8400,3.003268,1.975849,0.586846,0.461334,0.87696
9,11168,2.996352,2.098013,121.735747,1649,10848,3.001223,0.614816,85.004815,1329,9519,3.000762,2.832385,0.77445,0.564972,0.992916
19,5208,3.004087,0.031763,2.870142,98,5124,3.000936,0.001445,26.26794,14,5110,2.997888,0.197619,0.361059,0.266454,0.531917
11,10206,2.997953,1.232272,58.638389,814,9968,3.001401,0.361464,52.246661,576,9392,3.00744,2.867555,0.708276,0.51843,0.981864
14,2058,2.998032,0,4.076571,13,2115,2.999802,0,35.23956,70,2045,2.998882,0,0.142817,0.110145,0.213542
4,9737,2.996907,1.061305,71.944224,897,8866,3.004942,0.174068,7.03906,26,8840,3.002012,2.480566,0.675518,0.462148,0.921686
3,2784,2.997075,0,0.514012,9,2880,3.013217,0,31.579216,105,2775,3.007816,0.003945,0.193145,0.150671,0.290324
9,6210,2.998037,0.110462,0.559333,34,6390,3.001217,0.020409,28.822921,214,6176,3.006099,0.494065,0.430742,0.332948,0.645722
11,5201,2.996524,0.042574,10.244297,98,5117,2.999625,0.001078,11.32732,14,5103,3.002152,0.214782,0.360441,0.266204,0.532133
13,9548,2.996549,1.064162,43.042436,89,10052,2.997829,0.334917,57.638895,593,9459,2.991097,2.798434,0.660531,0.522098,0.983425
4,2804,3.001115,0.000322,0.08177,4,2868,2.997532,0,31.294962,68,2800,3.001905,0.015333,0.194761,0.149032,0.291852
6,5194,3.007206,0.050693,1.658674,32,5264,2.995348,0.00219,11.157378,102,5162,2.990912,0.20944,0.361437,0.273741,0.537119
16,13870,3.006331,11.521452,218.041598,4296,13262,2.992564,1.446512,185.277182,3688,9574,2.995891,2.914127,0.949938,0.68555,0.996958
16,11920,3.001017,3.274765,140.210713,2415,11456,3.000955,0.615735,95.859656,1951,9505,3.000694,2.902411,0.828058,0.596406,0.991609
17,11747,2.993085,4.732154,118.01399,2191,11390,3.002079,0.640916,144.010269,1834,9556,3.001587,2.907487,0.809284,0.591575,0.997041
9,2121,3.009774,0,0.523189,9,2190,3.001137,0,28.800167,78,2112,2.993509,0,0.147572,0.114106,0.219896
18,9438,2.995294,0.797405,17.182377,98,9789,3.005381,0.255307,22.845293,449,9340,3.001615,2.700971,0.653757,0.509787,0.974681
17,12240,3.003873,4.241171,138.524804,2686,12495,3.000275,0.964457,187.959679,2941,9554,2.995546,2.914204,0.84964,0.648075,0.994912
8,5488,3.004513,0.072467,11.198277,18,5920,2.991153,0.016039,31.236772,450,5470,2.999773,0.347706,0.381421,0.307044,0.57053
18,10928,2.991253,2.83398,108.991864,1495,11680,2.997722,0.586833,120.00177,2247,9433,2.999192,2.871105,0.755338,0.607767,0.983402
9,8388,2.99902,0.601779,60.607621,340,8100,2.997523,0.113406,2.612902,52,8048,2.997085,1.810594,0.581246,0.42109,0.838293
10,12996,3.00245,5.166757,141.307041,3442,13756,3.000726,1.432152,231.475348,4202,9554,2.996016,2.87559,0.896179,0.715759,0.994891
6,4332,2.999978,0.014009,36.59207,24,4332,3.01259,0,0.234948,24,4308,3.003147,0.090789,0.300831,0.226293,0.449723
13,9685,2.996405,0.740625,30.98381,539,9334,2.991468,0.249649,9.999478,188,9146,2.998363,2.55511,0.670185,0.484114,0.953233
6,4344,2.997949,0.011422,38.013904,229,4134,3.004135,0.000102,0.09551,19,4115,3.004839,0.090559,0.300805,0.215414,0.429589
5,1438,3.002136,0,1.967873,2,1448,3.015672,0,14.747075,12,1436,3.004738,0,0.099932,0.075808,0.14988
15,9438,3.002479,0.862236,63.605494,617,9022,3.00136,0.184991,7.198004,201,8821,2.99736,2.318628,0.65425,0.468614,0.919015
20,14340,2.999133,16.641102,215.266376,4827,14880,3.000144,2.566299,250.619152,5367,9513,3.003705,2.923728,0.967228,0.772391,0.99333
3,2115,3.010465,0,20.434283,16,2109,3.002998,0,1.49344,10,2099,2.998532,0,0.146974,0.109788,0.218932
5,10560,2.995517,1.691257,84.997948,1042,11205,2.997614,0.517949,112.136256,1687,9518,3.003122,2.90455,0.73069,0.58313,0.993456
3,7876,3.005519,0.42053,10.004258,112,7854,3.001943,0.08557,6.920992,90,7764,3.000013,1.649106,0.54721,0.407541,0.809693
11,8294,2.998865,0.364339,26.027601,211,8151,2.995907,0.091367,3.542785,68,8083,3.004317,1.714002,0.575257,0.423416,0.843961
13,9126,2.990609,0.894339,8.323041,51,9971,2.997064,0.273761,58.777406,896,9075,2.994684,2.444787,0.631763,0.518793,0.944806
3,2061,3.004392,0,0.184021,6,2205,2.997725,0,46.780928,150,2055,2.990282,0,0.143335,0.114766,0.213658
14,4416,2.99932,0.007856,0.092823,39,4500,3.004084,0,68.392105,123,4377,2.993914,0.119199,0.305722,0.23457,0.456117
10,6690,2.992421,0.227185,0.557064,0,7820,2.99909,0.037058,111.1646,1130,6690,3.004922,0.890569,0.46341,0.407147,0.698018
3,7350,3.00754,0.430122,31.331345,228,7180,2.993017,0.041652,1.118319,58,7122,3.000577,1.009655,0.511403,0.37305,0.743013
8,5624,2.998592,0.067313,32.323194,33,5648,2.999483,0.003457,1.952186,57,5591,2.998444,0.351628,0.390229,0.293717,0.582966
15,10665,2.997111,2.088086,63.775069,1194,10485,2.992814,0.383128,79.016207,1014,9471,2.998094,2.817265,0.737725,0.544114,0.986699
8,7110,3.001126,0.248374,8.44404,59,7260,2.995411,0.061708,21.251605,209,7051,3.003085,1.100436,0.493451,0.377324,0.736176
4,2904,2.994439,0,6.514506,52,2860,2.999874,0,9.459631,8,2852,2.992165,0.005424,0.201293,0.14869,0.296307
13,9529,3.008125,1.099272,20.199404,218,9503,2.99891,0.309241,36.706118,192,9311,3.001357,2.760169,0.662281,0.493982,0.97136
2,8772,3.001154,0.525523,44.639577,894,8016,3.006268,0.166421,5.114677,138,7878,3.004077,1.576961,0.608397,0.417398,0.822767
15,8096,2.997715,0.590435,31.404788,557,7656,2.992623,0.088472,6.993669,117,7539,2.997079,1.435155,0.561794,0.396176,0.785577
18,13158,2.998896,8.180072,181.036638,3591,13824,3.004428,1.648557,238.954645,4257,9567,2.998436,2.914202,0.910305,0.719855,0.997288
10,7220,2.994999,0.192876,30.014099,236,7060,3.000963,0.043765,3.992381,76,6984,3.00013,1.080237,0.500553,0.366914,0.72867
14,10080,3.003573,1.102456,41.634115,736,9688,2.999371,0.30726,30.450826,344,9344,3.000404,2.721459,0.700705,0.503164,0.974394
19,7425,2.999701,0.400589,1.273521,125,8558,3.004407,0.139344,91.470162,1258,7300,2.989447,1.158294,0.512607,0.445772,0.758793
3,9394,3.00792,0.900227,13.364172,37,10822,2.99545,0.276438,127.48999,1465,9357,3.005139,2.791116,0.654083,0.56191,0.977391
16,3012,3.002163,0,85.738673,290,2732,2.996336,0,0.023959,10,2722,3.008885,0.00092,0.208788,0.142118,0.284784
8,3555,3.009731,0.000215,1.639644,37,3655,2.988824,0,18.991937,137,3518,2.995449,0.028991,0.247088,0.189655,0.367146
15,10515,3.000606,1.567895,55.159956,1095,10770,2.99277,0.473499,98.310039,1350,9420,3.00217,2.813557,0.728154,0.559647,0.982906
15,3520,3.00514,0.003559,57.896494,50,3475,2.996734,0,0.907802,5,3470,3.00084,0.038249,0.244646,0.180793,0.36169
4,4500,2.999972,0.011798,5.649799,40,4584,2.997437,0.00001,3.608858,124,4460,2.992688,0.091483,0.312104,0.237994,0.464572
5,3535,3.001261,0.006528,0.058842,15,3860,3.006718,0.00023,88.10866,340,3520,2.989765,0.063913,0.245417,0.201318,0.36621
6,1432,2.992738,0,0.018717,8,1538,3.002444,0,87.314369,114,1424,2.989821,0,0.099204,0.080024,0.148425
3,2148,3.006703,0,24.793307,42,2121,2.999373,0,0.900445,15,2106,2.990019,0,0.149518,0.110109,0.219145
7,14020,2.995068,10.581871,203.319903,4470,14160,2.995768,1.780122,233.856553,4610,9550,2.997703,2.888077,0.944811,0.734435,0.995217
7,5208,2.994453,0.024552,0.490422,21,5376,3.009067,0.005591,51.353723,189,5187,2.994704,0.183646,0.360605,0.280213,0.539538
6,4206,2.996513,0.009188,0.911416,27,4254,3.001842,0.005095,25.906916,75,4179,2.984054,0.092347,0.291558,0.221403,0.434107
7,6032,3.005389,0.062334,54.966722,284,5816,2.9971,0.011947,0.340449,68,5748,2.991871,0.458696,0.418757,0.301874,0.597828
13,13319,3.006657,9.767886,218.470792,3728,12749,3.002944,1.473942,174.544457,3158,9591,2.993613,2.924958,0.923024,0.664662,0.997701
4,2896,3.011483,0,51.857855,180,2732,3.000952,0,0.497614,16,2716,2.986408,0.013143,0.201573,0.142085,0.281814
18,14953,2.996865,39.001319,210.346363,5411,14231,3.004769,1.523837,228.639736,4689,9542,3.007052,2.902211,0.976486,0.737774,0.997356
2,1428,2.983355,0,45.238021,58,1374,2.987974,0,1.709224,4,1370,2.992706,0,0.098505,0.071276,0.142675
15,6168,3.00673,0.101382,66.061778,416,5760,3.002795,0.018076,0.38853,8,5752,2.989552,0.526813,0.428378,0.30023,0.597083
15,11280,2.995541,2.234114,112.324318,1830,11475,3.001237,0.608866,138.477152,2025,9450,3.00527,2.848946,0.781542,0.595061,0.986971
8,5520,3.007078,0.085869,9.004935,29,5536,3.002953,0.007455,3.491731,45,5491,2.991994,0.315703,0.383799,0.28829,0.571573
13,9477,3.003857,1.038343,29.376225,281,9282,3.001692,0.18933,34.037587,86,9196,3.002953,2.533609,0.658971,0.483347,0.95981
12,10864,3.003836,1.638707,86.424337,1296,11712,3.000895,0.870829,135.910365,2144,9568,2.996234,2.911724,0.754725,0.607941,0.996681
6,4452,3.008206,0.004432,28.717771,159,4314,2.994725,0.000976,0.12452,21,4293,3.00295,0.140116,0.309326,0.224141,0.448397
1,670,3.000947,0,4.382304,2,681,2.968063,0,14.260237,13,668,3.005553,0,0.046525,0.035059,0.069747
2,10275,2.999329,1.44662,41.048152,866,11280,2.998689,0.6687,106.181349,1871,9409,3.001286,2.748766,0.7123,0.586009,0.98172
11,7722,3.001913,0.47623,1.515871,16,8228,2.991676,0.101207,26.421242,522,7706,2.996747,1.381503,0.536592,0.427237,0.802398
3,2082,3.000661,0,4.635522,14,2082,2.998984,0,30.328714,14,2068,3.007406,0,0.14411,0.108272,0.216156
14,9100,3.00543,0.951789,12.265397,97,9880,2.99875,0.194724,83.043461,877,9003,2.998662,2.408525,0.632102,0.513838,0.938601
16,11568,3.007502,3.384408,104.936557,1996,11312,3.002309,0.652412,120.321497,1740,9572,2.993758,2.923332,0.804465,0.58962,0.996031
15,11535,2.994635,1.967923,136.513872,2144,10320,3.000815,0.393419,55.659252,929,9391,2.997866,2.756346,0.799074,0.536853,0.978528
11,7744,3.003315,0.397114,4.521631,38,7986,3.00814,0.062144,22.397479,280,7706,2.993314,1.42013,0.5377,0.415932,0.801893
9,724,3.008534,0,19.637559,12,714,2.999927,0,5.550459,2,712,2.970185,0,0.050196,0.037187,0.073525
16,2864,3.002974,0.00008,9.41309,85,2784,2.996899,0,3.062342,5,2779,2.997928,0.007058,0.198527,0.144858,0.289444
13,15000,2.996741,52.658914,230.784416,5507,14220,2.996142,1.750727,206.086936,4727,9493,3.003269,2.862255,0.987761,0.738592,0.99099
6,4104,2.99002,0.003111,4.962521,42,4260,3.00711,0.000623,14.544789,198,4062,2.989363,0.073954,0.283979,0.222142,0.422718
7,12614,3.000751,3.531147,175.302239,3068,12546,2.998569,0.742998,153.929979,3000,9546,3.000286,2.904887,0.875345,0.652269,0.995495
17,5560,2.99482,0.059637,0.25315,8,5840,3.001672,0.002199,61.037418,288,5552,2.990487,0.329088,0.384892,0.303486,0.576499
16,11888,2.998185,5.482541,164.304025,2374,11968,2.997303,1.002004,121.474792,2454,9514,2.994841,2.903905,0.810678,0.622773,0.990403
17,11934,2.990495,3.96566,121.995822,2380,11594,3.003504,0.710987,134.432057,2040,9554,2.998713,2.909616,0.825358,0.602866,0.995698
14,4500,2.993994,0.008938,57.359399,420,4092,3.012353,0.001763,0.537231,12,4080,2.998715,0.094879,0.311892,0.214011,0.424953
4,2940,3.004158,0,24.532437,84,2856,3.004379,0,0.191757,0,2856,3.00257,0.007151,0.204375,0.148967,0.297755
12,723,3.01846,0,20.151205,5,720,3.016456,0,0.105273,2,718,3.008842,0,0.050475,0.037706,0.075209
3,2154,2.987185,0,0.778884,39,2118,2.993044,0,19.285127,3,2115,2.997562,0.000682,0.148845,0.110057,0.220419
10,2852,2.989639,0.000387,27.844978,71,2788,3.008298,0,14.943718,7,2781,3.002994,0.00456,0.197372,0.145615,0.290308
8,14326,3.000577,33.701774,218.797539,4801,13471,3.001265,1.446577,202.720517,3946,9525,2.998277,2.918627,0.980048,0.701266,0.992628
3,2151,2.988931,0,47.611892,96,2061,2.996943,0,0.023523,6,2055,2.985417,0,0.148824,0.107132,0.213035
14,10665,3.000239,2.198816,88.355714,1281,10815,3.000669,0.504113,94.063379,1431,9384,2.998954,2.764027,0.739526,0.563407,0.978211
13,9438,2.996196,1.105428,46.995268,482,9256,2.997455,0.234188,22.176786,300,8956,2.999292,2.44477,0.65387,0.481674,0.93346
1,708,2.989678,0,2.80083,2,724,2.975312,0,23.732068,18,706,3.016512,0,0.048934,0.037354,0.073989
19,14630,2.996213,15.038309,236.409122,5079,13775,2.990625,1.401531,211.384499,4224,9551,3.001544,2.921146,0.996122,0.710545,0.996296
11,7700,2.996496,0.415481,9.515569,45,8019,3.002429,0.080214,6.546964,364,7655,2.99882,1.118242,0.533756,0.417027,0.798363
15,11235,2.999868,2.070591,99.774542,1701,11235,3.00256,0.519264,104.899919,1701,9534,2.994603,2.901768,0.776976,0.585219,0.992415
6,746,3.02482,0,2.392341,2,778,3.001327,0,37.536641,34,744,3.003164,0,0.052234,0.040513,0.077735
9,1542,3.005106,0,40.548203,38,1510,3.004056,0,0.007101,6,1504,2.995526,0,0.107136,0.078724,0.156626
18,9178,2.99519,0.752083,5.074598,191,9646,2.994596,0.240668,44.087774,659,8987,3.004735,2.338594,0.634674,0.500819,0.938722
11,9252,3.000851,0.644466,61.56833,576,8736,3.005573,0.1884,4.105897,60,8676,3.002602,2.187027,0.642163,0.455829,0.905691
7,8448,2.994497,0.507291,42.091966,360,8112,2.991814,0.091129,2.817327,24,8088,2.998972,2.011316,0.583657,0.420649,0.842214
17,12682,2.998244,4.90608,182.616336,3113,12308,2.99884,0.678744,168.106739,2739,9569,2.996841,2.921685,0.877251,0.640601,0.996856
4,9334,3.000594,0.762405,6.227618,239,9165,3.004302,0.150805,60.193448,70,9095,2.999747,2.280377,0.647808,0.477385,0.948507
12,2124,2.996368,0,27.483331,64,2073,2.993817,0,7.24557,13,2060,2.994316,0.000057,0.147275,0.107749,0.214803
20,15100,3.002232,35.05881,231.436575,5543,15460,3.001785,3.339232,226.145983,5903,9557,3.002995,2.925922,0.995619,0.804301,0.997559
15,4062,3.010062,0.010754,0.106176,18,4386,2.996963,0.000449,114.199134,342,4044,3.003521,0.08942,0.282894,0.227878,0.42241
5,3490,3.000931,0.001313,0.744386,5,3705,3.004971,0,26.351927,220,3485,2.999328,0.031452,0.242436,0.192921,0.363328
16,7630,2.991798,0.292591,70.132836,756,6930,3.005412,0.056418,1.865926,56,6874,2.995934,1.079202,0.528413,0.361027,0.716201
13,9074,3.001524,0.884378,12.620707,317,9828,3.004921,0.328758,107.906187,1071,8757,2.994132,2.338985,0.629724,0.51265,0.91137
19,14520,2.997734,19.825926,233.670444,4958,14840,3.004352,2.864048,232.65114,5278,9562,3.001707,2.930675,0.996176,0.77306,0.997775
11,8448,3.002984,0.507256,18.076819,451,8008,2.999621,0.101681,4.845128,11,7997,2.99629,1.605999,0.586552,0.41657,0.831991
17,12648,3.001119,5.703401,211.845968,3114,12512,2.999299,1.070274,152.769845,2978,9534,2.997711,2.881016,0.878597,0.650868,0.993189
6,4302,2.992722,0.001621,0.744057,24,4590,2.994133,0.004661,34.501975,312,4278,3.009524,0.051467,0.297363,0.238502,0.447098
10,7090,2.998561,0.197687,8.080282,0,7720,2.997905,0.064646,24.60863,630,7090,3.00589,0.987119,0.492125,0.40172,0.739992
18,13410,3.001071,7.395621,191.392117,3871,13212,2.999684,1.523017,182.353671,3673,9539,3.008878,2.938725,0.923696,0.687564,0.997687
13,12448,3.002282,2.657671,159.36159,2860,11360,2.998819,0.562645,114.524398,1772,9588,2.990774,2.898419,0.864926,0.591434,0.996996
19,13889,3.005427,25.731706,187.259451,4321,13528,2.995742,1.329333,190.88033,3960,9568,2.994668,2.879563,0.960264,0.701101,0.995927
12,2034,3.000349,0,6.725497,13,2187,3.012354,0,18.260133,166,2021,3.002201,0,0.141277,0.114275,0.211334
9,8856,3.001427,0.565756,22.527809,313,8568,2.996561,0.214893,5.306308,25,8543,2.99995,1.829359,0.615299,0.445746,0.890901
4,4530,3.000752,0.010157,10.38482,179,4356,3.004171,0.000267,20.841842,5,4351,2.994808,0.078732,0.314634,0.22719,0.452942
19,9024,2.997463,0.566211,32.155081,720,8484,2.995811,0.160051,15.559649,180,8304,3.006805,2.077121,0.626137,0.440104,0.867863
2,1344,2.991097,0,0.077232,6,1542,3.000139,0,116.825023,204,1338,3.002738,0,0.092882,0.080316,0.139608
8,9506,2.994635,1.125451,21.958725,268,10458,2.999395,0.272096,59.385169,1220,9238,2.996411,2.604007,0.658958,0.54265,0.96217
14,3705,2.995571,0.002411,63.119696,281,3440,3.000238,0,2.574587,16,3424,2.992696,0.012767,0.256153,0.178786,0.356322
14,10486,2.996581,2.128028,70.338544,1047,10220,2.998581,0.375016,54.921972,781,9439,2.998196,2.70789,0.72737,0.529626,0.983762
17,12087,2.997323,3.091217,149.466378,2560,12512,2.999494,0.900024,156.874589,2985,9527,2.999022,2.901471,0.837546,0.650754,0.993123
19,13452,3.003422,8.074312,215.911233,3917,13414,3.001398,1.214647,184.326675,3879,9535,3.000399,2.927633,0.918532,0.695577,0.994698
19,13319,2.996792,6.305999,212.977386,3758,13794,2.998511,1.140621,242.471444,4233,9561,2.99882,2.921533,0.915826,0.716444,0.996586
17,10514,3.003321,2.040719,67.26973,1001,10836,3.004251,0.286134,100.983848,1323,9513,3.000746,2.908337,0.7305,0.565184,0.99227
6,4122,2.98946,0.005625,0.117143,24,4398,2.99308,0.001167,46.819253,300,4098,3.000603,0.07831,0.285272,0.228265,0.427412
9,8514,2.996515,0.543823,120.606881,1350,7183,2.995954,0.096856,0.966033,19,7164,3.007841,1.148114,0.590166,0.373625,0.748861
5,3600,3.002146,0,21.653369,30,3600,3.005898,0,1.969756,30,3570,2.993347,0.028522,0.24985,0.187635,0.371754
19,4374,3.005195,0.012734,53.562693,270,4128,3.003388,0.000695,1.056011,24,4104,3.004043,0.101519,0.303723,0.214957,0.428631
19,13319,2.998347,7.777208,206.106413,3756,13338,2.99685,0.983591,201.227236,3775,9563,3.000657,2.934339,0.924363,0.692103,0.997636
20,14820,2.998019,18.329134,236.177071,5251,14860,3.002188,2.325463,253.446649,5291,9569,2.999595,2.927369,0.989491,0.773979,0.997595
4,2720,2.992196,0,0.115177,21,2892,2.997729,0,50.222231,193,2699,3.004056,0.009057,0.188239,0.150524,0.282079
4,4788,2.999007,0.035115,1.548373,31,4879,3.004251,0.002164,32.016651,122,4757,3.001998,0.18923,0.332337,0.25423,0.496924
8,5688,3.007781,0.055287,1.870341,24,6336,3.002169,0.008301,58.137148,672,5664,2.993955,0.327907,0.395227,0.329839,0.588817
17,6210,3.009596,0.143484,9.995032,64,6525,2.998004,0.024951,18.414199,379,6146,2.996799,0.642516,0.432516,0.339615,0.6406
11,4844,2.996393,0.019401,0.808676,9,5208,3.001727,0.006959,39.304513,373,4835,2.992475,0.165441,0.335993,0.271048,0.502642
3,10905,2.995092,1.813351,44.718987,1341,10680,2.998015,0.415928,78.747097,1116,9564,2.993936,2.906435,0.752535,0.555882,0.995319
11,8107,3.000816,0.519761,57.433092,575,7623,2.993888,0.052307,6.997474,91,7532,2.996643,1.518614,0.561658,0.395495,0.784717
8,5640,2.998166,0.052798,44.474574,150,5520,2.999747,0.008706,0.558762,30,5490,2.994129,0.282948,0.391026,0.287154,0.571398
14,7689,2.999375,0.4729,33.494607,374,7348,2.998022,0.085518,0.943714,33,7315,3.003058,1.113621,0.531898,0.381419,0.762756
15,12308,2.99174,3.58557,150.273298,2760,11747,2.997943,0.795833,135.570374,2199,9548,3.001573,2.922837,0.848437,0.611122,0.995936
11,7997,2.995704,0.437458,6.061244,35,8052,2.995079,0.159412,19.493612,90,7962,2.997552,1.60237,0.554127,0.418393,0.829596
16,11584,2.997613,2.631713,110.439874,2007,12016,3.004388,0.665184,115.098331,2439,9577,2.995985,2.906924,0.800047,0.625982,0.997428
13,9126,3.001227,0.799498,6.295164,75,9542,2.995007,0.161497,40.398977,491,9051,2.998592,2.426036,0.631835,0.493547,0.943316
5,3865,3.00537,0,62.258425,257,3620,2.996554,0,0.054088,12,3608,2.991127,0.032436,0.268657,0.188145,0.375002
3,5896,3.00129,0.088711,88.129753,560,5344,2.9961,0.00666,0.414713,8,5336,2.994357,0.357047,0.409635,0.277972,0.555058
19,13148,2.995544,9.801798,211.708568,3590,14326,3.000182,1.599725,234.970459,4768,9558,2.998418,2.9182,0.911715,0.745251,0.996105
1,3048,3.003376,0.000878,8.606606,49,3004,3.013433,0,37.187975,5,2999,3.010309,0.0175,0.211913,0.157087,0.313592
12,2127,2.984983,0,8.445058,72,2055,3.003407,0,5.862744,0,2055,3.001838,0,0.146969,0.107153,0.214194
19,13604,2.990494,15.355973,210.667442,4121,13433,2.998745,1.480943,176.597344,3950,9483,3.010158,2.912708,0.940223,0.699231,0.992393
13,13212,3.002448,6.421684,191.204095,3694,12528,2.994373,0.765056,178.111544,3010,9518,3.002257,2.9028,0.910606,0.649705,0.993518
12,7070,2.992019,0.27066,3.53337,7,7410,2.990435,0.062493,25.307302,347,7063,3.001061,1.122615,0.489666,0.384695,0.736601
9,6894,2.996711,0.19492,85.610017,799,6138,2.994593,0.020642,0.357535,43,6095,3.000864,0.598252,0.478246,0.318349,0.635764
16,11312,2.998881,3.129974,136.159446,1831,10848,3.001825,0.464611,53.443064,1367,9481,3.005259,2.904828,0.785008,0.565325,0.99051
19,1642,2.985251,0,119.665566,231,1426,3.008713,0,0.446462,15,1411,2.997537,0,0.113469,0.074347,0.147269
16,10928,3.004081,1.695391,110.526153,1429,11696,2.999902,0.627121,104.637278,2197,9499,3.001537,2.898214,0.759921,0.60686,0.991118
4,2112,3.009734,0,0.015462,7,2223,2.982475,0,49.261518,118,2105,3.000506,0,0.147154,0.114862,0.219717
6,5552,3.001343,0.079093,32.064668,32,5624,3.007226,0.004623,5.672113,104,5520,3.005736,0.393966,0.385522,0.293546,0.577339
10,7160,2.992752,0.206356,2.658823,37,7230,2.992125,0.064607,15.224231,107,7123,3.005361,0.847676,0.494889,0.374936,0.744448
5,7590,2.997937,0.305233,17.15145,409,7210,3.002688,0.052152,16.666402,29,7181,3.006132,1.208285,0.526771,0.375177,0.750134
6,4260,3.001855,0.004253,13.969815,10,4296,3.000496,0.000005,8.254475,46,4250,3.007183,0.066225,0.296016,0.223619,0.444431
7,12186,2.996944,5.956067,112.143039,2596,12762,2.996262,1.097946,176.811317,3172,9590,2.988226,2.914533,0.842265,0.663637,0.995917
18,13284,3.002913,7.248052,197.601877,3754,13122,3.004577,1.089987,177.281853,3592,9530,2.996383,2.917284,0.921177,0.683118,0.992453
8,5600,2.99761,0.070672,1.623774,8,6072,3.002289,0.006667,24.620361,480,5592,2.995229,0.343159,0.388579,0.316491,0.582005
4,1444,2.999383,0,23.911751,70,1382,2.984121,0,3.130048,8,1374,2.989538,0,0.100123,0.071596,0.142998
10,7110,3.001576,0.222853,7.219191,64,7280,2.998671,0.065143,18.890575,234,7046,2.998724,1.1137,0.493466,0.378525,0.735059
4,1466,3.004532,0,0.105348,2,1476,2.996532,0,41.669267,12,1464,3.009953,0,0.101869,0.076734,0.153006
6,4386,2.989538,0.011393,0.750011,76,4332,3.008397,0.000351,18.48454,22,4310,2.996757,0.067022,0.303249,0.226174,0.449749
2,1576,3.005777,0,73.043404,132,1444,3.01,0,0.003139,0,1444,2.994341,0,0.109666,0.075459,0.150133
5,6507,2.998649,0.151179,39.103491,252,6273,2.998445,0.016022,1.37703,18,6255,3.007684,0.762703,0.451517,0.326557,0.653541
14,768,2.978167,0,72.701057,75,694,2.969009,0,0.278916,1,693,2.975917,0,0.052945,0.035746,0.071608
13,1498,3.011897,0,54.823934,90,1416,2.997209,0,0.086205,8,1408,2.985384,0,0.10444,0.073681,0.146298
11,7733,2.993834,0.515946,20.926561,324,7469,3.007259,0.092708,2.32314,60,7409,3.000111,1.4239,0.534939,0.389241,0.772841
11,1428,2.992294,0,44.58953,20,1414,2.991497,0,0.20731,6,1408,2.995764,0,0.098443,0.073388,0.146683
12,4606,2.996012,0.025378,0.10681,0,5040,2.991499,0.005234,57.040643,434,4606,3.007791,0.158061,0.319436,0.261372,0.481038
12,6651,3.007011,0.154218,9.877754,5,6840,3.002195,0.033837,5.444496,194,6646,2.996896,0.636906,0.462954,0.356002,0.69208
11,7722,3.003558,0.346149,7.474951,198,7601,2.995729,0.108708,16.851563,77,7524,2.998491,1.252773,0.536248,0.394252,0.784274
12,2241,3.006539,0,6.238017,4,2268,2.993789,0,5.552381,31,2237,2.997012,0.001173,0.155893,0.11788,0.232901
17,11815,2.995798,3.045169,122.960144,2263,12155,2.993547,0.691938,176.46158,2603,9552,2.9972,2.914415,0.819212,0.630951,0.995065
2,2744,2.999473,0,29.842264,20,2820,3.000003,0,3.263176,96,2724,3.000519,0.004387,0.190399,0.146871,0.284644
3,13120,3.001997,11.507851,190.128842,3580,14920,3.001725,1.792135,252.097791,5380,9540,2.998041,2.924859,0.911475,0.77753,0.994572
9,6777,2.987347,0.172115,38.367868,179,6651,2.994028,0.033094,0.541893,53,6598,2.999349,0.851628,0.468354,0.345103,0.688211
11,7832,3.000656,0.454396,14.627421,132,7766,3.005672,0.106932,9.577852,66,7700,2.992607,1.322949,0.544065,0.403007,0.800465
5,5808,2.997992,0.093215,1.260053,48,6056,2.994361,0.012988,37.927427,296,5760,3.000969,0.390556,0.402573,0.31444,0.601226
4,2724,3.008684,0,1.268605,4,2788,3.002002,0,21.798083,68,2720,2.999338,0.005438,0.189714,0.145308,0.283415
18,12564,3.000009,6.052936,176.399786,3007,14580,3.000112,2.007301,250.674936,5023,9557,2.998494,2.913714,0.871573,0.757799,0.995823
4,5026,2.992072,0.012577,40.015129,375,4669,3.000481,0.001094,0.488956,18,4651,2.985186,0.132703,0.347118,0.242975,0.482743
14,3665,2.99651,0.00469,62.224758,205,3480,3.000756,0,0.059954,20,3460,2.997604,0.041506,0.254218,0.180898,0.360541
13,9256,3.000177,0.852065,11.081858,130,10088,3.001452,0.328309,99.835639,962,9126,3.000091,2.544108,0.64217,0.523357,0.95164
18,12726,2.99687,4.569732,167.514968,3184,14022,3.003363,1.73911,200.669697,4480,9542,2.998672,2.874374,0.882828,0.724785,0.994961
9,11408,3.005185,2.031298,112.51411,1870,12080,2.997373,0.64834,145.848985,2542,9538,2.998175,2.905263,0.792628,0.627048,0.99409
16,11632,2.990277,2.465663,123.983139,2079,11408,2.996907,0.562646,112.565787,1855,9553,2.996701,2.898658,0.803822,0.593009,0.995263
18,12393,3.003251,5.406554,164.458038,2862,12614,2.99558,0.914472,178.631711,3083,9531,2.998944,2.863141,0.858648,0.654418,0.993601
13,4326,3.008669,0.021257,0.691991,84,4266,2.99759,0.000938,28.442871,24,4242,3.003991,0.124546,0.300597,0.221615,0.443367
16,2253,3.001197,0,34.15025,134,2127,3.00483,0,4.401457,8,2119,3.005713,0.001371,0.15632,0.11096,0.221627
18,12942,2.99844,5.595135,194.512004,3378,12816,3.005304,0.921545,176.597657,3252,9564,2.996428,2.899283,0.892327,0.667651,0.996096
9,6291,2.997096,0.179531,0.307114,23,6687,3.001509,0.054308,73.060875,419,6268,2.986672,0.647141,0.435808,0.348456,0.650496
8,6444,3.00647,0.194106,3.072699,27,7110,2.995154,0.056626,28.591245,693,6417,2.990342,0.621597,0.447793,0.369451,0.666344
1,9240,3.002875,0.803288,13.466587,132,10388,3.008597,0.392616,111.671051,1280,9108,2.998387,2.603846,0.640765,0.541668,0.949181
6,4410,2.995605,0.017519,20.577664,135,4296,3.001339,0,9.089719,21,4275,3.000688,0.077893,0.305572,0.223628,0.446124
3,2106,2.990313,0,15.656204,39,2076,2.992967,0,7.437656,9,2067,3.008121,0,0.145661,0.107892,0.216092
20,15080,2.999978,40.876902,233.34695,5536,14000,2.997944,1.810179,224.345043,4456,9544,3.003097,2.917198,0.995861,0.728683,0.996412
8,3555,2.990757,0,6.073326,15,3685,2.99691,0,8.115753,145,3540,3.012198,0.010795,0.245932,0.191546,0.370895
19,13718,3.00894,9.001098,170.872196,4203,14288,3.00367,1.504765,217.091413,4773,9515,2.994559,2.903128,0.935788,0.744117,0.990319
5,10696,3.005886,2.00195,77.211517,1233,9828,3.000245,0.279411,33.370286,365,9463,3.002632,2.850376,0.74352,0.510774,0.987906
11,2166,3.005712,0,18.68175,21,2154,3.004451,0,4.991174,9,2145,2.991047,0,0.150362,0.112354,0.223135
9,12682,2.995937,4.649006,185.808241,3132,12733,2.996746,0.71162,173.596935,3183,9550,2.998078,2.919115,0.877039,0.660991,0.99529
20,14800,2.998884,19.862375,236.240104,5272,15280,2.998097,2.515879,255.998346,5752,9528,3.001636,2.927088,0.985417,0.792939,0.994059
17,12104,3.004749,4.592453,148.772108,2584,13158,3.00011,1.363964,197.165262,3638,9520,3.004839,2.915513,0.841886,0.684956,0.994293
10,6950,3.002528,0.417452,7.908211,84,7470,2.993128,0.057584,48.799094,604,6866,2.999311,0.978132,0.480262,0.387339,0.715899
9,6165,3.008394,0.160821,1.656315,0,6273,2.992405,0.031255,43.6581,108,6165,3.005172,0.570461,0.429323,0.325892,0.643295
15,10560,3.000261,1.968454,45.572891,1035,10845,2.998606,0.369008,90.501708,1320,9525,3.000995,2.895043,0.729934,0.563652,0.993692
17,9971,2.999368,0.929087,42.146287,501,9919,3.00258,0.26497,42.295918,449,9470,2.997491,2.861522,0.69071,0.516996,0.986699
12,5264,3.004646,0.020388,104.385774,409,4858,3.002707,0.004723,0.138989,3,4855,2.997386,0.192157,0.365749,0.253249,0.505619
9,9730,3.001041,1.114642,18.335655,316,10528,2.996883,0.287581,77.08795,1114,9414,2.994794,2.772908,0.674923,0.546722,0.979751
12,8928,2.996105,0.643825,63.101245,854,8124,2.999988,0.108215,2.70655,50,8074,3.001964,1.816891,0.618639,0.422767,0.842635
16,4212,2.995364,0.008096,3.739862,6,4434,2.995734,0.000454,12.804159,228,4206,3.005271,0.087221,0.292048,0.230574,0.439281
12,15333,2.997657,67.370455,238.888416,5785,13965,2.999256,1.79768,227.288152,4417,9548,3.006749,2.938343,0.999918,0.721725,0.99775
19,13091,3.002113,7.452652,201.306993,3578,14820,3.002179,2.296312,248.492601,5307,9513,3.008199,2.930134,0.905936,0.770968,0.995103
6,4374,3.007816,0.005576,11.838306,231,4164,3.005752,0.000072,6.525031,21,4143,3.012816,0.05846,0.304154,0.216831,0.433928
3,2139,3.001649,0,34.375878,70,2079,2.998617,0,0.129467,10,2069,2.999966,0,0.148513,0.108161,0.215889
2,14440,3.004087,21.697754,221.334952,4866,13946,2.999604,1.932905,236.816277,4372,9574,2.998521,2.932805,0.986061,0.726258,0.997833
1,6462,3.003612,0.157827,7.222961,33,6966,2.991874,0.034347,18.195821,537,6429,2.999994,0.583108,0.448745,0.361373,0.670822
10,7975,2.996757,0.368086,27.137241,702,7370,2.999328,0.131781,3.983538,97,7273,3.000445,1.265255,0.55244,0.383703,0.758685
10,2190,2.999725,0,11.834183,26,2175,2.999131,0,7.580621,11,2164,3.00774,0,0.151933,0.113259,0.226596
16,11632,3.006267,3.576329,142.643571,2067,11504,2.99812,0.622559,167.303699,1939,9565,3.000636,2.936175,0.809038,0.598791,0.997687
2,1474,2.983976,0,10.914267,12,1502,2.987897,0,25.793648,40,1462,2.991017,0,0.101669,0.07768,0.152058
4,2860,3.000642,0,4.445329,0,2912,2.994813,0,16.699964,52,2860,3.003621,0.003103,0.198654,0.151116,0.298276
14,2816,3.006167,0,0.1031,10,3076,2.999378,0,87.967254,270,2806,2.999385,0.001065,0.195847,0.159924,0.292421
13,10880,2.996075,2.390828,83.773538,1358,11248,2.999506,0.534052,91.225378,1726,9522,3.006581,2.873039,0.751776,0.585205,0.994958
12,9321,3.000014,1.038139,10.446876,206,9568,3.002664,0.232354,34.949943,453,9115,3.004098,2.587742,0.646667,0.498098,0.951883
8,6104,2.993272,0.070098,64.651453,557,5576,3.001384,0.005654,0.247934,29,5547,2.998977,0.355093,0.422938,0.290295,0.578747
14,9744,2.994477,1.02171,27.408493,319,10752,3.003893,0.357116,78.728422,1327,9425,2.997236,2.762801,0.672971,0.560674,0.982072
14,10136,3.002614,1.434962,47.900162,614,10486,2.999526,0.5038,79.885746,964,9522,3.002426,2.894298,0.703754,0.545631,0.993523
10,5648,3.00324,0.063979,0.290072,45,6144,2.998253,0.00646,57.248181,541,5603,2.996848,0.449291,0.392062,0.31876,0.584485
8,7992,3.000356,0.384706,6.230805,56,8472,2.998669,0.149223,29.328924,536,7936,2.997982,1.460073,0.554283,0.441054,0.827054
5,3690,3.014698,0.000411,68.366666,250,3450,2.993499,0,0.135484,10,3440,3.010941,0.04324,0.257505,0.179149,0.36002
14,696,3.007444,0,0.123643,2,763,2.97601,0,120.895408,69,694,2.994152,0,0.048388,0.039373,0.072226
20,14940,2.9976,43.262158,239.910373,5397,13880,3.001933,1.508449,204.491049,4337,9543,2.995372,2.905862,0.999368,0.722166,0.99349
7,13200,2.9994,7.298833,197.881297,3623,14920,3.001597,1.886001,241.500944,5343,9577,2.996638,2.927482,0.897527,0.777497,0.997653
15,12376,2.99615,3.917451,172.597732,2835,12784,2.994308,1.32467,151.357214,3243,9541,3.00702,2.938209,0.850387,0.664585,0.997069
4,2920,2.998464,0,39.244069,243,2688,3.008096,0,3.041641,11,2677,2.993446,0.002059,0.202402,0.140121,0.278438
1,707,3.004615,0,9.299843,2,720,3.027394,0,12.211605,15,705,3.013502,0,0.04916,0.037784,0.073771
6,4374,3.001097,0.025899,65.898441,331,4050,3.002848,0.001092,0.309665,7,4043,2.999898,0.075986,0.303861,0.211034,0.421234
14,10290,3.000353,1.493379,86.202958,816,9730,3.003325,0.301865,23.381442,256,9474,2.995674,2.83569,0.71431,0.507003,0.986224
12,4440,3.006557,0.007561,3.671123,42,4422,2.997635,0,12.37112,24,4398,3.001642,0.09873,0.30865,0.229506,0.458424
15,4963,2.997492,0.032713,10.13561,147,4816,2.995982,0.000278,15.771588,0,4816,2.998928,0.177139,0.344365,0.250497,0.501487
14,10122,3.005606,1.58473,47.651921,679,9884,3.001629,0.296683,53.018051,441,9443,2.997216,2.784937,0.703515,0.514975,0.983821
1,710,3.001663,0,17.466469,15,697,2.995963,0,3.257309,2,695,2.995889,0,0.049217,0.036239,0.072372
17,6970,3.008475,0.201361,10.662324,307,6680,3.001743,0.027682,28.27202,17,6663,2.991408,0.749068,0.48446,0.347619,0.692704
1,752,3.019372,0,44.685871,45,710,3.012587,0,4.470891,3,707,2.998847,0,0.052508,0.037086,0.073618
14,4230,3.006307,0.008403,32.6007,130,4122,3.012096,0,4.672819,22,4100,3.00196,0.079277,0.294378,0.215115,0.428137
19,13338,2.9952,7.553302,198.37743,3759,13566,2.998332,2.015924,246.30628,3987,9579,2.993465,2.914772,0.922758,0.705643,0.996631
18,12618,3.002242,5.402902,156.371642,3074,12312,2.997322,0.928906,154.747141,2768,9544,3.003717,2.914892,0.868814,0.639337,0.996319
12,10262,3.003238,1.168497,95.93189,1108,9870,2.998112,0.271513,58.853229,716,9154,3.00968,2.741708,0.713408,0.512837,0.957667
12,8184,2.997124,0.580856,6.509305,28,8616,2.999643,0.196775,24.42833,460,8156,3.00583,1.897883,0.567797,0.4469,0.852467
4,1442,3.009399,0,58.556218,146,1302,3.012612,0,2.284923,6,1296,2.984893,0,0.100335,0.068004,0.134558
12,8280,3.001101,0.594887,2.378385,77,8880,3.003215,0.174299,44.323029,677,8203,2.996432,1.925576,0.573452,0.462996,0.854464
4,2916,3.010232,0,0.662298,9,2932,3.010993,0,33.468888,25,2907,3.001331,0.005395,0.203191,0.153116,0.303205
4,2196,3.005393,0,23.09779,45,2160,3.006271,0,0.708331,9,2151,3.009905,0.000086,0.152406,0.112629,0.225125
8,10635,3.002023,1.339431,52.924699,1109,10560,2.999373,0.426301,73.999763,1034,9526,2.999229,2.887499,0.736213,0.547205,0.993368
6,4380,2.998773,0.017206,3.219008,33,4374,3.001574,0.00029,7.707636,27,4347,2.992111,0.104732,0.304042,0.227443,0.452379
15,11310,3.004934,1.987914,131.609004,1808,10680,3.000467,0.490312,75.66538,1178,9502,3.000192,2.903799,0.783293,0.554487,0.990928
5,3625,3.002962,0.008459,33.043337,107,3525,2.986205,0,0.888278,7,3518,2.999369,0.034495,0.251822,0.182715,0.366551
5,3720,3.004599,0.003056,42.348005,238,3500,2.997238,0,0.079914,18,3482,2.985387,0.028602,0.258729,0.182008,0.361671
18,13224,2.997234,7.401742,160.036028,3676,13851,2.997125,1.424681,177.359973,4303,9548,3.002968,2.926293,0.904845,0.719535,0.996471
18,13518,2.994913,6.992742,192.735803,3957,13050,3.000509,1.884319,201.972539,3489,9561,2.995015,2.921164,0.925569,0.679803,0.995266
14,10575,2.997289,1.535757,79.340635,981,11280,2.99642,0.466995,121.350489,1686,9594,2.992097,2.925831,0.73059,0.586481,0.997628
12,8736,3.006459,0.685917,14.934231,146,8616,3.002116,0.185012,4.887072,26,8590,3.003626,2.086768,0.607486,0.448678,0.896867
17,13984,2.998897,18.807313,180.713223,4419,13737,2.998198,1.464897,237.15201,4172,9565,2.999859,2.926935,0.938115,0.713988,0.997336
12,8184,3.003579,0.548781,5.193941,58,8244,3.01111,0.131912,18.124994,118,8126,2.996592,1.880555,0.568419,0.430498,0.84657
13,2091,2.993232,0,1.422373,36,2061,3.017677,0,60.620778,6,2055,3.005262,0,0.144881,0.10797,0.214626
14,10248,3.002811,1.241533,60.939968,760,10598,2.998657,0.370691,84.943948,1110,9488,3.003558,2.917519,0.711145,0.550612,0.990838
13,9841,3.007114,1.418636,74.812191,866,9022,2.994431,0.23381,8.082007,47,8975,2.999212,2.393919,0.684092,0.468184,0.935294
7,14320,3.000458,34.050839,187.832231,4731,15820,3.00048,3.12067,270.498823,6231,9589,2.992962,2.921803,0.955499,0.823238,0.997644
10,7300,2.998832,0.288288,5.855532,60,7580,3.002401,0.069385,25.116871,340,7240,3.003467,1.211783,0.504517,0.395108,0.755322
6,12580,2.993553,5.583358,179.868642,3041,11305,3.001287,0.715091,79.288081,1766,9539,2.998282,2.865468,0.860399,0.588409,0.99409
4,2692,3.011259,0,0.675077,4,2948,2.993471,0,36.156238,260,2688,2.987915,0.002607,0.187646,0.153091,0.278974
12,3525,2.994501,0.002841,26.465999,160,3380,2.984914,0,1.475779,15,3365,3.006379,0.036524,0.244329,0.174871,0.351283
20,13230,2.998765,5.243424,208.873841,3727,12708,3.001553,0.857225,162.700234,3205,9503,3.001994,2.901915,0.916284,0.659925,0.99146
3,13832,3.00229,18.040653,222.581114,4311,12958,2.993657,0.987444,208.61997,3437,9521,3.00321,2.9106,0.952434,0.672772,0.993965
16,6970,3.009119,0.267683,1.287343,51,7110,3.000735,0.047125,23.396089,191,6919,2.997545,0.892896,0.484845,0.369887,0.721263
15,10935,3.003634,1.861697,87.293263,1537,10575,3.005147,0.553387,87.703916,1177,9398,3.000226,2.74963,0.757327,0.551273,0.980361
4,2812,3.013819,0,0.142577,15,2932,2.992963,0,26.167117,135,2797,3.011384,0.006712,0.196123,0.152167,0.292876
15,11070,3.00404,1.631163,81.168465,1590,10635,2.999631,0.464373,56.253213,1155,9480,3.003872,2.834073,0.768481,0.553446,0.98976
16,8412,2.995873,0.6056,3.243484,146,8964,3.003095,0.161487,97.084873,698,8266,3.004582,1.864816,0.580004,0.466531,0.863451
4,2828,3.00667,0,1.982014,8,3000,3.007378,0,50.145195,180,2820,2.99638,0.001914,0.196635,0.156418,0.293469
15,10410,2.995164,1.536796,61.983287,1033,10365,3.003171,0.34732,83.108358,988,9377,2.993936,2.782118,0.721222,0.539794,0.975888
16,9555,3.004176,0.95297,11.839472,200,9646,2.998693,0.257639,61.136237,291,9355,3.001187,2.733493,0.660627,0.501597,0.976088
5,1442,2.990317,0,1.384551,28,1426,2.996918,0,19.018486,12,1414,2.995284,0,0.099694,0.074127,0.147567
6,3640,3.001457,0.001704,3.98038,30,3630,2.994157,0,6.001264,20,3610,3.005145,0.017163,0.252901,0.188693,0.377439
15,9737,2.998095,1.073585,62.174198,626,9373,2.996886,0.239294,14.688409,262,9111,2.998372,2.534898,0.673651,0.486255,0.949631
14,10122,2.997236,1.177137,31.756504,597,10766,2.998046,0.441509,77.209944,1241,9525,2.992797,2.843357,0.702269,0.560364,0.990969
5,3640,2.988263,0.001625,58.164674,221,3455,2.997449,0,0.068771,36,3419,2.995792,0.019456,0.251789,0.179381,0.356687
2,2744,3.000368,0,0.765365,21,2956,3.000699,0,29.505287,233,2723,2.995742,0.000224,0.190044,0.153661,0.283681
18,5103,2.995461,0.034256,2.828169,8,5124,2.993077,0.000181,32.759834,29,5095,3.007144,0.283144,0.353781,0.266259,0.532113
12,4350,3.00868,0.010925,13.367696,174,4200,3.00162,0.000322,1.752503,24,4176,3.006632,0.042658,0.302323,0.2188,0.436783
9,6606,2.996835,0.139897,23.106841,127,6525,2.997015,0.028774,2.69806,46,6479,2.9995,0.830049,0.457669,0.339079,0.676028
5,8556,3.007019,0.667943,44.724376,408,8280,3.001354,0.117265,2.644301,132,8148,2.996441,1.736464,0.595557,0.430797,0.848892
12,9276,3.002009,0.758692,42.554727,756,8568,2.991143,0.135593,5.39247,48,8520,3.000878,2.078334,0.644598,0.444572,0.888704
3,2097,3.015256,0,11.665117,24,2190,3.011905,0,30.340607,117,2073,3.016881,0,0.146366,0.114369,0.218319
8,5792,2.992933,0.063287,6.366606,29,5904,3.00291,0.00856,26.862416,141,5763,3.011087,0.424747,0.400757,0.307765,0.603479
14,10164,3.003494,1.552953,58.95508,672,10038,2.996529,0.309643,52.99263,546,9492,3.00048,2.854705,0.701322,0.521959,0.989794
4,2792,3.005796,0,15.266786,20,2800,2.999711,0,6.673148,28,2772,3.003108,0.004079,0.193587,0.145667,0.289391
19,12960,3.003427,7.849757,172.294647,3453,12906,2.995544,1.46818,187.666712,3399,9507,3.002752,2.88908,0.892259,0.669922,0.992177
13,10127,2.993534,1.354677,42.841403,743,9438,3.000665,0.220089,11.954368,54,9384,3.00411,2.718522,0.701748,0.491087,0.979723
16,1470,3.005955,0,8.740188,13,1484,2.994138,0,14.633758,27,1457,2.982628,0,0.102123,0.077108,0.151258
19,3590,3.005161,0.001372,18.83204,10,3630,3.006584,0.00023,6.731364,50,3580,2.995295,0.048767,0.249097,0.189329,0.372332
10,12104,2.995079,2.771318,136.784514,2522,12121,3.001458,0.71628,149.580579,2539,9582,2.995038,2.922461,0.834154,0.628914,0.997471
19,13718,2.998494,12.041004,194.448488,4177,13471,2.997147,1.250608,228.262349,3930,9541,3.001082,2.911342,0.945176,0.698907,0.995422
5,3380,3.00346,0.000582,0.738777,10,3665,2.998072,0,86.233418,295,3370,3.003978,0.021088,0.234992,0.19059,0.351815
18,2136,3.001017,0,25.558291,12,2133,3.005947,0,2.054237,9,2124,3.006226,0.000024,0.147936,0.111301,0.221889
2,2816,2.996033,0,15.117068,112,2720,3.006443,0,7.064205,16,2704,3.013219,0.005564,0.195295,0.141659,0.283194
18,12852,3.00159,4.616416,191.268771,3358,13141,2.999166,1.218024,171.007386,3647,9494,3.000816,2.900341,0.88407,0.683531,0.990341
15,4530,3.005515,0.014618,17.091694,136,4428,2.998458,0.001031,1.661161,34,4394,2.997713,0.138279,0.314364,0.229775,0.457856
19,8008,3.003352,0.425698,1.72408,74,8162,2.996126,0.086036,77.127901,228,7934,3.00259,1.51194,0.556237,0.424485,0.828254
14,10192,3.002865,1.453501,57.574434,762,10234,2.998096,0.333176,40.115052,804,9430,3.000774,2.790095,0.707387,0.531571,0.983863
3,2250,3.018877,0,35.560112,207,2049,2.998901,0,6.244229,6,2043,2.999134,0,0.157233,0.106666,0.212761
8,5424,2.998714,0.113043,0.252575,18,5680,2.994726,0.00373,57.213783,274,5406,2.999365,0.459443,0.376296,0.294896,0.563421
14,9884,2.998912,1.373504,35.826215,434,9926,3.0072,0.299793,45.348971,476,9450,3.001416,2.776646,0.686007,0.517597,0.98603
18,13338,2.996146,6.988136,190.671415,3774,12132,2.992511,0.821638,123.516678,2568,9564,3.000229,2.921089,0.917044,0.629917,0.997527
17,11985,3.003293,2.882599,159.394236,2464,12495,2.998821,0.652791,140.731434,2974,9521,2.998783,2.896011,0.830704,0.649707,0.992471
17,2349,2.999082,0,25.118053,77,2283,3.000117,0,2.657625,11,2272,3.007269,0.00012,0.162996,0.118887,0.237775
9,6327,3.007941,0.181088,6.162593,57,6345,2.998012,0.009036,5.191478,75,6270,3.007695,0.545197,0.439609,0.32989,0.655829
14,12070,2.999781,3.369217,122.050758,2561,12104,2.994609,0.945863,166.576671,2595,9509,3.000287,2.883529,0.838133,0.62779,0.991634
2,1432,2.990775,0,2.073997,7,1506,2.997947,0,17.049523,81,1425,3.002788,0,0.099047,0.078318,0.148835
8,13536,2.996239,7.5481,208.478954,4001,12798,3.000876,1.106388,174.554717,3263,9535,3.006804,2.93229,0.93298,0.663586,0.996533
12,7480,3.003774,0.280924,1.196325,50,7700,3.001244,0.094377,24.237962,270,7430,3.00135,1.176035,0.519492,0.400662,0.775142
16,6885,3.002502,0.184757,8.308478,271,6642,2.998029,0.037636,12.441268,28,6614,3.003218,0.702483,0.477335,0.34571,0.690559
4,2780,2.99484,0.00005,0.032275,0,3104,3.006697,0,99.609877,324,2780,3.011239,0.00789,0.192723,0.162028,0.290668
10,6760,3.002725,0.224626,0.491616,39,7370,3.001943,0.08695,70.28092,649,6721,3.000045,0.936832,0.468618,0.383468,0.700769
19,14402,3.00101,16.723223,190.049162,4848,13281,3.000042,0.967852,189.395396,3727,9554,3.002034,2.915564,0.954514,0.691711,0.996731
3,13737,2.998827,11.700449,211.788297,4160,14573,2.998344,1.729184,248.306928,4996,9577,2.997397,2.915011,0.94691,0.754297,0.99767
4,5600,2.997642,0.058547,6.555103,47,5600,2.996636,0.01237,5.917628,47,5553,2.991128,0.308073,0.387835,0.290547,0.577839
8,9012,3.00962,0.704063,15.693323,264,8748,3.002094,0.185536,4.361229,0,8748,3.001144,2.044358,0.626696,0.455943,0.911598
18,13428,2.999776,8.742415,211.613636,3920,13230,3.011928,1.213031,241.465895,3722,9508,3.001104,2.907337,0.931669,0.691802,0.991943
20,15380,2.994955,50.376866,226.872391,5806,14040,2.996174,1.40875,225.996064,4466,9574,2.997949,2.903629,0.991429,0.730097,0.997455
13,3560,3.000828,0,2.516972,10,3580,2.992982,0,21.055804,30,3550,3.002464,0.013284,0.246973,0.185885,0.370102
19,13604,2.996295,10.145216,198.142463,4048,14231,3.002573,1.857543,234.95084,4675,9556,3.004248,2.935935,0.931186,0.741079,0.997736
1,706,2.999575,0,74.781888,60,649,3.022912,0,0.024398,3,646,2.990643,0,0.04902,0.034023,0.067162
19,13927,2.995104,14.960239,184.359935,4407,13414,2.996963,1.917665,228.045945,3894,9520,3.001253,2.922054,0.937399,0.696567,0.993113
9,5568,3.003804,0.089588,5.556845,30,5736,2.991784,0.015995,22.46168,198,5538,2.991276,0.272216,0.386827,0.296615,0.575658
3,4746,2.995762,0.049022,1.910946,34,5530,3.004887,0.007163,99.434036,818,4712,3.004091,0.218018,0.328125,0.288201,0.492046
18,13626,3.001682,7.677538,234.444179,4089,13752,2.999428,1.503803,236.060278,4215,9537,2.994019,2.897963,0.945203,0.716077,0.992502
4,14155,2.997176,19.416075,209.994717,4578,13072,3.0054,1.320107,202.384645,3495,9577,2.99568,2.91319,0.972019,0.681997,0.997364
8,5760,3.002582,0.090472,0.516423,24,5864,3.003097,0.004936,26.463266,128,5736,2.999263,0.42068,0.399485,0.305758,0.597938
9,6417,2.988494,0.114927,0.849302,6,6768,2.996485,0.031378,50.799843,357,6411,2.991525,0.60528,0.443916,0.352099,0.666467
15,14174,2.997335,7.641752,222.247176,4681,13338,2.996968,1.372721,183.866511,3845,9493,2.998674,2.913941,0.96791,0.693166,0.989169
14,5736,3.003124,0.051469,0.201231,65,5960,3.006499,0.014576,37.408961,289,5671,3.00137,0.277498,0.397307,0.311089,0.592219
13,8944,3.000807,1.037201,6.213197,77,9581,2.994424,0.224,57.30259,714,8867,2.995902,2.390638,0.620028,0.497722,0.923344
16,10950,3.000456,2.295317,78.919056,1361,10575,3.005938,0.309471,91.434018,986,9589,2.99295,2.923045,0.758556,0.551864,0.99756
10,4788,2.995206,0.033667,14.524465,112,4711,2.996044,0.001837,2.869206,35,4676,3.004605,0.162781,0.33185,0.244603,0.488667
12,5138,2.9933,0.029437,0.415646,21,5299,3.004847,0.001141,24.707911,182,5117,3.005605,0.244719,0.354718,0.276442,0.534017
18,12312,3.003981,4.836942,156.792851,2810,12690,3.000051,0.92694,184.784632,3188,9502,3.002927,2.865936,0.853295,0.660318,0.991867
9,6489,3.002254,0.122312,65.376934,162,6354,3.002795,0.012796,0.599484,27,6327,3.001253,0.657532,0.450551,0.331099,0.65981
14,15160,3.002141,35.904566,224.990587,5604,13760,3.001857,1.30694,218.271157,4204,9556,3.003234,2.933897,0.98945,0.716293,0.997687
10,7520,3.002315,0.228635,11.880188,290,7240,3.009232,0.062647,4.825326,10,7230,3.005676,1.031699,0.522625,0.37816,0.754551
12,682,3.001656,0,0.19748,2,726,2.989591,0,41.775841,46,680,3.000455,0,0.047387,0.037614,0.070976
2,3044,3.003544,0,13.734598,44,3012,3.010155,0,4.087447,12,3000,2.995818,0.006967,0.211548,0.157268,0.312081
18,11754,2.997024,3.385369,133.592068,2186,13248,2.994196,1.121307,196.964999,3680,9568,2.998743,2.931671,0.814425,0.687947,0.997576
2,1452,2.999928,0,22.458108,34,1426,2.99136,0,0.224158,8,1418,2.993833,0,0.100708,0.073908,0.147504
14,3530,3.004687,0.000418,2.573058,20,3830,2.992402,0,46.607916,320,3510,2.992545,0.014432,0.24474,0.198784,0.364716
18,12618,3.000757,3.192765,162.351035,3084,13194,2.992603,1.254254,178.96518,3660,9534,3.001329,2.886882,0.863264,0.685504,0.994621
15,8844,3.006456,0.73393,53.046297,576,8376,2.997523,0.083888,3.972222,108,8268,3.008036,1.923411,0.615089,0.435187,0.864903
15,3942,2.995582,0.004776,0.101573,24,4254,3.00071,0,68.466761,336,3918,3.002113,0.081377,0.272598,0.22148,0.408725
7,5152,2.996382,0.034494,8.428768,91,5075,3.013935,0.003395,6.051167,14,5061,3.002349,0.236983,0.356249,0.265317,0.528057
10,6136,3.002989,0.091394,46.409293,306,5864,2.998317,0.011532,0.286265,34,5830,3.01553,0.433724,0.426536,0.304689,0.611597
16,10816,3.00454,2.354415,84.490731,1359,11808,2.996518,0.729937,136.475365,2351,9457,3.004827,2.87193,0.75134,0.613679,0.987507
13,8606,2.998062,0.770049,12.044674,170,9230,2.998067,0.312052,41.876973,794,8436,2.998977,2.035618,0.597217,0.480419,0.879483
10,5166,2.995093,0.030339,5.600908,22,5362,2.999508,0.01438,18.444127,218,5144,2.990534,0.217836,0.358196,0.278773,0.53465
8,5640,3.005952,0.035491,7.50584,8,5872,2.999776,0.022306,8.355077,240,5632,3.003408,0.335094,0.392444,0.305135,0.587769
15,5313,2.999778,0.028012,72.199154,452,4872,2.988946,0.000139,0.17389,11,4861,3.001955,0.14631,0.368121,0.252815,0.507279
13,9347,3.005442,0.891604,13.443182,55,9633,3.002094,0.352069,27.264561,341,9292,3.000178,2.6551,0.649959,0.499464,0.969142
9,6426,2.99816,0.102151,0.191805,21,6696,2.981853,0.032845,52.144959,291,6405,2.999623,0.50443,0.445573,0.346083,0.667458
18,13554,3.004173,13.673326,221.584059,4072,12996,2.994566,1.167325,213.57218,3514,9482,2.997302,2.890043,0.935489,0.674605,0.987941
6,4314,2.996393,0.015934,19.03094,141,4212,2.996228,0.000015,1.3523,39,4173,3.00105,0.071531,0.29909,0.218798,0.435801
8,5208,3.008207,0.040567,17.780285,273,4963,2.995151,0.004679,9.713246,28,4935,3.001384,0.260312,0.362656,0.257599,0.514869
9,6426,3.002568,0.178411,3.130724,121,6327,3.003029,0.019813,30.069435,22,6305,3.004039,0.805853,0.446131,0.329864,0.658458
11,5187,3.003841,0.036604,1.824541,23,5215,2.999168,0.001968,11.50292,51,5164,2.997276,0.185687,0.35996,0.27149,0.537772
18,14292,2.992252,17.595884,217.318397,4761,13176,3.005165,1.38166,188.642139,3645,9531,2.996722,2.915322,0.978781,0.68718,0.992766
7,9730,2.997107,1.134977,28.324105,376,9898,2.999367,0.356579,14.829316,544,9354,2.99951,2.729978,0.674406,0.513462,0.975295
15,10944,2.996085,3.550493,62.899422,1407,11680,2.995766,0.713084,141.132054,2143,9537,3.001261,2.870243,0.758829,0.60707,0.994851
12,4188,2.997555,0.005814,0.439593,6,4536,2.985896,0.000027,76.288767,354,4182,3.002739,0.094925,0.290596,0.235139,0.436299
7,5138,3.007415,0.046324,58.353509,366,4788,2.996775,0.000207,0.264872,16,4772,2.994092,0.164708,0.357293,0.248956,0.496682
4,4362,3.00808,0.007504,63.863568,165,4218,2.997448,0.000333,0.09726,21,4197,3.003444,0.084698,0.303733,0.219514,0.438474
12,8496,3.005986,0.614561,25.723243,65,8508,2.997357,0.132219,4.142242,77,8431,3.003042,2.055055,0.590818,0.442166,0.880242
15,10470,2.999881,1.36266,80.999522,1041,10470,3.00537,0.444891,70.847225,1041,9429,3.003374,2.885196,0.724953,0.545595,0.984642
1,13680,2.996937,8.262173,223.932783,4119,14079,3.004127,1.56389,224.506491,4518,9561,3.001952,2.931709,0.947778,0.73429,0.997604
7,4753,3.004273,0.015984,0.117385,15,4914,2.993461,0.001875,37.574823,176,4738,3.00242,0.135309,0.330467,0.25503,0.494704
16,8640,2.994665,0.531203,4.620294,77,8964,2.99878,0.144173,54.691046,401,8563,2.993643,2.071534,0.598865,0.466685,0.891086
10,7490,3.004859,0.261631,44.800966,347,7190,2.997947,0.060687,0.852686,47,7143,3.001786,1.047859,0.519419,0.37415,0.745367
13,9503,2.996704,0.823262,8.103786,248,9698,2.998463,0.241419,55.966493,443,9255,3.000409,2.555061,0.657763,0.504125,0.965185
8,5584,3.001436,0.057481,0.271418,24,5848,2.999765,0.005478,36.588338,288,5560,3.001395,0.373314,0.387759,0.304239,0.580394
5,6381,2.998657,0.124349,0.216825,17,6876,2.997624,0.022571,56.058971,512,6364,3.001194,0.606689,0.442535,0.357841,0.663846
10,7160,2.994268,0.268041,4.017579,8,7240,3.000681,0.028306,14.148131,88,7152,2.998414,1.19603,0.496272,0.377169,0.745387
7,4802,2.990677,0.026277,0.417669,16,5208,2.995368,0.00071,53.297007,422,4786,3.006487,0.128812,0.332214,0.270108,0.500131
4,2872,3.011778,0,2.482693,18,2956,3.005481,0,16.793619,102,2854,2.998959,0.00135,0.199894,0.154136,0.297532
8,5920,2.999271,0.143296,57.128528,392,5568,3.011587,0.002114,0.352745,40,5528,2.998739,0.296802,0.410265,0.29038,0.575748
11,11680,2.995758,3.725461,101.032557,2211,11712,2.998678,0.748999,112.959828,2243,9469,3.004394,2.866029,0.809964,0.608933,0.988772
6,6318,2.997865,0.139285,5.015791,45,6498,2.998477,0.025704,16.336629,225,6273,2.989373,0.602836,0.438163,0.337661,0.651955
15,9269,2.999857,1.119977,66.965055,340,9035,2.997444,0.210339,9.155839,106,8929,2.999156,2.383256,0.643564,0.469305,0.930885
13,4164,3.010471,0.018176,14.705995,12,4326,2.994637,0.000725,31.142413,174,4152,3.006276,0.112443,0.289951,0.224504,0.433766
2,9144,2.999364,0.792255,38.274508,795,8460,3.005027,0.197942,5.63839,111,8349,3.005248,1.941023,0.634516,0.440703,0.872257
7,8041,2.995362,0.407443,17.612893,501,7634,3.005375,0.07891,12.513221,94,7540,3.004733,1.243438,0.557539,0.397076,0.787848
16,2295,2.996037,0,20.254771,114,2190,3.015977,0,5.391437,9,2181,3.000239,0.002969,0.158857,0.114491,0.2275
12,8592,2.994699,0.542296,7.285093,77,9324,2.998448,0.160411,59.357816,809,8515,2.994267,2.133405,0.595053,0.485162,0.886163
3,7320,3.004035,0.274281,0.499292,11,7860,2.992043,0.051769,45.376405,551,7309,3.002294,1.112477,0.509017,0.406622,0.762271
18,5264,2.996788,0.041425,67.72527,410,4900,3.00687,0.001741,0.201314,46,4854,3.00059,0.19339,0.364921,0.255679,0.5067
7,7050,2.997601,0.329478,1.858813,15,7400,3.001892,0.037121,13.997965,365,7035,2.989233,0.992743,0.489192,0.38566,0.731161
13,9763,2.995898,1.366429,21.902395,474,9334,3.00243,0.202185,19.885494,45,9289,3.00258,2.592384,0.675135,0.48654,0.969478
14,6300,2.995927,0.11892,16.461864,9,6579,3.004693,0.022537,8.058761,288,6291,2.997589,0.594172,0.436555,0.343192,0.654786
19,12155,2.997577,3.292017,154.009181,2635,11815,3.003025,0.643771,120.159538,2295,9520,3.003957,2.926674,0.840433,0.615478,0.994125
17,13262,3.001164,4.54974,195.062032,3701,13376,2.999646,1.190745,206.225661,3815,9561,2.997637,2.919949,0.91312,0.694165,0.99618
17,12546,3.008271,5.696792,171.524353,2983,11543,2.998208,0.642065,124.29349,1980,9563,2.994093,2.879583,0.8717,0.599203,0.995103
9,9347,2.994329,0.902247,5.859193,191,9646,2.997517,0.253143,56.631347,490,9156,3.004703,2.518391,0.646774,0.501388,0.95626
14,12920,3.001027,8.648203,178.890685,3367,12682,3.007128,0.921904,187.587927,3129,9553,2.998627,2.920173,0.897116,0.660747,0.995667
14,9009,2.995078,0.824534,4.734116,67,9789,3.000113,0.222618,59.886148,847,8942,2.997459,2.358132,0.623739,0.50952,0.931629
10,2792,2.98683,0,0.21376,23,2976,2.997302,0,48.160074,207,2769,2.998204,0.005538,0.192814,0.154772,0.288977
8,4893,3.001964,0.020227,7.344022,13,5040,3.005871,0.001906,9.631936,160,4880,2.996857,0.150078,0.340014,0.263014,0.508818
1,767,3.010075,0,113.548946,101,669,3.007409,0,0.065687,3,666,2.988964,0,0.053415,0.034887,0.069224
4,2996,2.986212,0,22.946213,140,2872,2.994238,0,1.073403,16,2856,3.002639,0.002794,0.206705,0.149029,0.298149
10,6900,3.001915,0.251083,9.51037,36,6920,3.004841,0.036555,10.228759,56,6864,2.99895,0.964049,0.478975,0.36032,0.715689
17,13311,3.000316,10.599162,182.971417,3761,12342,2.994331,0.943943,144.905484,2792,9550,2.993467,2.916332,0.922317,0.640786,0.993832
4,3004,2.997277,0.001841,51.584555,232,2776,3.007022,0,0.291007,4,2772,3.013043,0.002144,0.207782,0.144922,0.290063
17,12121,2.991446,3.286067,122.76967,2542,12036,2.998489,0.742971,171.229012,2457,9579,2.991571,2.915961,0.837676,0.625404,0.996123
9,6615,3.005038,0.115768,15.376291,351,6300,2.99982,0.042499,3.398589,36,6264,3.00465,0.623569,0.459599,0.328105,0.65481
1,6426,3.007622,0.137219,36.859968,508,5940,2.998539,0.008929,5.256116,22,5918,3.005742,0.55224,0.446824,0.308736,0.617986
18,13032,2.996628,4.915751,158.872606,3541,13176,3.003657,1.301061,183.852204,3685,9491,3.00047,2.904485,0.895313,0.685794,0.989801
10,7840,3.005032,0.276477,81.43408,636,7250,2.997813,0.051757,1.150645,46,7204,3.000787,1.224638,0.544214,0.377177,0.75164
10,735,3.007502,0,43.797107,24,713,2.990113,0,0.019006,2,711,2.994745,0,0.051162,0.037013,0.073988
8,13091,3.001716,9.20816,170.250373,3561,13338,3.007508,1.208356,188.35191,3808,9530,3.001885,2.914694,0.899418,0.696426,0.994362
12,8388,2.998002,0.596263,7.949561,0,8772,3.001181,0.145897,21.613216,384,8388,3.00485,1.918397,0.582112,0.457016,0.875162
9,6795,2.999986,0.153648,11.393848,293,6516,3.001976,0.015999,11.612559,14,6502,3.000138,0.750608,0.470644,0.339142,0.677849
2,1438,2.992123,0,16.479275,2,1552,3.00558,0,11.543137,116,1436,2.997832,0,0.099507,0.080879,0.149475
7,14383,3.001449,43.222476,224.2891,4835,13566,3.008182,1.61059,222.791267,4018,9548,3.000997,2.908234,0.989546,0.701083,0.995687
19,9880,2.998229,1.484004,53.187793,642,9711,2.997056,0.242776,21.36336,473,9238,2.995283,2.776005,0.683026,0.504208,0.962008
10,4734,2.985245,0.013489,93.527426,455,4296,3.002949,0.00003,0.090728,17,4279,2.996357,0.094539,0.327133,0.223985,0.445768
3,2280,2.990871,0,47.590462,173,2115,3.002326,0,0.334163,8,2107,3.000226,0.000454,0.157616,0.110159,0.219924
18,2912,3.00082,0.001254,0.396473,8,2988,2.998439,0,39.313386,84,2904,2.999911,0.011755,0.202014,0.155174,0.302654
7,6255,3.004512,0.137736,17.604704,78,6237,3.00788,0.042058,2.092043,60,6177,3.001565,0.657546,0.435028,0.325433,0.644896
15,10905,3.001694,1.8603,80.725014,1320,11220,3.002569,0.499742,121.580932,1635,9585,2.994563,2.923103,0.757469,0.584211,0.997631
15,1490,3.00227,0,21.526926,78,1412,2.981338,0,0.760568,0,1412,2.984814,0,0.103551,0.073084,0.146339
10,5784,3.005233,0.072374,29.608984,392,5432,3.00235,0.010921,0.556582,40,5392,2.995967,0.33765,0.402078,0.282216,0.561225
13,13430,3.002015,8.26896,184.230782,3877,11798,3.001207,0.806689,158.057745,2245,9553,3.000219,2.924466,0.91961,0.612572,0.996177
17,4718,2.999497,0.033706,0.1838,14,5054,3.000166,0.002585,47.800122,350,4704,2.997658,0.175476,0.327584,0.262996,0.490515
11,7546,2.991459,0.324509,0.852653,44,8239,2.997087,0.175098,56.464835,737,7502,3.006119,1.282039,0.52212,0.426442,0.783808
2,6633,2.998351,0.168611,2.480205,50,6597,3.004971,0.024093,24.981382,14,6583,3.002412,0.701327,0.460387,0.343707,0.686782
18,13590,3.003097,13.639634,224.900511,4086,12402,2.997415,1.141433,174.50092,2898,9504,3.010501,2.921483,0.942555,0.643429,0.994557
12,8892,2.998217,0.769992,6.745892,112,8856,3.000754,0.176739,24.408769,76,8780,2.995158,2.128977,0.617133,0.459301,0.913629
7,4984,3.010491,0.040767,9.813304,21,4984,2.996664,0.001464,8.769157,21,4963,3.00414,0.23487,0.346875,0.258562,0.517693
11,6016,3.008507,0.090262,60.78361,481,5552,2.995957,0.007307,0.338999,17,5535,3.000354,0.399733,0.418564,0.288779,0.577107
14,13984,3.000781,11.434351,213.722065,4401,14193,3.003747,1.850217,232.733713,4610,9583,2.992355,2.9111,0.963709,0.740144,0.996755
10,11509,2.999476,2.248923,128.841044,1980,12189,2.998247,0.696338,189.776364,2660,9529,3.002751,2.920706,0.798994,0.633534,0.994705
12,7854,2.997051,0.359114,42.15994,57,7909,3.000459,0.095757,3.858435,112,7797,3.009182,1.638077,0.544682,0.411874,0.815771
17,13090,3.002782,4.378527,189.440727,3600,12189,3.001804,0.800503,153.96273,2699,9490,2.994882,2.882605,0.909154,0.633852,0.988076
10,3012,3.004907,0,20.500572,152,2876,2.99948,0,1.31083,16,2860,2.996413,0.013746,0.209466,0.149778,0.298138
14,10108,2.994859,1.307979,59.229353,617,10038,2.997521,0.320273,32.67466,547,9491,2.997082,2.810778,0.696764,0.521155,0.988851
8,1418,3.000823,0,0.021261,4,1538,2.99952,0,58.198969,124,1414,3.023445,0,0.09842,0.080091,0.148528
14,9688,2.998492,0.957301,15.569233,364,10318,2.991626,0.369669,69.929624,994,9324,2.994975,2.696618,0.669777,0.533929,0.970591
11,10650,3.00847,1.451044,81.278024,1094,10725,3.003046,0.503531,97.399782,1169,9556,2.996702,2.910428,0.741671,0.556578,0.995388
6,10635,2.990514,1.42092,74.174508,1208,9885,2.997999,0.365662,40.495241,458,9427,3.007241,2.863889,0.734662,0.5145,0.985335
17,11271,3.001187,3.622524,131.327075,1776,12631,2.993951,0.922644,187.395257,3136,9495,3.008031,2.900652,0.778681,0.65407,0.992934
1,11849,2.9994,3.374901,155.530798,2270,12597,2.997513,0.803701,147.794969,3018,9579,2.996075,2.920679,0.822683,0.654495,0.997626
5,3115,2.998958,0.000028,0.190009,25,3630,2.999116,0,124.476749,540,3090,2.993823,0.019041,0.21626,0.189007,0.32237
9,5877,3.00104,0.100637,0.267214,16,6345,3.000096,0.01579,80.834576,484,5861,3.002059,0.450982,0.408054,0.330479,0.611628
17,11985,3.000253,2.861371,141.050193,2470,12070,2.999653,0.952021,204.142334,2555,9515,2.993403,2.882802,0.8288,0.627873,0.990326
4,2876,2.988593,0.000333,57.148578,181,2700,3.009486,0,0.123981,5,2695,3.013718,0.002472,0.198724,0.14107,0.282311
5,3760,2.986003,0.000685,30.83574,122,3645,3.012662,0,3.44039,7,3638,3.006696,0.026093,0.259586,0.190426,0.380022
12,9724,3.003389,1.259787,34.323334,333,10270,2.997343,0.281412,42.566832,879,9391,3.004587,2.841812,0.67466,0.533622,0.980882
6,4584,2.999683,0.006117,6.242546,73,4536,2.994497,0,11.833777,25,4511,2.993975,0.107259,0.318298,0.2356,0.469521
18,12834,2.996236,4.033356,181.935413,3262,12600,2.998929,0.919704,157.003358,3028,9572,2.992931,2.916099,0.890132,0.653028,0.995678
12,8736,2.999439,0.698489,3.932878,17,8916,2.994389,0.159628,33.423909,197,8719,3.00212,2.109366,0.606553,0.463225,0.909968
10,702,2.995153,0,17.374779,1,722,2.998739,0,11.713003,21,701,2.972675,0,0.048675,0.037527,0.072356
17,680,2.986767,0,29.677824,16,667,3.007921,0,0.131528,3,664,2.995414,0,0.047014,0.034775,0.069076
6,5257,2.993017,0.029062,15.202192,69,5215,3.007944,0.000299,1.338816,27,5188,3.008093,0.259827,0.364119,0.27201,0.542971
19,11744,2.9965,3.670389,143.502767,2229,11328,3.002278,0.525164,134.243348,1813,9515,2.996461,2.887773,0.812934,0.590162,0.990793
18,7755,2.995872,0.382649,2.342428,42,7854,3.008018,0.078465,30.245066,141,7713,3.001335,1.476043,0.537809,0.410156,0.804902
12,6740,2.994332,0.209698,0.468139,53,7250,2.999624,0.057949,64.608013,563,6687,2.994805,0.804102,0.466129,0.377343,0.696352
15,10695,2.996229,1.76036,77.926185,1187,11115,2.999633,0.453946,87.145501,1607,9508,3.001594,2.915618,0.734763,0.577856,0.991922
3,12002,2.995058,3.179383,129.760707,2492,12036,3.000512,0.625384,159.193745,2526,9510,2.997574,2.876774,0.828157,0.626309,0.990931
6,12104,3.003319,4.114936,176.26409,2541,11900,2.994994,1.050968,162.228024,2337,9563,3.000936,2.905683,0.838697,0.615726,0.997377
13,13034,2.995503,5.928678,174.820855,3479,13490,3.002079,2.190394,178.415304,3935,9555,2.996004,2.905899,0.900474,0.703091,0.994892
15,1360,2.992652,0,4.380785,2,1474,2.992117,0,28.145135,116,1358,2.993496,0,0.094211,0.076402,0.141155
14,9450,3.005808,1.358927,15.293066,244,10122,2.993652,0.232318,62.555702,916,9206,2.999269,2.674896,0.656951,0.526035,0.95955
3,2184,2.989333,0,8.194895,10,2181,3.004685,0,9.262296,7,2174,2.994575,0.002,0.151127,0.113701,0.226464
15,4963,3.002706,0.034248,2.049176,18,5124,3.001556,0.007187,20.6156,179,4945,2.992491,0.239397,0.344649,0.266698,0.514199
19,13452,3.001332,5.982615,196.744597,3883,14402,3.001508,1.554684,204.362866,4833,9569,2.992996,2.918901,0.933648,0.750481,0.995717
16,11808,2.993105,2.094753,131.379939,2225,11248,2.995513,0.606085,135.657281,1665,9583,2.993904,2.914753,0.815343,0.583475,0.997552
17,1422,3.004439,0,0.514136,6,1424,3.009546,0,29.179818,8,1416,2.969526,0,0.098783,0.074334,0.146144
9,5688,2.990453,0.118783,19.233569,36,5728,2.996939,0.001467,3.219835,76,5652,3.006008,0.373183,0.393283,0.297873,0.590806
8,14022,3.002339,9.296455,219.637277,4469,13851,2.996186,1.259921,206.085041,4298,9553,3.00413,2.921881,0.958865,0.719642,0.997596
4,2728,2.999983,0,7.398148,4,2824,2.996296,0,15.313016,100,2724,3.00275,0.006863,0.189443,0.146528,0.284183
13,7230,3.004164,0.232512,54.066116,350,6900,2.996517,0.050703,0.675614,20,6880,2.996774,0.995587,0.502189,0.358944,0.716148
10,6192,3.000687,0.094859,59.716736,422,5792,3.000054,0.011249,2.09268,22,5770,3.012361,0.342213,0.429543,0.301157,0.604102
13,8736,3.001948,0.689851,3.404551,58,9854,2.996565,0.223637,67.516446,1176,8678,3.006444,2.095923,0.606304,0.511828,0.906966
3,2154,3.014472,0,4.109469,8,2187,3.004413,0,28.583917,41,2146,2.983626,0,0.150217,0.113758,0.222556
11,7909,2.990352,0.348458,5.190231,49,8052,3.003419,0.111243,59.148626,192,7860,3.000153,1.593907,0.546288,0.41955,0.82012
17,11815,2.98758,3.504735,121.474967,2309,12053,3.003815,0.884617,151.571051,2547,9506,3.007787,2.926306,0.815518,0.628512,0.993931
6,13395,3.00211,8.26181,192.239797,3856,13395,2.999301,1.257463,195.555012,3856,9539,2.99999,2.898616,0.912182,0.696172,0.994789
1,702,2.980024,0,2.491658,3,742,2.980804,0,41.445167,43,699,3.011468,0,0.048334,0.038399,0.07312
10,7140,2.998579,0.139463,12.458841,190,6980,2.99594,0.038914,3.095697,30,6950,3.000578,0.835136,0.495598,0.362391,0.724177
4,3008,2.987378,0,54.515063,140,2868,3.000073,0,1.389103,0,2868,3.018522,0.008506,0.207755,0.149379,0.300594
12,7968,3.001381,0.59237,2.266301,105,8784,2.995938,0.21437,66.876617,921,7863,3.004518,1.593577,0.553588,0.456889,0.821384
5,6435,3.001842,0.11269,2.31715,23,6705,2.987651,0.032771,19.201393,293,6412,2.992439,0.743987,0.446777,0.347655,0.66719
9,6399,2.993787,0.143045,16.411788,24,6435,2.999111,0.014496,7.092153,60,6375,2.996697,0.609798,0.442877,0.334662,0.663969
18,12726,3.005188,5.143331,176.910934,3140,13410,2.99548,1.126888,175.75003,3824,9586,2.989329,2.913576,0.87293,0.697361,0.996124
3,2223,2.997973,0,7.899974,15,2268,3.003658,0,6.120559,60,2208,2.994144,0,0.15372,0.118089,0.229571
16,2331,2.998047,0,49.851558,228,2106,3.000824,0,0.070156,3,2103,2.997969,0,0.161564,0.109573,0.218914
1,9620,2.996854,1.209752,36.553497,250,10257,2.995735,0.355493,43.517058,887,9370,2.993729,2.686283,0.665662,0.53275,0.975117
12,8208,3.002321,0.477791,9.676424,48,8616,2.994211,0.128935,12.300317,456,8160,3.003529,1.719809,0.56936,0.447587,0.851979
15,10905,3.000596,1.905039,73.764616,1405,11430,2.993595,0.473306,133.373956,1930,9500,3.000124,2.845528,0.754933,0.593276,0.990784
5,3755,2.997607,0.00061,26.002673,152,3635,2.990701,0,0.584935,32,3603,3.007633,0.017775,0.260074,0.188216,0.377124
9,6372,2.999161,0.120011,22.628016,216,6192,3.004877,0.019738,0.7594,36,6156,2.999497,0.501835,0.440586,0.321698,0.641142
19,13357,2.996923,10.237099,199.160837,3814,13965,3.003345,1.429882,223.87244,4422,9543,3.000088,2.910968,0.924598,0.725456,0.995275
15,10410,3.001365,1.618259,45.748661,884,11475,2.999835,0.421651,129.844771,1949,9526,3.001565,2.898247,0.721548,0.596626,0.994048
17,11985,2.99632,3.167459,120.127137,2430,12733,2.999097,1.048868,180.23296,3178,9555,3.001636,2.898991,0.825598,0.661625,0.996747
10,7480,2.998854,0.247199,63.773213,446,7070,2.996347,0.04084,1.087411,36,7034,2.995318,0.84805,0.517803,0.366966,0.732075
14,12920,2.992156,4.125029,174.537924,3393,12308,2.992474,0.920062,174.036872,2781,9527,3.003878,2.91636,0.887224,0.638494,0.994898
15,11584,3.00267,3.039552,114.137505,2012,12112,3.000643,0.740602,155.235971,2540,9572,2.998918,2.929903,0.80287,0.628295,0.99763
2,12654,3.00056,6.204874,151.759773,3090,12312,2.997462,0.920391,181.213837,2748,9564,2.996523,2.913082,0.875817,0.639875,0.996168
3,2154,2.999302,0,24.779684,12,2154,2.991262,0,0.084766,12,2142,2.999394,0.000149,0.149413,0.111617,0.22332
2,1372,3.009578,0,0.25285,2,1416,3.014772,0,41.318566,46,1370,3.004206,0,0.095508,0.073921,0.142908
16,13509,2.997429,15.041137,177.060212,3974,13680,3.0023,1.158852,207.235767,4145,9535,2.997375,2.880414,0.929284,0.713046,0.993443
2,1422,2.989169,0,0.003543,8,1472,2.993379,0,44.673844,58,1414,3.003288,0,0.098269,0.076497,0.147597
3,2115,2.999328,0,25.255501,130,1989,2.978789,0,1.498202,4,1985,2.99695,0,0.146612,0.10275,0.206638
19,6264,3.002611,0.133694,2.263085,8,6786,2.989432,0.025424,55.590782,530,6256,3.006075,0.496788,0.435379,0.352192,0.653658
10,11744,3.009047,2.286132,138.930278,2157,11520,3.006831,0.564796,116.02915,1933,9587,2.993305,2.892552,0.815992,0.600744,0.997447
14,10150,3.003321,1.355314,51.691779,823,10682,3.001685,0.31736,69.568572,1355,9327,3.003048,2.787412,0.704872,0.554648,0.973672
18,13410,2.996287,5.994816,184.666839,3854,12924,2.997277,1.15205,179.444397,3368,9556,3.002078,2.921655,0.919717,0.671588,0.997202
13,2025,2.997786,0,8.403507,8,2094,2.989786,0,5.990868,77,2017,3.0012,0.001627,0.140401,0.108562,0.210528
11,7359,2.993458,0.304031,1.631115,11,7667,3.001536,0.051064,18.067777,319,7348,3.00171,1.131176,0.509927,0.399164,0.766393
6,4452,3.005278,0.023966,43.946212,119,4350,3.004951,0.000089,1.743645,17,4333,2.994118,0.108351,0.309495,0.226472,0.450976
5,3490,3.010574,0.004846,5.444825,25,3480,2.999905,0,9.130752,15,3465,3.008465,0.026332,0.242558,0.181232,0.362445
11,7777,2.996337,0.398743,2.269559,20,8096,2.997001,0.134737,27.563995,339,7757,3.000986,1.445281,0.539025,0.421245,0.80898
6,14100,2.998413,13.509791,200.268359,4532,13360,2.99802,1.774159,236.325331,3792,9568,3.000025,2.929219,0.962202,0.695341,0.997553
17,10005,2.999574,1.64445,41.901899,603,9945,3.001584,0.341618,36.823203,543,9402,3.004016,2.815465,0.693099,0.517234,0.981465
7,5019,3.001709,0.04898,11.669599,7,5082,2.996546,0.001444,3.937663,70,5012,3.006455,0.296296,0.34874,0.263745,0.523645
8,3032,2.99137,0,64.172507,176,2868,2.999434,0,0.033129,12,2856,3.000653,0.004872,0.209755,0.149182,0.297582
13,7865,2.992135,0.371394,8.815135,151,7755,3.003872,0.071976,6.064244,41,7714,3.002166,1.482047,0.542175,0.403956,0.805286
5,3485,3.01228,0.001791,0.084573,14,3835,3.003509,0,99.280932,364,3471,2.997141,0.052867,0.242671,0.199668,0.361679
10,10755,3.000418,1.931438,75.474254,1268,10710,2.996889,0.62257,74.803303,1223,9487,3.002669,2.827591,0.746869,0.556779,0.990011
19,11872,2.995239,4.658742,120.66627,2313,11552,3.004514,0.574099,122.549498,1993,9559,2.998159,2.914261,0.820038,0.602366,0.996074
2,1450,2.973217,0,0.357275,6,1478,2.999089,0,21.38792,34,1444,3.000593,0,0.099556,0.076671,0.150549
6,3755,3.00523,0.000034,55.579119,145,3610,2.993185,0.00011,0.05606,0,3610,3.000324,0.034658,0.261209,0.187594,0.376082
8,11280,3.001951,1.841406,89.198202,1772,11265,3.000264,0.525848,101.414902,1757,9508,3.003954,2.919219,0.778558,0.582535,0.992716
19,13794,2.997533,13.039265,206.000155,4266,14497,3.002976,1.799852,248.962927,4969,9528,3.007056,2.932187,0.955671,0.755763,0.995767
4,8280,2.992558,0.473973,4.005266,48,8340,2.995807,0.110239,17.554204,108,8232,2.998145,1.664602,0.571859,0.433529,0.85703
2,9698,2.999259,1.033603,20.992669,386,9334,3.001932,0.194154,33.805705,22,9312,2.998632,2.562914,0.671652,0.486459,0.970493
2,4428,2.99719,0.007071,26.088645,190,4266,3.007444,0,1.153082,28,4238,3.003557,0.074886,0.306471,0.222538,0.44295
4,7788,3.000894,0.435008,1.872901,48,7898,3.000175,0.098019,26.472389,158,7740,3.002654,1.453395,0.540686,0.411361,0.808091
19,14060,2.995809,27.23438,222.007036,4566,13946,3.004952,1.25443,218.543554,4452,9494,3.001616,2.908897,0.954711,0.724728,0.990612
5,3630,3.005861,0.000271,41.772781,150,3500,2.996441,0,0.125625,20,3480,3.004773,0.043946,0.252534,0.181841,0.363505
15,2856,3.008329,0.002396,20.102573,100,2764,2.995076,0,6.058843,8,2756,3.001568,0.009129,0.198488,0.14338,0.287233
19,11235,2.997209,2.113561,141.462484,1710,11460,3.002942,0.629189,119.149946,1935,9525,3.005009,2.910581,0.778396,0.595241,0.994811
15,10680,2.996739,1.875711,74.598549,1153,10650,3.008933,0.438485,98.30087,1123,9527,3.006174,2.938653,0.740078,0.555457,0.995182
8,6304,3.002702,0.13174,79.770092,728,5600,2.997646,0.021718,0.358485,24,5576,3.002457,0.408299,0.437346,0.291096,0.581318
3,2214,2.997324,0,60.958532,148,2073,2.995788,0,0.017218,7,2066,3.009918,0,0.153623,0.107663,0.216261
7,5075,2.998081,0.037024,13.22954,161,4921,2.993349,0.005418,4.389192,7,4914,3.007679,0.141644,0.352205,0.25543,0.513185
20,14180,2.996542,44.321638,182.763245,4705,14520,3.004503,1.396245,249.029636,5045,9475,3.005593,2.871434,0.949798,0.75463,0.989955
20,14520,3.001071,34.507141,224.186243,4981,14580,2.995793,1.880298,251.453162,5041,9539,3.003391,2.928189,0.986665,0.757629,0.995705
16,1376,3.011137,0,23.770501,56,1328,3.014488,0,0.984955,8,1320,3.000833,0,0.095743,0.069332,0.137643
15,10695,3.001604,1.996773,62.363298,1147,11085,3.000326,0.428767,119.327807,1537,9548,3.001174,2.897725,0.74072,0.577406,0.996258
17,11696,2.999517,2.690985,116.758642,2135,12223,3.000385,0.842622,168.13254,2662,9561,3.002464,2.894947,0.808233,0.635228,0.997634
4,7170,2.99065,0.220685,1.836133,180,7040,3.005738,0.059632,32.027946,50,6990,3.009887,1.046067,0.495927,0.367368,0.731478
4,3044,3.002268,0,13.417914,113,2940,2.987028,0,4.387233,9,2931,2.993885,0.004123,0.211339,0.152341,0.304929
19,12578,2.992864,8.709687,149.123747,3008,13813,2.999447,2.221091,240.860067,4243,9570,2.998378,2.929795,0.86852,0.718329,0.99753
13,5250,3.000679,0.026526,10.980853,240,5040,2.999607,0.004092,3.614678,30,5010,3.011992,0.154231,0.364666,0.26204,0.52482
9,6201,2.995182,0.089049,0.885801,0,6660,2.998934,0.020474,67.664276,459,6201,3.001033,0.538532,0.429933,0.346184,0.64616
15,11370,2.999913,2.649806,110.301338,1900,10995,2.994215,0.478491,97.445985,1525,9470,3.001324,2.891753,0.787424,0.569724,0.988135
15,10155,2.9885,1.466989,36.652617,598,10650,2.996904,0.366517,87.000067,1093,9557,3.00025,2.919491,0.702336,0.554115,0.99684
6,11728,2.999304,2.576014,133.106633,2155,11280,2.996279,0.535162,106.728501,1707,9573,2.996217,2.890788,0.812382,0.585964,0.996976
11,13566,2.99389,9.652851,183.174002,4041,12711,3.001335,1.31566,175.79666,3186,9525,2.994599,2.893036,0.925594,0.660881,0.991803
7,5117,2.995831,0.022285,0.349417,29,5187,2.996733,0.001547,35.995933,99,5088,3.012371,0.234251,0.354853,0.269272,0.533267
8,5816,3.003917,0.068855,34.342409,168,5664,2.997403,0.006599,5.84464,16,5648,2.99852,0.400115,0.404362,0.294419,0.588044
16,11744,2.998682,3.777269,136.503803,2203,10624,2.998592,0.396821,79.310592,1083,9541,2.994743,2.891742,0.813289,0.553074,0.993182
18,6651,2.993331,0.191753,4.93201,189,6489,2.995464,0.013404,19.104856,27,6462,2.99551,0.731029,0.460848,0.336769,0.672374
14,1340,2.989992,0,0.180994,6,1402,3.00286,0,52.819286,68,1334,3.014979,0,0.092584,0.072973,0.139696
7,5082,2.991859,0.037645,55.979905,170,4935,3.006729,0.002823,0.208663,23,4912,2.999355,0.311903,0.351764,0.257548,0.512366
16,9490,3.002072,1.258322,13.530757,278,9789,2.99902,0.21554,32.765283,577,9212,2.996664,2.577941,0.658674,0.508222,0.959731
17,9607,3.005487,0.79708,27.500613,535,9269,3.000285,0.191613,12.044899,197,9072,2.999668,2.445962,0.668352,0.482806,0.946071
8,5688,2.994813,0.049292,2.91849,33,5960,2.991546,0.010161,27.463754,305,5655,2.99842,0.350689,0.393975,0.309542,0.589752
18,13194,2.999029,8.836854,174.011686,3639,12960,3.002025,1.096651,169.480438,3405,9555,3.003317,2.91851,0.911641,0.674452,0.997565
10,7360,3.001238,0.321381,0.932473,76,7390,2.991993,0.055076,33.206615,106,7284,2.997095,1.216247,0.508942,0.382966,0.758937
15,11475,3.002721,3.382884,104.179116,1985,11130,3.003546,0.426964,90.376994,1640,9490,2.994755,2.88085,0.788281,0.580393,0.987861
8,8107,2.99841,0.536736,47.604186,627,7535,3.00067,0.075241,1.724452,55,7480,2.995768,1.276283,0.562688,0.391878,0.778908
9,13053,2.996146,5.697624,164.064254,3518,14022,3.002428,1.212624,219.628534,4487,9535,3.001095,2.893813,0.890483,0.728906,0.994602
15,4548,2.999751,0.008765,75.663134,528,4026,2.999969,0,0.070042,6,4020,2.997561,0.053657,0.315353,0.20969,0.418469
17,2190,3.001793,0,0.115874,14,2211,3.012601,0,34.993453,35,2176,3.004103,0,0.151683,0.115511,0.2274
10,7520,3.000414,0.267014,84.658939,886,6680,2.999989,0.038271,1.564115,46,6634,2.988018,0.819147,0.521785,0.347554,0.689485
15,11040,3.000507,2.941868,124.635844,1511,11430,2.994528,0.530711,94.047465,1901,9529,3.00058,2.918583,0.766254,0.593245,0.993952
16,11712,2.995814,2.586235,129.973076,2269,11104,2.998691,0.45081,129.114299,1661,9443,3.000668,2.857128,0.809957,0.577374,0.984969
3,13243,3.005085,5.3156,188.51273,3770,12958,3.00096,1.034225,217.259779,3485,9473,3.006229,2.881686,0.914623,0.672697,0.989748
15,2928,2.995791,0,13.060313,36,2892,3.001983,0,3.535548,0,2892,3.005323,0.012235,0.203048,0.150725,0.301785
19,13775,2.997644,13.171481,208.721889,4218,13357,2.996707,1.068576,203.82265,3800,9557,2.998653,2.906738,0.933248,0.693955,0.996063
18,12564,3.004493,4.52252,187.890489,3009,13104,3.005049,1.535267,210.421456,3549,9555,3.004875,2.932948,0.870582,0.683649,0.997714
15,2265,2.999061,0,106.680173,249,2019,2.985979,0,0.127386,3,2016,3.006886,0.00125,0.157247,0.104665,0.210666
16,10752,3.000254,1.618463,74.97697,1229,11296,2.996596,0.541088,109.212222,1773,9523,2.998134,2.889358,0.74673,0.587369,0.992356
13,4872,3.0057,0.023282,4.808892,19,5117,3.001873,0.006676,22.409737,264,4853,2.996072,0.156043,0.33891,0.266552,0.50561
2,1490,3.010971,0,10.828227,45,1452,3.006643,0,10.477665,7,1445,2.996559,0,0.103797,0.075697,0.150472
19,14212,2.99387,13.26104,209.304606,4656,13262,2.99913,1.385006,220.896157,3706,9556,3.000034,2.907819,0.954414,0.688463,0.996274
13,5904,3.004669,0.058319,1.073613,24,5920,2.997607,0.020926,22.738458,40,5880,2.995456,0.382187,0.410537,0.30755,0.612194
13,9243,2.993384,0.868407,15.805926,118,9893,3.002327,0.25672,65.560805,768,9125,2.998619,2.65211,0.639927,0.51513,0.951241
16,11392,3.00164,1.98826,107.447463,1888,10864,3.000094,0.556066,62.756303,1360,9504,2.996385,2.878193,0.787026,0.564155,0.989792
4,6780,2.99597,0.276308,0.973216,30,7980,3.009213,0.081121,102.156823,1230,6750,3.006122,0.952737,0.4696,0.416901,0.704672
4,5976,3.000226,0.10204,13.901957,256,5736,3.002309,0.014122,1.991301,16,5720,3.001017,0.374867,0.413158,0.29893,0.596705
9,13590,3.001161,10.839397,166.446428,4027,13122,2.997212,1.162696,179.914472,3559,9563,3.001914,2.921276,0.923622,0.681184,0.997607
19,6840,2.995629,0.204476,16.629793,29,6850,3.004695,0.023167,4.628157,39,6811,2.990878,0.739671,0.4741,0.35701,0.70824
7,5026,3.00488,0.03093,41.197726,192,4872,2.995136,0.000271,0.155857,38,4834,3.001978,0.161029,0.349534,0.252782,0.505051
2,1500,2.994531,0,49.217769,101,1408,3.01641,0,0.004462,9,1399,2.999892,0,0.103813,0.073578,0.145818
2,5068,2.997306,0.024204,17.861913,70,4998,2.991957,0.004578,1.833783,0,4998,3.001948,0.232299,0.35131,0.259615,0.520963
11,11385,3.010711,2.88215,124.746486,1855,11610,3.001834,0.8391,159.82531,2080,9530,2.998915,2.881165,0.792696,0.604109,0.993279
19,13547,2.998704,12.107434,231.64589,3986,13832,2.99895,1.64162,226.540726,4271,9561,3.002291,2.916802,0.932124,0.719913,0.997541
5,9940,3.007398,1.28051,29.302869,460,10080,2.998022,0.339554,47.18419,600,9480,2.995965,2.779004,0.691835,0.524268,0.987347
10,2181,3.001052,0,29.57186,146,2043,2.993645,0,9.777823,8,2035,2.988649,0,0.151444,0.106181,0.211808
14,9072,3.002932,0.729091,12.579377,312,9534,2.99908,0.313661,56.386998,774,8760,3.002493,2.241767,0.628232,0.496311,0.914344
10,7300,2.998967,0.261594,14.834308,10,7420,3.001908,0.059149,2.925281,130,7290,2.999089,1.115107,0.506747,0.386704,0.759187
13,11025,3.000198,1.831677,105.594197,1518,10530,3.005356,0.343265,81.753727,1023,9507,3.003142,2.898929,0.765676,0.549417,0.992307
8,5117,3.008866,0.026568,7.167682,27,5299,2.992078,0.001818,18.032627,209,5090,2.993586,0.199478,0.355616,0.27527,0.529875
10,2154,2.998651,0,15.464979,6,2238,3.007516,0,5.13944,90,2148,3.003888,0.00018,0.149516,0.116848,0.224328
18,13572,3.003447,9.730557,200.909001,4058,13410,2.997782,1.553794,228.165439,3896,9514,3.006442,2.895929,0.939893,0.697049,0.994603
16,11776,3.006399,2.792777,135.679257,2251,11376,2.993997,0.573183,119.660643,1851,9525,3.000896,2.908597,0.817764,0.589115,0.993789
16,10752,2.999237,2.287616,99.409366,1300,11328,3.001281,0.624831,106.638593,1876,9452,2.997088,2.892675,0.746451,0.590258,0.984959
19,14231,2.995154,36.080376,212.735867,4714,13680,2.994713,2.207317,185.738412,4163,9517,3.002175,2.890876,0.977183,0.708485,0.993236
14,11568,2.995606,2.456374,117.87276,2002,11824,2.999135,0.650696,130.503387,2258,9566,3.000866,2.933903,0.802044,0.611543,0.997682
18,12762,2.996274,4.56572,183.337155,3214,13230,2.994315,1.248036,229.217987,3682,9548,3.00131,2.923302,0.875801,0.687222,0.996096
19,13395,2.990809,7.459576,186.632039,3847,13813,3.001577,1.653618,212.778592,4265,9548,3.004836,2.911814,0.905969,0.717405,0.997275
