Demand,Total parts,Parts per hour,VA Time,Drilling Waiting Time,Milling Waiting Time,Assembly Waiting Time,Drilling Util,Milling Util,Assembly Util,,,,,,,,,,,,
7,3472,145,8.998139,0.411598,0,2.09364,0.482119,0.359941,0.719475,,,,,,,,,,,,
10,1458,61,9.000579,0.000584,0,0.039279,0.202219,0.150724,0.299455,,,,,,,,,,,,
2,1464,61,8.984631,0.013647,0,0.058197,0.204153,0.151821,0.302495,,,,,,,,,,,,
8,3480,145,9.000415,0.626821,0.000073,3.047472,0.479163,0.362638,0.721605,,,,,,,,,,,,
10,8143,339,8.985762,83.971458,0.000079,233.673981,0.995433,0.745514,0.994417,,,,,,,,,,,,
6,2958,123,8.983307,0.190516,0.000084,0.741479,0.409109,0.308102,0.607926,,,,,,,,,,,,
2,922,38,9.002477,0,0,0.000357,0.127754,0.095402,0.190317,,,,,,,,,,,,
6,3030,126,9.035409,0.264636,0.000037,1.157962,0.422867,0.31519,0.627349,,,,,,,,,,,,
17,7803,325,8.98709,53.236201,0.000024,219.306314,0.979099,0.731876,0.992179,,,,,,,,,,,,
16,4131,172,9.001365,0.826723,0.000001,6.946022,0.571191,0.427988,0.85379,,,,,,,,,,,,
4,2092,87,9.020185,0.019816,0,0.153087,0.292088,0.216512,0.432037,,,,,,,,,,,,
12,5712,238,8.998489,4.908336,0.000038,118.427709,0.790894,0.590711,0.99575,,,,,,,,,,,,
6,5269,220,9.004133,2.236432,0.000087,71.128177,0.726305,0.542872,0.988237,,,,,,,,,,,,
5,2270,95,9.036243,0.091429,0,0.357759,0.316335,0.23682,0.473072,,,,,,,,,,,,
8,8636,360,8.991529,108.131369,0.000041,236.804238,0.999941,0.743842,0.996165,,,,,,,,,,,,
2,1386,58,9.018523,0.000682,0,0.015698,0.192769,0.145122,0.287168,,,,,,,,,,,,
9,7344,306,9.006206,31.610951,0.000058,239.947839,0.999091,0.746205,0.995852,,,,,,,,,,,,
8,7616,317,9.002325,66.242791,0.00004,181.141261,0.951379,0.710286,0.996035,,,,,,,,,,,,
4,2008,84,8.989708,0.022936,0,0.139324,0.278298,0.207945,0.416241,,,,,,,,,,,,
18,3728,155,9.000396,0.571848,0,2.519463,0.517085,0.38609,0.763893,,,,,,,,,,,,
16,7680,320,9.003732,56.453788,0.000141,241.955886,0.999987,0.750827,0.996046,,,,,,,,,,,,
15,7410,309,8.998022,48.797612,0.000043,206.093647,0.974236,0.729839,0.995546,,,,,,,,,,,,
9,1365,57,9.029579,0,0,0.02481,0.189183,0.142027,0.284468,,,,,,,,,,,,
13,6175,257,9.022218,7.34948,0.000169,155.739977,0.856569,0.641707,0.990772,,,,,,,,,,,,
8,3872,161,8.976885,0.601187,0,3.263271,0.535599,0.39908,0.797875,,,,,,,,,,,,
17,8126,339,9.008416,114.087277,0.000012,236.834524,0.993243,0.741514,0.991931,,,,,,,,,,,,
14,1836,77,8.986777,0.009539,0,0.112631,0.254353,0.189797,0.383723,,,,,,,,,,,,
10,4960,207,9.023639,1.873902,0.000035,22.890805,0.686527,0.513606,0.959578,,,,,,,,,,,,
4,1964,82,8.992248,0.026173,0,0.179515,0.272089,0.205075,0.408118,,,,,,,,,,,,
17,8024,334,9.012646,76.449545,0.000026,182.874584,0.948249,0.707312,0.996323,,,,,,,,,,,,
11,5500,229,9.012214,2.276292,0.000146,79.141591,0.762687,0.570077,0.990119,,,,,,,,,,,,
16,8048,335,9.006199,84.544349,0.000086,237.19661,0.999102,0.748012,0.996187,,,,,,,,,,,,
6,3465,144,8.995316,0.442532,0,1.975277,0.482593,0.358895,0.713696,,,,,,,,,,,,
10,1581,66,9.010857,0.001334,0,0.039808,0.219105,0.16417,0.329167,,,,,,,,,,,,
9,4257,177,8.993856,0.978411,0.000048,6.160277,0.591483,0.443105,0.874645,,,,,,,,,,,,
2,956,40,8.977963,0,0,0,0.132192,0.098258,0.197601,,,,,,,,,,,,
8,3736,156,8.996723,0.677478,0.000013,4.244157,0.517548,0.387497,0.774677,,,,,,,,,,,,
5,2260,94,8.99481,0.102252,0,0.539239,0.313565,0.235815,0.466615,,,,,,,,,,,,
18,8280,345,8.999476,129.751242,0.000038,236.249655,0.999857,0.746359,0.996106,,,,,,,,,,,,
8,3584,149,9.015113,0.607945,0.000123,3.180447,0.49479,0.371992,0.743122,,,,,,,,,,,,
14,6468,270,9.010321,7.585263,0.000163,190.37703,0.896911,0.670809,0.992831,,,,,,,,,,,,
19,6032,251,8.992894,5.242512,0.000124,121.366354,0.820942,0.614364,0.996003,,,,,,,,,,,,
11,5599,233,9.012568,2.332223,0.000097,78.154355,0.773812,0.579997,0.995897,,,,,,,,,,,,
12,487,20,8.952785,0,0,0,0.06661,0.050608,0.100663,,,,,,,,,,,,
17,3381,141,8.991677,0.375394,0.000128,1.637657,0.468111,0.349532,0.698473,,,,,,,,,,,,
7,7238,302,8.996566,14.901288,0.000044,226.350558,0.988158,0.739341,0.995992,,,,,,,,,,,,
8,3904,163,8.989887,0.776433,0.000203,3.018205,0.537983,0.403008,0.806973,,,,,,,,,,,,
3,4212,176,9.006867,1.23362,0.000125,5.014018,0.584537,0.439236,0.867568,,,,,,,,,,,,
14,6370,265,8.992625,10.877314,0.000043,164.41597,0.877206,0.655794,0.995961,,,,,,,,,,,,
3,1398,58,8.99106,0.005444,0,0.039978,0.193675,0.145258,0.288055,,,,,,,,,,,,
13,6292,262,9.004667,6.389373,0.000122,162.370459,0.862454,0.64808,0.995822,,,,,,,,,,,,
4,2000,83,9.004781,0.018639,0,0.144254,0.278658,0.208228,0.413588,,,,,,,,,,,,
9,4356,182,8.991968,1.104764,0.000064,8.002705,0.602963,0.452007,0.891916,,,,,,,,,,,,
18,1976,82,8.993498,0.022328,0,0.166376,0.274778,0.205057,0.407595,,,,,,,,,,,,
15,7245,302,8.998229,31.820421,0.000106,219.723525,0.98325,0.734053,0.996097,,,,,,,,,,,,
5,2500,104,8.987682,0.065359,0,0.341724,0.344575,0.258675,0.515702,,,,,,,,,,,,
17,2004,84,8.989259,0.027683,0,0.132351,0.276675,0.207977,0.414799,,,,,,,,,,,,
17,5654,236,8.987795,3.74283,0.000071,106.106165,0.783026,0.587081,0.995967,,,,,,,,,,,,
6,6804,284,9.006253,15.192938,0.000021,160.022884,0.908829,0.677079,0.987737,,,,,,,,,,,,
14,3312,138,8.993716,0.543663,0.000023,2.357629,0.459665,0.345232,0.688019,,,,,,,,,,,,
10,5376,224,9.002039,3.622055,0.000075,120.647136,0.744554,0.559495,0.988792,,,,,,,,,,,,
14,9380,391,9.002428,192.793219,0.000052,240.30315,0.998561,0.746426,0.995976,,,,,,,,,,,,
14,4780,199,8.992627,1.680043,0,32.758098,0.663116,0.495284,0.968205,,,,,,,,,,,,
14,7098,296,9.017667,15.518848,0.000062,185.180248,0.946176,0.70882,0.994897,,,,,,,,,,,,
18,7776,324,8.992515,52.019954,0.000225,238.177683,0.999999,0.747853,0.995976,,,,,,,,,,,,
10,2470,103,8.989609,0.111271,0,0.435048,0.341166,0.25663,0.513063,,,,,,,,,,,,
7,4430,185,8.995827,1.447998,0.000043,8.858585,0.61185,0.455784,0.907043,,,,,,,,,,,,
8,3360,140,9.006381,0.370432,0,1.415096,0.466576,0.349693,0.695851,,,,,,,,,,,,
16,5423,226,8.997648,3.218267,0.000031,69.315733,0.753193,0.564043,0.995964,,,,,,,,,,,,
8,3760,157,8.998063,0.70759,0.000006,2.213333,0.521313,0.391434,0.778221,,,,,,,,,,,,
8,3968,165,8.988611,0.827175,0.000042,4.682688,0.550368,0.410763,0.818683,,,,,,,,,,,,
12,5916,247,9.010251,4.531117,0.000053,125.284507,0.818518,0.614399,0.991831,,,,,,,,,,,,
14,1880,78,8.999938,0.005949,0,0.081778,0.260837,0.195404,0.390673,,,,,,,,,,,,
13,5928,247,8.989924,6.280852,0.000026,171.869394,0.820622,0.612635,0.994253,,,,,,,,,,,,
9,4761,198,9.00345,1.51736,0.000183,19.46692,0.660283,0.493507,0.966198,,,,,,,,,,,,
2,7973,332,9.009155,71.311009,0.000013,237.319029,0.998359,0.744947,0.995735,,,,,,,,,,,,
8,4064,169,8.997259,0.814063,0.000009,4.484148,0.563716,0.421685,0.833619,,,,,,,,,,,,
14,7776,324,8.999397,61.65772,0.000046,233.153729,0.994171,0.742496,0.991519,,,,,,,,,,,,
10,4780,199,8.997416,1.607289,0,20.735221,0.663434,0.495384,0.953122,,,,,,,,,,,,
5,2285,95,9.010764,0.088014,0,0.375817,0.317743,0.237378,0.475093,,,,,,,,,,,,
19,9272,386,9.008858,143.317604,0,236.059838,0.99998,0.74588,0.996035,,,,,,,,,,,,
9,922,38,9.031001,0,0,0.003995,0.12787,0.096784,0.192173,,,,,,,,,,,,
17,8432,351,8.980815,110.88509,0.000071,240.276141,0.999999,0.746954,0.996124,,,,,,,,,,,,
12,6266,261,9.006786,6.313204,0.000017,178.046596,0.86773,0.649547,0.995944,,,,,,,,,,,,
7,3136,131,9.008814,0.420528,0.00005,1.386191,0.436772,0.326793,0.65087,,,,,,,,,,,,
5,2850,119,8.996366,0.218992,0.000025,0.941714,0.394757,0.296573,0.591117,,,,,,,,,,,,
16,932,39,8.988928,0,0,0.001414,0.129129,0.096503,0.191837,,,,,,,,,,,,
9,4590,191,9.008812,1.458263,0.000025,15.521092,0.635642,0.474098,0.941281,,,,,,,,,,,,
4,2690,112,8.994455,0.102323,0,0.600989,0.371242,0.278416,0.558051,,,,,,,,,,,,
3,1419,59,8.988678,0.000481,0,0.029838,0.196973,0.147462,0.294827,,,,,,,,,,,,
1,495,21,9.001658,0,0,0,0.068942,0.051031,0.103166,,,,,,,,,,,,
20,9420,393,8.982763,182.915616,0.000062,237.471925,0.999999,0.748289,0.996057,,,,,,,,,,,,
18,8190,341,9.01123,89.57336,0.00004,231.711537,0.992402,0.742271,0.994533,,,,,,,,,,,,
11,484,20,9.023665,0,0,0,0.06782,0.050209,0.100801,,,,,,,,,,,,
13,5564,232,8.997846,4.170909,0.00001,81.507458,0.762019,0.56819,0.991544,,,,,,,,,,,,
7,3668,153,9.000874,0.60786,0.000076,4.954505,0.508514,0.378916,0.755395,,,,,,,,,,,,
18,4212,176,8.991257,1.141023,0.000052,6.068069,0.582665,0.436838,0.870536,,,,,,,,,,,,
17,8381,349,8.99957,113.740882,0.000205,238.024517,0.999999,0.748328,0.995947,,,,,,,,,,,,
2,1840,77,9.00547,0.012652,0,0.142778,0.256124,0.191014,0.381235,,,,,,,,,,,,
4,2032,85,9.011329,0.03973,0,0.205294,0.28249,0.211942,0.421186,,,,,,,,,,,,
8,3520,147,8.986222,0.492399,0.000006,2.478999,0.48889,0.36528,0.725756,,,,,,,,,,,,
5,2590,108,9.028146,0.131595,0,0.520603,0.362263,0.27107,0.538277,,,,,,,,,,,,
9,2375,99,8.992774,0.07709,0,0.351789,0.329276,0.245131,0.492141,,,,,,,,,,,,
6,7837,327,8.990807,55.197145,0,238.172337,0.999984,0.745468,0.996081,,,,,,,,,,,,
11,1924,80,9.005331,0.015448,0,0.104138,0.268653,0.197975,0.398371,,,,,,,,,,,,
2,1024,43,8.975803,0,0,0.001964,0.141031,0.10635,0.21175,,,,,,,,,,,,
12,5832,243,9.004749,5.333141,0.000128,164.784353,0.807132,0.603367,0.987524,,,,,,,,,,,,
18,2814,117,9.002685,0.142632,0,0.555744,0.390671,0.291493,0.586555,,,,,,,,,,,,
4,4763,198,8.98873,1.853441,0.000012,15.815145,0.658342,0.493123,0.973,,,,,,,,,,,,
17,7820,326,9.007543,54.098669,0.000135,210.089981,0.973252,0.727894,0.99594,,,,,,,,,,,,
15,6960,290,8.986023,16.3945,0.000093,216.677242,0.963573,0.720215,0.992237,,,,,,,,,,,,
15,6960,290,8.995272,14.72311,0.00001,236.84178,0.961433,0.718128,0.994019,,,,,,,,,,,,
18,5093,212,8.993478,2.250186,0.00001,77.129652,0.705661,0.526592,0.983382,,,,,,,,,,,,
7,3395,141,9.001029,0.405876,0,2.246773,0.47117,0.35081,0.697705,,,,,,,,,,,,
2,924,39,9.028481,0,0,0.003613,0.12775,0.096208,0.191725,,,,,,,,,,,,
14,6734,281,9.014627,9.860697,0.000069,188.596188,0.928824,0.696945,0.994524,,,,,,,,,,,,
4,1892,79,8.996459,0.019035,0,0.13431,0.261956,0.195656,0.390189,,,,,,,,,,,,
4,2012,84,8.995762,0.030345,0,0.182683,0.279044,0.209486,0.418729,,,,,,,,,,,,
18,7794,325,9.002558,68.69455,0.000019,236.093436,0.997116,0.744247,0.995129,,,,,,,,,,,,
12,6024,251,9.000273,5.006913,0.000029,168.389005,0.833218,0.624063,0.995896,,,,,,,,,,,,
12,6300,263,8.998929,11.172901,0.000081,181.905663,0.872861,0.651882,0.993004,,,,,,,,,,,,
12,5448,227,8.993197,3.430091,0.000056,92.444507,0.74867,0.560127,0.9942,,,,,,,,,,,,
11,5269,220,8.986938,2.843201,0.000014,77.554959,0.729558,0.546826,0.993471,,,,,,,,,,,,
5,2365,99,8.989744,0.108218,0,0.447508,0.327761,0.246406,0.489638,,,,,,,,,,,,
10,8172,341,9.00452,86.003608,0.000079,225.136864,0.988197,0.738302,0.996095,,,,,,,,,,,,
6,2435,101,9.01299,0.098701,0,0.395065,0.338128,0.252872,0.50556,,,,,,,,,,,,
17,8364,349,9.004231,97.455343,0.000039,239.575772,0.999999,0.749254,0.996312,,,,,,,,,,,,
2,954,40,9.042904,0,0,0,0.133092,0.098832,0.19662,,,,,,,,,,,,
8,3808,159,9.012862,0.691221,0.00003,4.577565,0.524758,0.39584,0.788933,,,,,,,,,,,,
15,7065,294,8.990218,15.610092,0.000015,202.098194,0.954851,0.712818,0.995832,,,,,,,,,,,,
8,7504,313,8.99642,87.337959,0.000075,201.610196,0.973277,0.727524,0.995697,,,,,,,,,,,,
9,4500,188,8.996561,1.294536,0.000074,16.880191,0.625106,0.465774,0.915698,,,,,,,,,,,,
16,2742,114,9.005865,0.218982,0.000001,0.947797,0.378302,0.284714,0.566678,,,,,,,,,,,,
7,9440,393,8.997657,217.78864,0.000085,232.387327,0.996198,0.745661,0.995879,,,,,,,,,,,,
2,4419,184,9.000917,1.265662,0.000042,8.259281,0.613698,0.459905,0.899859,,,,,,,,,,,,
18,9424,393,9.000021,174.868809,0.000042,240.561497,0.999999,0.746736,0.995975,,,,,,,,,,,,
14,6916,288,8.999041,15.139127,0.000034,191.825592,0.939435,0.699545,0.99578,,,,,,,,,,,,
18,9640,402,9.010504,170.591402,0.000005,237.060405,0.99899,0.749993,0.99594,,,,,,,,,,,,
2,934,39,8.986,0,0,0,0.129136,0.097087,0.194723,,,,,,,,,,,,
7,3030,126,9.012087,0.243722,0,1.028269,0.420966,0.316197,0.632508,,,,,,,,,,,,
1,460,19,8.976784,0,0,0,0.06358,0.047443,0.09604,,,,,,,,,,,,
3,1575,66,9.002665,0.002777,0,0.056414,0.21767,0.163809,0.326026,,,,,,,,,,,,
8,3776,157,9.003371,1.013908,0.000001,5.418182,0.522684,0.390354,0.775911,,,,,,,,,,,,
14,6398,267,8.979747,10.11032,0.00005,208.082736,0.887585,0.663685,0.995939,,,,,,,,,,,,
11,3728,155,9.017163,0.757451,0.000008,3.048745,0.519197,0.386767,0.770213,,,,,,,,,,,,
12,5520,230,8.973169,2.904039,0.00002,114.388264,0.764729,0.57219,0.982467,,,,,,,,,,,,
5,2370,99,8.997517,0.069585,0,0.42354,0.328326,0.246531,0.492455,,,,,,,,,,,,
17,8143,339,8.989789,84.56883,0.000052,240.926505,0.999595,0.748735,0.99579,,,,,,,,,,,,
17,8279,345,9.000417,122.212786,0.000118,227.115,0.992856,0.742784,0.996021,,,,,,,,,,,,
7,3563,148,8.988901,0.413837,0,2.139567,0.493374,0.370083,0.737828,,,,,,,,,,,,
17,8279,345,8.988742,98.883723,0.00002,225.373773,0.99015,0.740722,0.993823,,,,,,,,,,,,
1,493,21,8.999612,0,0,0,0.068752,0.051355,0.101645,,,,,,,,,,,,
8,3800,158,8.997335,0.685725,0.000005,3.229078,0.526994,0.395356,0.783963,,,,,,,,,,,,
8,3944,164,9.011238,1.024137,0.000006,4.522888,0.54717,0.409399,0.813454,,,,,,,,,,,,
13,6678,278,9.006387,34.184267,0.00005,174.223851,0.92902,0.692359,0.98552,,,,,,,,,,,,
10,4790,200,9.012394,2.367098,0.00005,34.875979,0.665189,0.497739,0.969701,,,,,,,,,,,,
15,6690,279,9.003471,13.028107,0.000037,196.316495,0.926121,0.696767,0.993853,,,,,,,,,,,,
2,956,40,8.989785,0,0,0.002356,0.132592,0.098819,0.197249,,,,,,,,,,,,
15,3768,157,8.976563,0.536335,0,2.491791,0.522425,0.391331,0.778483,,,,,,,,,,,,
11,7939,331,9.001783,96.830584,0.000148,225.302158,0.989734,0.740929,0.99603,,,,,,,,,,,,
5,2380,99,9.002072,0.054086,0,0.407971,0.330383,0.245334,0.489338,,,,,,,,,,,,
15,6762,282,9.000313,15.01814,0.00007,184.985724,0.92574,0.692863,0.995756,,,,,,,,,,,,
11,1856,77,8.984377,0.016016,0,0.11354,0.257938,0.192221,0.386516,,,,,,,,,,,,
16,8048,335,8.991997,83.272243,0.000167,234.287982,0.997549,0.745946,0.996021,,,,,,,,,,,,
5,2485,104,8.997222,0.059601,0,0.415829,0.342961,0.25741,0.512084,,,,,,,,,,,,
1,431,18,8.954249,0,0,0,0.059771,0.044539,0.088929,,,,,,,,,,,,
2,908,38,8.999154,0,0,0.001291,0.12572,0.094952,0.18794,,,,,,,,,,,,
14,7605,317,9.002554,51.873253,0.000023,236.379127,0.99864,0.747295,0.996112,,,,,,,,,,,,
14,6496,271,8.990294,13.557109,0.000006,201.91094,0.883321,0.659588,0.993197,,,,,,,,,,,,
10,5328,222,8.989253,5.187233,0.00008,43.766819,0.728456,0.543505,0.97763,,,,,,,,,,,,
14,7364,307,9.00712,32.947665,0.000207,225.9617,0.986775,0.738936,0.991182,,,,,,,,,,,,
11,2814,117,9.003938,0.207995,0,0.92131,0.389117,0.29427,0.586337,,,,,,,,,,,,
19,9158,382,8.988213,157.089112,0.00003,238.090286,0.999999,0.749918,0.995838,,,,,,,,,,,,
15,1002,42,8.982254,0,0,0.002262,0.13869,0.103915,0.206573,,,,,,,,,,,,
12,1341,56,9.012651,0.00391,0,0.032511,0.186459,0.140282,0.279115,,,,,,,,,,,,
13,6253,261,8.998941,9.807496,0.000024,188.255908,0.865567,0.646558,0.995893,,,,,,,,,,,,
18,9036,377,9.006985,142.83899,0.000055,239.401469,0.999999,0.748306,0.996038,,,,,,,,,,,,
12,8500,354,8.98798,125.87986,0.000062,235.940332,0.99779,0.74512,0.995988,,,,,,,,,,,,
2,7992,333,9.002181,70.328151,0.000039,224.73498,0.989862,0.738708,0.994845,,,,,,,,,,,,
14,5664,236,8.996964,3.58681,0.000054,117.544192,0.781224,0.584703,0.988042,,,,,,,,,,,,
15,1419,59,9.003381,0.001605,0,0.034756,0.196623,0.148786,0.29412,,,,,,,,,,,,
4,8778,366,8.977548,133.880611,0.000033,238.308483,0.999999,0.749271,0.996163,,,,,,,,,,,,
17,7582,316,8.988626,36.058824,0.000123,235.876092,0.994948,0.743926,0.9942,,,,,,,,,,,,
3,4670,195,9.012128,1.7748,0,10.583368,0.645762,0.482672,0.953152,,,,,,,,,,,,
14,1940,81,9.02407,0.024047,0,0.120968,0.269194,0.201453,0.404949,,,,,,,,,,,,
17,5291,220,9.019213,2.44389,0.000038,84.755454,0.734753,0.550955,0.992407,,,,,,,,,,,,
7,7046,294,8.975505,14.683042,0.000115,178.314133,0.947777,0.710714,0.994015,,,,,,,,,,,,
7,4610,192,9.008537,1.506322,0.000178,22.121039,0.637274,0.476899,0.945434,,,,,,,,,,,,
20,9860,411,9.009166,232.922438,0.000062,237.959547,0.999134,0.74735,0.995959,,,,,,,,,,,,
4,5060,211,9.037643,1.966326,0.000032,36.003252,0.701129,0.527635,0.990689,,,,,,,,,,,,
4,1736,72,9.004418,0.015481,0.000009,0.129448,0.241493,0.179819,0.363654,,,,,,,,,,,,
7,3465,144,8.980679,0.460948,0,1.861665,0.479727,0.358579,0.716004,,,,,,,,,,,,
14,5632,235,8.997566,2.735437,0.000043,127.229601,0.781845,0.584317,0.995898,,,,,,,,,,,,
7,3157,132,9.005441,0.359789,0,1.326409,0.439001,0.326942,0.652819,,,,,,,,,,,,
15,6149,256,8.995041,7.801534,0.000041,157.964712,0.851509,0.636074,0.996112,,,,,,,,,,,,
5,2390,100,8.968353,0.139213,0.000002,0.534084,0.330444,0.246905,0.49038,,,,,,,,,,,,
13,8514,355,8.983082,107.367382,0.000072,237.801555,0.998398,0.746402,0.995943,,,,,,,,,,,,
17,9101,379,8.993893,167.823708,0.000008,237.772196,0.998739,0.74641,0.996127,,,,,,,,,,,,
1,490,20,9.065676,0,0,0,0.068528,0.05177,0.101893,,,,,,,,,,,,
2,4374,182,9.013833,1.437436,0.000104,9.661108,0.60719,0.455155,0.899733,,,,,,,,,,,,
7,4900,204,8.988334,1.443341,0.00013,46.005502,0.677637,0.507467,0.994144,,,,,,,,,,,,
18,8820,368,9.004992,81.713816,0.000003,221.054568,0.982543,0.736253,0.993549,,,,,,,,,,,,
19,5592,233,8.974793,2.60244,0.000067,112.778695,0.768967,0.57666,0.985182,,,,,,,,,,,,
18,9378,391,9.002655,143.096602,0.000056,231.759468,0.996129,0.746427,0.996046,,,,,,,,,,,,
17,4014,167,8.996094,0.94625,0.000004,4.710408,0.557449,0.417823,0.835107,,,,,,,,,,,,
18,8658,361,8.988906,79.778608,0.000026,239.138211,0.997316,0.74683,0.995226,,,,,,,,,,,,
9,4527,189,8.996914,1.25649,0.000037,10.705859,0.628254,0.471597,0.92898,,,,,,,,,,,,
12,5616,234,9.007109,4.02034,0.000037,113.755962,0.778572,0.584148,0.993347,,,,,,,,,,,,
7,3115,130,9.021364,0.323203,0,1.233726,0.430443,0.321805,0.64191,,,,,,,,,,,,
16,3304,138,9.000945,0.507788,0.000006,1.632776,0.457751,0.344915,0.685662,,,,,,,,,,,,
5,6305,263,9.000896,10.239984,0.000033,139.091267,0.865496,0.646705,0.99588,,,,,,,,,,,,
3,2385,99,9.016328,0.082489,0,0.527891,0.332164,0.248738,0.497404,,,,,,,,,,,,
20,8784,366,8.998347,135.209072,0.000145,234.2636,0.996439,0.747201,0.996021,,,,,,,,,,,,
13,1852,77,8.989174,0.014693,0,0.135777,0.256518,0.192551,0.381318,,,,,,,,,,,,
6,2964,124,8.994708,0.250653,0,1.174495,0.411463,0.308029,0.610763,,,,,,,,,,,,
19,1479,62,8.973684,0.000096,0,0.0249,0.205375,0.152588,0.303682,,,,,,,,,,,,
5,1964,82,9.000607,0.034177,0,0.148312,0.271523,0.202428,0.405519,,,,,,,,,,,,
17,8024,334,8.991402,69.386089,0.000028,240.1023,0.998761,0.747149,0.995724,,,,,,,,,,,,
12,6024,251,8.983074,5.013412,0.000136,121.162931,0.822376,0.611155,0.996119,,,,,,,,,,,,
11,5764,240,8.995505,3.584304,0.000058,107.319057,0.796727,0.595289,0.990834,,,,,,,,,,,,
6,2988,125,8.994019,0.202539,0,0.829573,0.414864,0.310598,0.61826,,,,,,,,,,,,
19,8854,369,9.002796,124.814167,0.00008,222.287207,0.988774,0.740979,0.996014,,,,,,,,,,,,
4,1748,73,9.007216,0.035728,0,0.165489,0.24197,0.181512,0.363634,,,,,,,,,,,,
9,2200,92,9.015748,0.039174,0,0.254229,0.306079,0.229446,0.457387,,,,,,,,,,,,
18,2360,98,9.001245,0.066944,0.000024,0.307568,0.32604,0.244072,0.491244,,,,,,,,,,,,
1,488,20,9.01024,0,0,0,0.067697,0.050162,0.102371,,,,,,,,,,,,
5,2420,101,9.010789,0.067761,0,0.395405,0.336177,0.25224,0.503283,,,,,,,,,,,,
9,4230,176,9.007808,0.830492,0.000151,5.464334,0.583994,0.438082,0.875352,,,,,,,,,,,,
17,1904,79,9.007543,0.033246,0.000005,0.15929,0.264554,0.198737,0.394557,,,,,,,,,,,,
15,4208,175,9.00101,0.823466,0.000026,4.331116,0.582543,0.434397,0.859208,,,,,,,,,,,,
7,3192,133,8.99022,0.316086,0,1.312263,0.443963,0.332002,0.661164,,,,,,,,,,,,
5,469,20,9.003745,0,0,0,0.064855,0.048467,0.097998,,,,,,,,,,,,
17,4401,183,9.021565,1.518229,0.000002,14.682295,0.610489,0.458818,0.916669,,,,,,,,,,,,
1,5808,242,9.000844,4.388801,0.000007,107.544531,0.803169,0.601528,0.995867,,,,,,,,,,,,
9,6216,259,8.987772,6.039365,0.000082,168.752327,0.854397,0.639195,0.995974,,,,,,,,,,,,
11,5005,209,9.014925,2.457765,0.000209,52.820751,0.696503,0.521212,0.980298,,,,,,,,,,,,
6,5964,249,9.010589,3.162139,0.000087,132.478436,0.816016,0.609193,0.993678,,,,,,,,,,,,
13,4221,176,8.989494,1.070003,0.00002,6.12203,0.584471,0.437339,0.869671,,,,,,,,,,,,
9,4572,191,8.991811,1.074882,0.000013,17.746677,0.629574,0.472201,0.937393,,,,,,,,,,,,
8,8534,356,9.006797,144.374922,0.000174,238.352257,0.992938,0.743063,0.990039,,,,,,,,,,,,
3,7365,307,8.984255,37.656915,0.000117,226.871112,0.988122,0.740112,0.99231,,,,,,,,,,,,
2,8048,335,8.986475,94.604037,0.00002,225.058584,0.984747,0.736491,0.991467,,,,,,,,,,,,
16,990,41,9.014674,0,0,0.000651,0.137539,0.103925,0.204019,,,,,,,,,,,,
17,982,41,8.981174,0,0,0.001483,0.135959,0.101656,0.205174,,,,,,,,,,,,
12,5616,234,8.981977,3.067261,0.000285,96.680069,0.778048,0.581944,0.996075,,,,,,,,,,,,
2,1010,42,9.016751,0,0,0.000078,0.140099,0.10523,0.208485,,,,,,,,,,,,
9,8712,363,9.011257,110.131946,0.00004,238.832628,0.999999,0.75019,0.996109,,,,,,,,,,,,
1,471,20,8.947938,0,0,0,0.065018,0.047723,0.09623,,,,,,,,,,,,
7,3493,146,8.996818,0.435751,0,2.138699,0.482435,0.364142,0.726396,,,,,,,,,,,,
9,4275,178,8.982374,0.944609,0.000119,4.943338,0.592085,0.444743,0.881912,,,,,,,,,,,,
18,8298,346,9.018319,83.624351,0.000083,224.449082,0.981054,0.732974,0.985968,,,,,,,,,,,,
20,9200,383,9.007854,167.875277,0.000006,234.856511,0.989287,0.743209,0.988425,,,,,,,,,,,,
16,8143,339,9.003315,75.991533,0.00008,235.16025,0.999359,0.747294,0.99604,,,,,,,,,,,,
16,9709,405,8.987153,194.790877,0.00004,236.58242,0.994093,0.745008,0.991909,,,,,,,,,,,,
4,1952,81,9.027795,0.026772,0,0.130909,0.27223,0.20315,0.405156,,,,,,,,,,,,
16,3465,144,8.989156,0.496075,0,1.797552,0.480411,0.359084,0.71684,,,,,,,,,,,,
17,8032,335,8.9873,84.412063,0.000095,236.116973,0.999607,0.746486,0.996002,,,,,,,,,,,,
7,6496,271,9.012749,10.832423,0.000021,154.350152,0.904636,0.675759,0.99585,,,,,,,,,,,,
13,10060,419,9.007462,171.281211,0.000069,241.028341,0.999964,0.749979,0.996103,,,,,,,,,,,,
8,3800,158,9.002901,0.652623,0,3.325859,0.52869,0.395863,0.787991,,,,,,,,,,,,
17,7650,319,9.001025,31.890054,0.00013,220.682181,0.983364,0.73571,0.994869,,,,,,,,,,,,
13,6958,290,8.99769,14.560175,0.000154,224.422452,0.953947,0.714643,0.994646,,,,,,,,,,,,
3,1924,80,8.968736,0.03294,0,0.132102,0.26561,0.198715,0.397971,,,,,,,,,,,,
7,8075,336,8.994737,91.344712,0.000063,228.88063,0.992684,0.740826,0.995108,,,,,,,,,,,,
16,2724,114,9.013251,0.195437,0,0.815837,0.377558,0.283556,0.566417,,,,,,,,,,,,
4,3514,146,9.000092,0.467749,0,2.345636,0.484401,0.361643,0.719122,,,,,,,,,,,,
13,6344,264,8.998438,12.163344,0.000098,187.053413,0.880682,0.656756,0.994923,,,,,,,,,,,,
3,6790,283,9.014085,11.953584,0.00017,228.245264,0.92732,0.695075,0.99615,,,,,,,,,,,,
20,9440,393,8.99371,162.803785,0.000049,237.831712,0.999999,0.749314,0.995957,,,,,,,,,,,,
10,4690,195,8.994372,1.185468,0.000006,22.255194,0.645655,0.486358,0.951467,,,,,,,,,,,,
16,7040,293,8.996125,24.093846,0.000031,175.363276,0.935844,0.700114,0.995427,,,,,,,,,,,,
20,9940,414,9.005233,240.251446,0.000055,230.468508,0.99415,0.743869,0.996065,,,,,,,,,,,,
7,6474,270,8.994533,9.408974,0.000134,172.211919,0.881378,0.659114,0.983782,,,,,,,,,,,,
12,5580,233,9.014227,4.256547,0.000012,87.060483,0.769124,0.575962,0.992881,,,,,,,,,,,,
3,8854,369,8.9971,133.560519,0.000041,235.380221,0.997252,0.747493,0.9949,,,,,,,,,,,,
5,8968,374,9.000043,134.985813,0.000069,235.936673,0.996473,0.746985,0.996024,,,,,,,,,,,,
13,5484,229,8.995288,7.748776,0.000017,61.24704,0.762492,0.568953,0.982237,,,,,,,,,,,,
16,7232,301,8.991791,25.272493,0.000168,203.542144,0.950431,0.711851,0.996028,,,,,,,,,,,,
6,1494,62,9.041843,0.000861,0,0.036434,0.20913,0.156063,0.311131,,,,,,,,,,,,
8,1434,60,8.942088,0,0,0.04144,0.196924,0.14775,0.296253,,,,,,,,,,,,
18,7866,328,9.006145,59.303392,0.000022,222.764859,0.986241,0.738029,0.996009,,,,,,,,,,,,
8,2495,104,8.992925,0.074135,0,0.456206,0.345851,0.258399,0.513417,,,,,,,,,,,,
9,3848,160,9.001269,0.715587,0.000061,3.384057,0.53308,0.398052,0.797969,,,,,,,,,,,,
14,7380,308,8.992783,28.14664,0.000067,231.206714,0.990985,0.741576,0.996124,,,,,,,,,,,,
9,4464,186,8.989895,1.246846,0.000123,17.097456,0.615986,0.461537,0.901005,,,,,,,,,,,,
2,934,39,8.989712,0,0,0,0.129277,0.097238,0.194322,,,,,,,,,,,,
15,1422,59,8.998706,0.003445,0,0.043274,0.197164,0.147197,0.29516,,,,,,,,,,,,
9,4410,184,8.997546,1.460772,0.000119,11.990973,0.612207,0.456399,0.913255,,,,,,,,,,,,
6,2694,112,8.995953,0.127492,0,0.540725,0.373649,0.281399,0.557122,,,,,,,,,,,,
13,7065,294,9.007483,19.153359,0.000103,229.427463,0.967575,0.725359,0.995261,,,,,,,,,,,,
12,9766,407,8.994638,218.052585,0.0001,238.39415,0.999969,0.746997,0.99606,,,,,,,,,,,,
19,944,39,9.040988,0,0,0,0.131124,0.098689,0.196164,,,,,,,,,,,,
18,8384,349,8.993956,137.678571,0.000109,202.547876,0.970636,0.726673,0.995958,,,,,,,,,,,,
9,9557,398,9.005477,174.39904,0.000027,240.350397,0.999999,0.746753,0.995916,,,,,,,,,,,,
7,4048,169,8.990536,0.928846,0.000153,3.57188,0.561392,0.419207,0.83715,,,,,,,,,,,,
4,1940,81,8.993468,0.017247,0,0.154022,0.27015,0.201557,0.40233,,,,,,,,,,,,
7,3402,142,9.001596,0.309133,0,1.348879,0.473617,0.352405,0.705307,,,,,,,,,,,,
6,1828,76,8.965233,0.024966,0,0.125512,0.253025,0.188365,0.375941,,,,,,,,,,,,
13,5876,245,8.972596,5.613499,0.000003,136.287889,0.812627,0.606261,0.995802,,,,,,,,,,,,
19,6084,254,8.985831,6.400133,0.000038,161.01171,0.84348,0.631629,0.990793,,,,,,,,,,,,
6,2850,119,8.999044,0.160286,0,0.659835,0.393834,0.296261,0.594619,,,,,,,,,,,,
4,1880,78,8.986065,0.01587,0,0.123343,0.260868,0.195406,0.389594,,,,,,,,,,,,
5,2480,103,9.011474,0.12332,0,0.474394,0.343836,0.257611,0.511786,,,,,,,,,,,,
11,5214,217,9.006165,2.646685,0.000077,78.559414,0.727101,0.540259,0.974227,,,,,,,,,,,,
8,8075,336,8.991244,107.340261,0.000084,224.847836,0.986306,0.737828,0.989997,,,,,,,,,,,,
13,6526,272,8.998715,8.983874,0.000124,171.966552,0.895928,0.668977,0.979879,,,,,,,,,,,,
17,474,20,8.977259,0,0,0,0.066026,0.048896,0.098489,,,,,,,,,,,,
17,8296,346,9.021678,153.433453,0.000075,235.154606,0.998838,0.747297,0.995605,,,,,,,,,,,,
9,3960,165,9.002007,1.149285,0,3.732401,0.549574,0.413033,0.813286,,,,,,,,,,,,
16,1000,42,8.977706,0,0,0,0.138381,0.103653,0.207328,,,,,,,,,,,,
18,1844,77,8.996468,0.025235,0,0.140549,0.25557,0.191543,0.380558,,,,,,,,,,,,
19,8778,366,8.997288,144.318028,0.000041,237.369176,0.999787,0.749364,0.996056,,,,,,,,,,,,
6,3024,126,9.008956,0.227861,0,0.99921,0.419509,0.31216,0.6223,,,,,,,,,,,,
12,2450,102,8.990117,0.104641,0,0.346846,0.338922,0.252548,0.502287,,,,,,,,,,,,
16,479,20,8.980452,0,0,0,0.066299,0.049834,0.099151,,,,,,,,,,,,
4,1768,74,8.961662,0.027885,0,0.186331,0.244927,0.183228,0.363642,,,,,,,,,,,,
6,3126,130,8.979438,0.22241,0,1.156369,0.431723,0.323849,0.645623,,,,,,,,,,,,
14,2530,105,9.01351,0.069976,0,0.418354,0.351711,0.264052,0.527238,,,,,,,,,,,,
19,928,39,9.012218,0,0,0.000675,0.128579,0.096796,0.192639,,,,,,,,,,,,
10,7123,297,8.989881,31.14381,0.000029,190.023554,0.95354,0.71358,0.996159,,,,,,,,,,,,
13,6201,258,8.994117,6.359846,0.000231,156.199399,0.859681,0.645234,0.99486,,,,,,,,,,,,
5,2850,119,9.007361,0.258696,0,1.058012,0.39434,0.294445,0.588655,,,,,,,,,,,,
20,926,39,9.017465,0,0,0,0.128146,0.096896,0.191594,,,,,,,,,,,,
16,3213,134,8.989389,0.312924,0,1.344186,0.444506,0.333434,0.663245,,,,,,,,,,,,
8,4056,169,8.996854,0.849755,0.000003,4.397433,0.561459,0.420795,0.840988,,,,,,,,,,,,
15,5244,219,8.990778,2.958179,0.000011,47.931402,0.721253,0.540154,0.984005,,,,,,,,,,,,
8,3744,156,8.997975,0.562994,0.000058,2.445786,0.519958,0.388384,0.777043,,,,,,,,,,,,
18,8514,355,8.990399,112.146213,0.000079,239.36774,0.999999,0.746509,0.996072,,,,,,,,,,,,
7,5240,218,9.014402,1.742118,0.000078,69.034789,0.728727,0.54573,0.991923,,,,,,,,,,,,
11,5159,215,8.993242,2.8813,0.00006,63.342276,0.714552,0.537286,0.976146,,,,,,,,,,,,
4,8160,340,9.012856,88.443203,0.000095,230.070298,0.989919,0.742059,0.996034,,,,,,,,,,,,
15,7973,332,8.990501,53.595744,0.000083,237.73546,0.999999,0.746641,0.996113,,,,,,,,,,,,
2,1076,45,9.015004,0,0,0.002439,0.149205,0.111365,0.223226,,,,,,,,,,,,
10,2640,110,9.008339,0.157574,0,0.642077,0.368048,0.274229,0.547262,,,,,,,,,,,,
2,960,40,8.950428,0,0,0.001925,0.13251,0.099093,0.197453,,,,,,,,,,,,
5,1509,63,8.995368,0.00002,0,0.026025,0.208869,0.157556,0.314138,,,,,,,,,,,,
4,2076,87,8.979893,0.018099,0,0.120383,0.286395,0.214512,0.429763,,,,,,,,,,,,
15,6825,284,9.001951,15.982073,0.000163,193.863089,0.945934,0.705953,0.988263,,,,,,,,,,,,
8,4184,174,9.00655,0.723717,0.000028,3.984493,0.580899,0.434822,0.861077,,,,,,,,,,,,
14,5093,212,8.995975,1.940393,0.000054,53.64041,0.707095,0.52836,0.995423,,,,,,,,,,,,
8,3688,154,9.004977,0.528347,0.000058,2.673526,0.510535,0.382475,0.761346,,,,,,,,,,,,
17,7616,317,8.993909,60.075678,0.000019,211.341374,0.975827,0.729932,0.992298,,,,,,,,,,,,
11,5390,225,9.007037,3.491852,0,76.569218,0.746198,0.558306,0.987497,,,,,,,,,,,,
16,6230,260,8.980684,7.466186,0.000049,196.381193,0.859775,0.642987,0.992637,,,,,,,,,,,,
17,7667,319,8.995732,94.109369,0.000087,225.689713,0.986338,0.739254,0.99112,,,,,,,,,,,,
7,7350,306,9.003157,32.257991,0.000024,229.021453,0.991521,0.74191,0.99595,,,,,,,,,,,,
14,3968,165,8.999012,0.819655,0.000002,5.202096,0.551054,0.41406,0.825027,,,,,,,,,,,,
2,1028,43,9.029352,0,0,0.00415,0.142363,0.107469,0.213807,,,,,,,,,,,,
9,4068,170,8.994778,1.026434,0,6.775329,0.564716,0.42411,0.833575,,,,,,,,,,,,
19,9082,378,8.977271,146.310466,0.000103,236.716428,0.997085,0.747268,0.995796,,,,,,,,,,,,
10,5280,220,8.997824,2.371666,0.000116,66.129036,0.732902,0.547633,0.994987,,,,,,,,,,,,
3,1491,62,8.982487,0.000503,0,0.025389,0.205488,0.154171,0.30896,,,,,,,,,,,,
18,8126,339,9.00525,84.239915,0.00008,231.193165,0.994655,0.745223,0.996056,,,,,,,,,,,,
2,920,38,9.000379,0,0,0.000066,0.12812,0.095154,0.191657,,,,,,,,,,,,
17,7968,332,9.005475,77.460426,0.000025,238.71375,0.99834,0.74659,0.99615,,,,,,,,,,,,
2,954,40,8.99876,0,0,0.001719,0.132792,0.098702,0.197894,,,,,,,,,,,,
16,7680,320,9.010286,77.158755,0.000009,224.137694,0.986364,0.737881,0.994662,,,,,,,,,,,,
18,2415,101,9.013218,0.065998,0,0.361706,0.336731,0.251061,0.50078,,,,,,,,,,,,
15,9253,386,9.028003,184.092741,0.000087,225.414015,0.992904,0.741039,0.99619,,,,,,,,,,,,
15,8010,334,9.000973,80.25415,0.000082,235.033907,0.997936,0.748185,0.995926,,,,,,,,,,,,
19,9386,391,9.00519,174.050529,0.000029,240.385122,0.999999,0.749468,0.996108,,,,,,,,,,,,
3,4347,181,8.993748,1.542702,0.000042,12.756963,0.601657,0.45174,0.889423,,,,,,,,,,,,
6,2784,116,9.012316,0.187648,0,0.702976,0.386526,0.289406,0.577619,,,,,,,,,,,,
4,1908,80,9.025365,0.010154,0,0.195452,0.265065,0.198818,0.395839,,,,,,,,,,,,
8,4690,195,9.018402,1.779818,0.00003,18.426541,0.652222,0.489303,0.973805,,,,,,,,,,,,
4,2012,84,9.012586,0.026219,0,0.181032,0.279445,0.210065,0.418623,,,,,,,,,,,,
10,3984,166,9.010852,0.882237,0.000004,3.100648,0.553906,0.412341,0.822536,,,,,,,,,,,,
5,2170,90,8.987674,0.063784,0,0.298941,0.301511,0.225312,0.446752,,,,,,,,,,,,
17,7922,330,8.994386,56.828498,0.000078,238.638858,0.999999,0.748431,0.99593,,,,,,,,,,,,
16,7504,313,8.993503,30.523606,0.0001,222.453976,0.975022,0.729113,0.979919,,,,,,,,,,,,
11,6435,268,9.007824,8.064052,0.0001,184.455164,0.883329,0.661542,0.996032,,,,,,,,,,,,
19,2445,102,8.979848,0.092686,0,0.4155,0.338313,0.254561,0.506697,,,,,,,,,,,,
15,6825,284,8.977892,13.941634,0.000138,217.017338,0.945033,0.704844,0.995916,,,,,,,,,,,,
12,7376,307,8.995469,21.074247,0.000082,237.92701,0.987348,0.740499,0.995941,,,,,,,,,,,,
17,480,20,9.013862,0,0,0,0.067167,0.04979,0.098709,,,,,,,,,,,,
6,5335,222,9.008483,3.899947,0,106.398089,0.739446,0.552693,0.98721,,,,,,,,,,,,
15,3143,131,8.992808,0.377899,0,1.341437,0.433633,0.324919,0.642578,,,,,,,,,,,,
1,4740,198,9.000914,1.964036,0.000076,28.63294,0.656447,0.491639,0.963705,,,,,,,,,,,,
2,864,36,9.008013,0,0,0.000315,0.119505,0.090173,0.178394,,,,,,,,,,,,
12,5844,244,9.010422,4.191577,0.000346,124.861291,0.804319,0.601952,0.994161,,,,,,,,,,,,
10,3736,156,8.9918,0.609622,0,3.003086,0.515599,0.386139,0.772452,,,,,,,,,,,,
5,4810,200,8.997873,1.242504,0.000009,28.900698,0.66544,0.498832,0.977635,,,,,,,,,,,,
9,8873,370,9.000731,147.676628,0.00007,238.24193,0.999999,0.749263,0.996098,,,,,,,,,,,,
9,4329,180,8.982614,1.275807,0.000055,10.063865,0.595313,0.447618,0.875384,,,,,,,,,,,,
15,2435,101,8.983975,0.116192,0,0.486732,0.3371,0.252603,0.504716,,,,,,,,,,,,
8,3944,164,9.02396,0.877969,0,4.191195,0.549896,0.411717,0.823284,,,,,,,,,,,,
8,3704,154,8.989909,0.837136,0.000034,3.996202,0.513003,0.386153,0.768441,,,,,,,,,,,,
4,1976,82,9.005758,0.043784,0,0.209353,0.273965,0.205825,0.407319,,,,,,,,,,,,
12,6132,256,9.001448,5.165413,0.000027,140.897297,0.850153,0.635874,0.996086,,,,,,,,,,,,
11,2525,105,8.998217,0.078074,0,0.434324,0.350077,0.262892,0.524979,,,,,,,,,,,,
10,4830,201,8.992681,1.932534,0.000128,26.492855,0.670762,0.501284,0.94781,,,,,,,,,,,,
3,8964,374,8.99368,145.342522,0.000058,234.425047,0.996454,0.746841,0.996022,,,,,,,,,,,,
6,5580,233,9.013697,5.778244,0.0001,127.176734,0.777242,0.580035,0.980112,,,,,,,,,,,,
10,8058,336,8.99293,99.652153,0.000132,226.136418,0.987512,0.742041,0.992882,,,,,,,,,,,,
6,8891,370,8.987102,147.092412,0.000157,237.798458,0.99941,0.750124,0.996039,,,,,,,,,,,,
7,3178,132,9.005372,0.421707,0.000144,1.440632,0.439477,0.329214,0.65571,,,,,,,,,,,,
8,3888,162,9.024137,1.087622,0.000009,4.222438,0.539385,0.40418,0.804964,,,,,,,,,,,,
11,5291,220,8.995677,2.282348,0.000091,100.850068,0.733148,0.54953,0.984567,,,,,,,,,,,,
11,1054,44,8.982571,0,0,0.002927,0.145919,0.108876,0.217813,,,,,,,,,,,,
17,8619,359,8.992184,125.420857,0.000007,235.262132,0.997415,0.74234,0.996107,,,,,,,,,,,,
17,4700,196,8.993171,1.593987,0.000035,16.017872,0.653578,0.489499,0.965672,,,,,,,,,,,,
11,7500,313,9.026132,55.615158,0.000159,237.274057,0.996079,0.745864,0.993099,,,,,,,,,,,,
17,8211,342,8.997712,103.752865,0.000007,233.980339,0.994656,0.744071,0.996092,,,,,,,,,,,,
4,1892,79,9.01474,0.042438,0,0.22593,0.263354,0.196466,0.391439,,,,,,,,,,,,
4,6440,268,9.002646,8.890414,0.000045,193.754404,0.893059,0.665678,0.995737,,,,,,,,,,,,
13,6227,259,8.998824,7.509782,0.000104,151.786608,0.859661,0.644391,0.995918,,,,,,,,,,,,
11,7735,322,9.006837,71.803067,0.000013,222.963284,0.984576,0.73961,0.994014,,,,,,,,,,,,
16,8432,351,9.015292,141.576109,0.000036,237.826144,0.999999,0.747392,0.996053,,,,,,,,,,,,
17,1760,73,8.995553,0.021361,0,0.10979,0.243621,0.182908,0.364946,,,,,,,,,,,,
2,970,40,8.97767,0,0,0.000611,0.134079,0.100105,0.200496,,,,,,,,,,,,
1,481,20,8.991886,0,0,0,0.066382,0.049841,0.100206,,,,,,,,,,,,
11,7320,305,8.995701,28.881283,0.000078,229.680143,0.969873,0.727294,0.995918,,,,,,,,,,,,
7,3367,140,8.985304,0.469344,0.000142,1.864553,0.465791,0.349597,0.694244,,,,,,,,,,,,
16,7696,321,9.00846,45.036812,0.000024,212.865397,0.975457,0.730369,0.995926,,,,,,,,,,,,
6,2742,114,9.019559,0.135438,0,0.559761,0.382267,0.28456,0.570561,,,,,,,,,,,,
15,5820,243,8.997976,4.542399,0.000012,128.214072,0.809179,0.607083,0.994423,,,,,,,,,,,,
9,4473,186,8.991308,0.911399,0,8.470064,0.620314,0.464123,0.919257,,,,,,,,,,,,
7,1888,79,8.980063,0.037274,0,0.184356,0.261287,0.194899,0.390759,,,,,,,,,,,,
2,938,39,8.988313,0,0,0.001011,0.130064,0.097461,0.192686,,,,,,,,,,,,
18,8442,352,8.998802,119.43793,0.000006,230.037254,0.99105,0.742524,0.994195,,,,,,,,,,,,
7,8640,360,9.012476,139.37258,0.000034,234.940202,0.99778,0.746256,0.995962,,,,,,,,,,,,
16,9196,383,8.99529,150.280262,0.000041,238.106314,0.999356,0.74466,0.996136,,,,,,,,,,,,
15,4829,201,8.998314,2.856814,0.000001,35.760507,0.668499,0.502828,0.97361,,,,,,,,,,,,
13,6422,268,8.996938,9.331042,0.00016,184.388652,0.88531,0.663565,0.995302,,,,,,,,,,,,
11,1452,61,8.972596,0,0,0.027476,0.201173,0.150732,0.300059,,,,,,,,,,,,
9,4293,179,9.005631,1.225059,0.000075,6.43798,0.596683,0.447984,0.876233,,,,,,,,,,,,
13,6318,263,8.987787,6.515832,0.000042,147.616399,0.870906,0.64927,0.995842,,,,,,,,,,,,
6,2982,124,8.980989,0.260939,0,0.840037,0.413945,0.309511,0.611979,,,,,,,,,,,,
13,6240,260,9.019236,9.17378,0.000067,163.349789,0.867796,0.65117,0.992615,,,,,,,,,,,,
2,499,21,9.038227,0,0,0,0.069722,0.051969,0.102483,,,,,,,,,,,,
4,7856,327,9.003406,54.022651,0.000054,232.441498,0.988904,0.742036,0.996033,,,,,,,,,,,,
8,3832,160,8.998733,0.554816,0.000194,2.450367,0.529866,0.39666,0.789601,,,,,,,,,,,,
12,2540,106,9.019965,0.121952,0.000006,0.582095,0.352495,0.264281,0.529436,,,,,,,,,,,,
11,1808,75,8.963452,0.019542,0,0.081386,0.248371,0.186353,0.371426,,,,,,,,,,,,
2,962,40,9.009228,0,0,0.001065,0.133677,0.099369,0.200703,,,,,,,,,,,,
17,6123,255,9.000984,5.929789,0.000122,159.573942,0.850722,0.636476,0.995844,,,,,,,,,,,,
19,8569,357,9.004208,109.643987,0.000096,238.459693,0.999996,0.748709,0.996362,,,,,,,,,,,,
19,8246,344,8.99888,125.552904,0.000102,221.939395,0.983866,0.736509,0.989029,,,,,,,,,,,,
18,8676,362,9.002101,128.384792,0.000031,232.561862,0.993675,0.744148,0.996092,,,,,,,,,,,,
2,7728,322,8.995788,66.388595,0.000007,233.925537,0.993063,0.74063,0.993589,,,,,,,,,,,,
18,6795,283,9.0112,20.546125,0.000168,170.703205,0.913786,0.681132,0.995994,,,,,,,,,,,,
11,5280,220,8.991883,2.009144,0.000026,76.360694,0.727513,0.545733,0.976189,,,,,,,,,,,,
7,8942,373,9.016455,135.989915,0.000053,237.889723,0.998185,0.746486,0.99601,,,,,,,,,,,,
8,3984,166,8.977817,1.024433,0.000108,3.934275,0.548992,0.413445,0.820572,,,,,,,,,,,,
3,6012,251,8.995036,4.038683,0.000016,118.375849,0.831688,0.622108,0.995917,,,,,,,,,,,,
8,3888,162,9.00323,0.723313,0,3.179381,0.541007,0.401828,0.799832,,,,,,,,,,,,
8,5082,212,9.002653,2.444477,0.000024,60.08629,0.706692,0.529251,0.996075,,,,,,,,,,,,
4,3808,159,8.988916,0.614825,0.00017,2.966315,0.526513,0.394048,0.783321,,,,,,,,,,,,
10,4800,200,9.009893,2.008217,0.000012,23.237816,0.665233,0.498468,0.976073,,,,,,,,,,,,
20,1908,80,9.013387,0.02814,0,0.135726,0.265277,0.198585,0.398799,,,,,,,,,,,,
3,8224,343,9.009367,98.739163,0.000017,222.577754,0.987735,0.737341,0.996115,,,,,,,,,,,,
19,3920,163,8.995452,0.609873,0,3.461704,0.542661,0.407213,0.810649,,,,,,,,,,,,
4,1888,79,9.016867,0.023787,0,0.147253,0.263092,0.196946,0.391476,,,,,,,,,,,,
12,5808,242,8.981928,3.864954,0.000026,131.557937,0.803697,0.601054,0.995766,,,,,,,,,,,,
18,8604,359,9.000079,136.177955,0.000024,232.599915,0.995891,0.748086,0.994287,,,,,,,,,,,,
12,5832,243,9.003398,5.448891,0.000028,156.483644,0.810106,0.604893,0.995406,,,,,,,,,,,,
5,2385,99,8.983105,0.035487,0,0.273201,0.331168,0.248344,0.494347,,,,,,,,,,,,
18,8928,372,9.001345,122.159199,0.000147,237.743373,0.999999,0.747029,0.996312,,,,,,,,,,,,
2,940,39,8.994573,0,0,0.001809,0.130192,0.097695,0.191413,,,,,,,,,,,,
16,7568,315,8.995028,57.156476,0.000024,223.294815,0.98394,0.734232,0.996102,,,,,,,,,,,,
6,476,20,9.00208,0,0,0,0.065939,0.04958,0.099121,,,,,,,,,,,,
7,3325,139,9.002632,0.362055,0,1.659452,0.463275,0.343892,0.689388,,,,,,,,,,,,
4,1832,76,9.016578,0.007043,0,0.102732,0.255794,0.189738,0.379346,,,,,,,,,,,,
6,2964,124,8.993638,0.306158,0.00008,0.82578,0.410339,0.308843,0.613191,,,,,,,,,,,,
4,1976,82,8.997111,0.015674,0,0.11864,0.274049,0.205429,0.409107,,,,,,,,,,,,
9,7230,301,9.000371,14.462542,0.000169,220.243757,0.977892,0.733771,0.996089,,,,,,,,,,,,
8,3712,155,8.989582,0.56111,0.000001,2.602096,0.513737,0.385166,0.768508,,,,,,,,,,,,
18,8280,345,9.002472,84.871798,0.000098,220.677642,0.986888,0.738511,0.995907,,,,,,,,,,,,
14,7294,304,8.994622,35.267008,0.000025,220.180412,0.987664,0.735227,0.995425,,,,,,,,,,,,
7,3556,148,9.016489,0.416015,0.000001,1.620556,0.495338,0.36939,0.735203,,,,,,,,,,,,
7,3094,129,8.983925,0.337841,0,1.238458,0.429256,0.320042,0.639586,,,,,,,,,,,,
14,7152,298,8.986317,20.648343,0.000138,205.386992,0.960806,0.720817,0.994874,,,,,,,,,,,,
15,7455,311,8.999075,51.512769,0.000089,234.392257,0.99608,0.744545,0.99612,,,,,,,,,,,,
2,922,38,8.968219,0,0,0.000023,0.126802,0.094943,0.191383,,,,,,,,,,,,
20,3542,148,8.999494,0.488951,0.000012,1.81065,0.490248,0.365678,0.729017,,,,,,,,,,,,
19,4455,186,9.009432,1.342296,0.000068,9.741323,0.617016,0.461035,0.917502,,,,,,,,,,,,
17,8449,352,8.994058,112.059001,0.000116,244.006984,0.999999,0.749087,0.996105,,,,,,,,,,,,
8,3840,160,8.982198,0.905124,0.000038,4.169679,0.533505,0.397632,0.791569,,,,,,,,,,,,
10,4510,188,9.003503,1.357919,0,9.057211,0.62504,0.47034,0.931046,,,,,,,,,,,,
2,990,41,8.965838,0,0,0,0.137083,0.102168,0.205145,,,,,,,,,,,,
18,1461,61,8.993313,0,0,0.036458,0.202295,0.151874,0.305256,,,,,,,,,,,,
4,3619,151,8.992207,0.328414,0,1.736794,0.503052,0.375269,0.747928,,,,,,,,,,,,
8,3664,153,8.994342,0.594417,0.000011,2.370086,0.50935,0.380888,0.758832,,,,,,,,,,,,
2,916,38,8.989596,0,0,0.002326,0.126761,0.095175,0.190582,,,,,,,,,,,,
8,5467,228,8.997512,3.122549,0.000161,106.671319,0.758966,0.567328,0.984975,,,,,,,,,,,,
18,9144,381,8.973266,159.778738,0.000095,230.062666,0.991534,0.743399,0.993559,,,,,,,,,,,,
11,5214,217,9.021402,3.03944,0.000003,102.976078,0.721233,0.542036,0.99567,,,,,,,,,,,,
1,3936,164,8.989535,0.643047,0.000028,3.511446,0.544443,0.40807,0.80984,,,,,,,,,,,,
11,5120,213,8.98782,2.102788,0,69.364511,0.70697,0.5273,0.985941,,,,,,,,,,,,
17,8262,344,9.003743,118.711143,0.000088,221.57993,0.985292,0.736944,0.993553,,,,,,,,,,,,
2,1026,43,9.000497,0,0,0.003402,0.142851,0.106216,0.213161,,,,,,,,,,,,
4,1956,82,9.017509,0.024436,0,0.180875,0.272394,0.202977,0.406433,,,,,,,,,,,,
15,7560,315,9.020089,75.201579,0.000014,238.989449,0.999829,0.747604,0.99603,,,,,,,,,,,,
3,1407,59,9.022746,0.003148,0,0.050925,0.195322,0.147895,0.292831,,,,,,,,,,,,
2,5040,210,9.000644,2.551361,0.000006,94.041436,0.699321,0.523776,0.985104,,,,,,,,,,,,
2,9196,383,8.993385,185.402809,0.000071,235.354398,0.998484,0.747393,0.996163,,,,,,,,,,,,
16,7632,318,9.000346,43.194606,0.000084,240.981518,0.999999,0.750982,0.996091,,,,,,,,,,,,
20,5038,210,9.000073,2.736146,0.000184,44.010859,0.698507,0.524403,0.980469,,,,,,,,,,,,
10,3912,163,9.00317,0.802988,0.000095,3.981247,0.539765,0.403794,0.803886,,,,,,,,,,,,
9,962,40,8.96959,0,0,0.005808,0.132862,0.099069,0.198091,,,,,,,,,,,,
1,3744,156,9.01765,0.608506,0.000003,3.322682,0.521644,0.389409,0.776345,,,,,,,,,,,,
12,6216,259,9.018348,5.584388,0.000281,161.041013,0.856537,0.642148,0.995925,,,,,,,,,,,,
15,7365,307,9.00586,20.219154,0.000123,216.961391,0.976395,0.730431,0.993299,,,,,,,,,,,,
17,8041,335,8.994994,71.797559,0.000068,236.914959,0.997748,0.745932,0.994714,,,,,,,,,,,,
13,6162,257,8.993888,9.277302,0.000118,105.547384,0.839868,0.628784,0.996013,,,,,,,,,,,,
3,1524,64,9.01725,0.002349,0,0.049182,0.211929,0.15795,0.31496,,,,,,,,,,,,
3,1482,62,8.977882,0.00096,0,0.034945,0.205057,0.154213,0.306641,,,,,,,,,,,,
9,4230,176,9.00441,0.898967,0,5.27435,0.589087,0.439241,0.876586,,,,,,,,,,,,
7,3262,136,8.977049,0.641461,0.000019,2.320983,0.45209,0.336281,0.671599,,,,,,,,,,,,
13,6630,276,8.995367,11.470995,0.00014,212.676927,0.916957,0.687071,0.995974,,,,,,,,,,,,
14,6846,285,9.00637,19.541486,0.00005,216.353492,0.951267,0.712593,0.991063,,,,,,,,,,,,
7,5652,236,9.00427,3.514183,0.00004,122.213696,0.783186,0.587423,0.995777,,,,,,,,,,,,
13,6149,256,8.988219,7.38261,0.000129,201.979612,0.847774,0.634146,0.995966,,,,,,,,,,,,
12,1470,61,9.002025,0.000339,0,0.042653,0.20471,0.153551,0.303153,,,,,,,,,,,,
13,5759,240,8.990961,5.268764,0.000002,155.782205,0.800792,0.597775,0.988742,,,,,,,,,,,,
20,8154,340,9.001214,85.85064,0.000107,234.801998,0.995863,0.745411,0.994191,,,,,,,,,,,,
12,5652,236,9.00368,3.709472,0.000003,96.300814,0.778318,0.583328,0.993413,,,,,,,,,,,,
12,2790,116,9.008539,0.161111,0.000195,0.673865,0.388221,0.290356,0.579264,,,,,,,,,,,,
11,4983,208,9.002413,2.458687,0.000018,28.898802,0.686644,0.513143,0.983524,,,,,,,,,,,,
7,9580,399,8.973448,169.771328,0,237.184985,0.999999,0.745538,0.995846,,,,,,,,,,,,
7,6832,285,9.002731,16.82309,0.000006,153.594565,0.914597,0.683568,0.996146,,,,,,,,,,,,
16,972,41,9.004684,0,0,0.001095,0.13456,0.101207,0.202031,,,,,,,,,,,,
5,2140,89,9.006401,0.073389,0,0.339688,0.297842,0.222966,0.443995,,,,,,,,,,,,
8,4983,208,9.000346,1.773828,0.000067,31.384922,0.689435,0.51808,0.995684,,,,,,,,,,,,
7,3416,142,9.004503,0.417638,0,2.081564,0.474133,0.35287,0.708895,,,,,,,,,,,,
12,5316,222,8.997238,4.04808,0.000063,93.950557,0.733244,0.549432,0.973542,,,,,,,,,,,,
14,4560,190,9.012466,1.345464,0.000067,20.417548,0.628722,0.470911,0.930844,,,,,,,,,,,,
12,9090,379,9.022038,143.569161,0.000102,231.599247,0.996872,0.745894,0.995412,,,,,,,,,,,,
12,5436,227,8.998605,2.625345,0,94.25997,0.754579,0.566064,0.995948,,,,,,,,,,,,
2,902,38,8.982135,0,0,0,0.12441,0.093722,0.188484,,,,,,,,,,,,
18,8316,347,9.008458,112.843741,0.000001,238.10551,0.999999,0.747268,0.995828,,,,,,,,,,,,
10,8432,351,8.999854,73.524348,0.000036,236.661752,0.999672,0.746329,0.996085,,,,,,,,,,,,
4,2008,84,8.994187,0.025423,0,0.131684,0.278426,0.20906,0.414947,,,,,,,,,,,,
10,7888,329,9.001733,55.12373,0.000052,230.161883,0.99072,0.742741,0.996237,,,,,,,,,,,,
12,6192,258,9.002668,5.569995,0.00006,157.58297,0.861277,0.642118,0.994792,,,,,,,,,,,,
16,7376,307,8.998546,27.891457,0.000056,216.960709,0.975789,0.732207,0.996042,,,,,,,,,,,,
19,992,41,9.02271,0,0,0.000771,0.13813,0.102786,0.205622,,,,,,,,,,,,
4,1932,81,8.995711,0.01301,0,0.12808,0.267763,0.200607,0.400299,,,,,,,,,,,,
11,5500,229,8.985511,2.639492,0.000007,104.534643,0.761753,0.569758,0.993165,,,,,,,,,,,,
5,1892,79,8.972716,0.012513,0,0.127871,0.262833,0.196308,0.386854,,,,,,,,,,,,
9,3514,146,9.005319,0.335446,0,1.767318,0.489401,0.363907,0.721087,,,,,,,,,,,,
12,5664,236,9.000058,4.551724,0.000006,134.100744,0.7817,0.583513,0.990123,,,,,,,,,,,,
15,6930,289,9.022206,28.721476,0.000114,200.262535,0.929912,0.699048,0.995821,,,,,,,,,,,,
1,466,19,8.977079,0,0,0,0.064185,0.048403,0.096852,,,,,,,,,,,,
16,9234,385,9.004187,143.632257,0.000011,237.314048,0.999319,0.74704,0.995922,,,,,,,,,,,,
8,6960,290,9.022175,16.084592,0.000028,228.298943,0.960008,0.718442,0.99601,,,,,,,,,,,,
10,4860,203,9.008637,2.094082,0.000059,45.444865,0.675769,0.505786,0.975932,,,,,,,,,,,,
13,6370,265,9.00813,7.349152,0.000032,177.089773,0.876996,0.656585,0.995998,,,,,,,,,,,,
12,7956,332,9.000337,76.978155,0.000108,239.005624,0.999962,0.749853,0.995892,,,,,,,,,,,,
14,9025,376,8.989128,157.917084,0.000059,236.744226,0.999052,0.745948,0.996136,,,,,,,,,,,,
17,8928,372,9.001948,141.822806,0.000099,236.130158,0.995854,0.748236,0.993249,,,,,,,,,,,,
18,8388,350,9.002858,111.246647,0.00001,237.89898,0.999408,0.745998,0.996203,,,,,,,,,,,,
16,7872,328,8.998891,93.369157,0.000064,224.103976,0.99073,0.740255,0.996182,,,,,,,,,,,,
8,1984,83,8.987432,0.026237,0,0.141058,0.275951,0.20553,0.411124,,,,,,,,,,,,
13,4365,182,9.005321,1.193291,0,7.44117,0.608528,0.45446,0.897717,,,,,,,,,,,,
3,5478,228,9.014084,4.097186,0.000056,73.902419,0.758673,0.569814,0.995139,,,,,,,,,,,,
6,2760,115,8.989892,0.2013,0,0.662191,0.383047,0.286493,0.573121,,,,,,,,,,,,
11,6656,277,9.001797,8.419442,0.000061,212.661692,0.919501,0.688581,0.995778,,,,,,,,,,,,
19,1431,60,8.978154,0.002146,0,0.03234,0.19788,0.148796,0.296995,,,,,,,,,,,,
10,5170,215,9.002432,2.212499,0.000096,66.684946,0.718904,0.536242,0.987958,,,,,,,,,,,,
18,5456,227,8.988692,3.330987,0.000036,108.002463,0.75593,0.5677,0.995804,,,,,,,,,,,,
14,458,19,9.005767,0,0,0,0.064251,0.04774,0.093915,,,,,,,,,,,,
11,6945,289,8.989803,16.21985,0.000006,208.861697,0.95323,0.714484,0.990924,,,,,,,,,,,,
2,9112,380,8.991974,165.688147,0.000146,238.34751,0.998749,0.74734,0.995916,,,,,,,,,,,,
16,7290,304,9.013071,35.884441,0.000192,226.893486,0.990685,0.742313,0.996073,,,,,,,,,,,,
4,1980,83,8.979448,0.033755,0,0.151695,0.274547,0.205421,0.406371,,,,,,,,,,,,
6,8064,336,8.99617,101.66807,0.000137,205.125877,0.974098,0.730818,0.995834,,,,,,,,,,,,
4,3444,144,9.000043,0.365959,0.000007,1.971519,0.478305,0.357175,0.712465,,,,,,,,,,,,
8,4400,183,8.996,0.863926,0.000046,7.854512,0.607713,0.454832,0.878843,,,,,,,,,,,,
1,504,21,8.989625,0,0,0,0.070096,0.052093,0.104784,,,,,,,,,,,,
3,1383,58,9.002095,0.000774,0,0.021079,0.193389,0.143297,0.287898,,,,,,,,,,,,
16,8000,333,9.013345,68.21548,0.000059,222.199563,0.987666,0.738781,0.995419,,,,,,,,,,,,
19,4356,182,9.009298,1.287206,0.000012,9.812699,0.604075,0.451576,0.892932,,,,,,,,,,,,
8,4104,171,9.001221,0.928586,0.00014,6.465643,0.569334,0.425695,0.851296,,,,,,,,,,,,
6,5621,234,9.010802,3.116057,0.000024,103.864224,0.777366,0.582131,0.992487,,,,,,,,,,,,
3,1395,58,9.050713,0,0,0.022455,0.195897,0.145792,0.289664,,,,,,,,,,,,
11,5445,227,9.010274,3.161054,0.000015,106.976321,0.754041,0.565466,0.99593,,,,,,,,,,,,
4,1976,82,8.99067,0.059616,0,0.26444,0.272363,0.205805,0.408985,,,,,,,,,,,,
9,8064,336,8.982957,97.275136,0.000017,231.493708,0.994391,0.742617,0.995704,,,,,,,,,,,,
13,2540,106,8.984723,0.080398,0,0.496246,0.352115,0.263335,0.524367,,,,,,,,,,,,
7,5379,224,8.998136,3.049991,0.000016,48.448494,0.74296,0.553537,0.989267,,,,,,,,,,,,
3,3808,159,8.991683,0.752963,0.000101,3.964664,0.525217,0.395132,0.788287,,,,,,,,,,,,
5,8007,334,8.994893,67.233903,0.000071,227.42481,0.990834,0.740742,0.996042,,,,,,,,,,,,
10,5832,243,9.01913,5.760147,0.000067,128.804119,0.805537,0.60225,0.995868,,,,,,,,,,,,
3,3185,133,9.012366,0.450557,0,1.454941,0.442368,0.330565,0.65846,,,,,,,,,,,,
16,2916,122,8.991327,0.18658,0,0.807474,0.404297,0.303882,0.603929,,,,,,,,,,,,
19,10165,424,9.006602,165.540894,0.000077,228.677348,0.991751,0.741022,0.995901,,,,,,,,,,,,
18,7245,302,8.982516,17.40106,0.000236,240.393018,0.994617,0.744415,0.996075,,,,,,,,,,,,
6,2796,117,9.015514,0.364813,0.000023,1.247465,0.389172,0.291023,0.58059,,,,,,,,,,,,
15,7485,312,9.00428,45.280627,0.000058,226.617929,0.985606,0.738312,0.996114,,,,,,,,,,,,
6,2928,122,8.998632,0.201121,0,0.767081,0.405945,0.30485,0.609609,,,,,,,,,,,,
5,2325,97,8.999378,0.075516,0,0.444716,0.32173,0.242325,0.480386,,,,,,,,,,,,
19,8911,371,9.000577,168.901181,0.000061,236.260092,0.996619,0.74468,0.993612,,,,,,,,,,,,
7,460,19,9.022184,0,0,0,0.06409,0.048099,0.095855,,,,,,,,,,,,
11,3258,136,9.008383,0.283042,0,1.054801,0.452285,0.339385,0.679419,,,,,,,,,,,,
9,4041,168,8.989921,0.765112,0,4.736783,0.558951,0.420677,0.836703,,,,,,,,,,,,
20,9720,405,9.008222,201.897176,0.000029,239.491454,0.999999,0.747145,0.996077,,,,,,,,,,,,
3,1326,55,8.963479,0,0,0.015536,0.183994,0.136571,0.272782,,,,,,,,,,,,
11,2862,119,9.005632,0.235776,0,0.899363,0.39828,0.29821,0.595762,,,,,,,,,,,,
9,4176,174,8.984554,1.201419,0.000035,4.677324,0.578136,0.433168,0.856205,,,,,,,,,,,,
7,7840,327,9.007661,76.348093,0.000064,238.365138,0.999071,0.746488,0.996038,,,,,,,,,,,,
9,4275,178,8.987753,0.855823,0.000026,4.163204,0.592771,0.443983,0.878121,,,,,,,,,,,,
15,7020,293,8.997163,23.93527,0.000062,201.098359,0.933669,0.696934,0.992402,,,,,,,,,,,,
20,3720,155,8.99784,0.512731,0,2.647095,0.515668,0.385005,0.767784,,,,,,,,,,,,
9,4509,188,8.989316,1.311729,0.000067,10.155732,0.620473,0.465669,0.923534,,,,,,,,,,,,
15,7260,303,8.983361,22.797478,0.000118,216.964536,0.982554,0.734022,0.996211,,,,,,,,,,,,
14,8835,368,9.005169,132.783705,0.00003,235.578859,0.99822,0.745758,0.995957,,,,,,,,,,,,
4,2052,86,8.995936,0.01998,0,0.164473,0.284543,0.212391,0.42543,,,,,,,,,,,,
15,2808,117,8.996304,0.257876,0.000018,0.801017,0.388598,0.292765,0.582237,,,,,,,,,,,,
8,3856,161,8.994589,0.916176,0.000004,3.39603,0.536686,0.401601,0.79897,,,,,,,,,,,,
15,4750,198,9.005666,1.747042,0.000348,15.455144,0.659693,0.492082,0.974392,,,,,,,,,,,,
14,5478,228,9.000141,4.935879,0.000024,101.953227,0.761982,0.569031,0.968814,,,,,,,,,,,,
15,6765,282,8.991379,14.57213,0.000045,204.275625,0.919448,0.68741,0.990519,,,,,,,,,,,,
7,8517,355,8.99385,115.604404,0.000014,228.998314,0.994318,0.74218,0.994218,,,,,,,,,,,,
11,5082,212,8.985722,2.221451,0.000028,73.176687,0.703801,0.526045,0.994193,,,,,,,,,,,,
10,1545,64,8.994415,0.001466,0,0.029956,0.213311,0.160528,0.322472,,,,,,,,,,,,
19,3458,144,8.992953,0.435269,0.000043,2.050967,0.479644,0.35816,0.717688,,,,,,,,,,,,
7,3017,126,9.01253,0.320448,0,1.35033,0.420056,0.314551,0.625263,,,,,,,,,,,,
16,7701,321,9.014515,64.313587,0.000009,225.40174,0.988129,0.7378,0.995181,,,,,,,,,,,,
4,1836,77,9.001849,0.018361,0,0.145124,0.253999,0.191071,0.381134,,,,,,,,,,,,
11,3132,131,8.994099,0.272878,0,1.219759,0.433904,0.324774,0.648453,,,,,,,,,,,,
14,6660,278,8.991469,12.96146,0.000077,199.1949,0.924036,0.690546,0.995856,,,,,,,,,,,,
7,3374,141,9.012575,0.28579,0,1.264583,0.469176,0.352269,0.702875,,,,,,,,,,,,
16,7664,319,8.994616,77.345126,0.000067,231.243586,0.99472,0.74537,0.993184,,,,,,,,,,,,
14,6058,252,8.990512,4.399887,0.000122,147.012698,0.840211,0.627976,0.995845,,,,,,,,,,,,
18,3552,148,8.978741,0.629816,0.000019,3.19271,0.492361,0.368163,0.732466,,,,,,,,,,,,
13,9840,410,9.003474,190.437322,0.000041,232.239889,0.995436,0.742671,0.996096,,,,,,,,,,,,
11,1872,78,8.992311,0.012807,0,0.119603,0.25916,0.195009,0.387826,,,,,,,,,,,,
9,924,39,8.979131,0.000576,0,0.007254,0.128027,0.094767,0.188541,,,,,,,,,,,,
7,2961,123,8.996919,0.239492,0.000007,1.036113,0.410857,0.308607,0.615376,,,,,,,,,,,,
16,7616,317,8.983978,50.233533,0.000031,222.635886,0.979675,0.733601,0.986969,,,,,,,,,,,,
9,2916,122,8.996042,0.19836,0,1.085222,0.404586,0.302618,0.605937,,,,,,,,,,,,
18,6903,288,8.996156,10.509445,0.000009,226.869436,0.94138,0.704316,0.995738,,,,,,,,,,,,
12,5808,242,9.00481,3.881616,0.00016,132.120925,0.805566,0.606041,0.996075,,,,,,,,,,,,
7,4570,190,9.004319,1.39386,0,10.78933,0.634208,0.472546,0.944639,,,,,,,,,,,,
12,1964,82,8.989037,0.050683,0,0.276817,0.27226,0.204498,0.408626,,,,,,,,,,,,
11,9260,386,8.989155,161.048978,0.000046,232.804463,0.987209,0.739325,0.98747,,,,,,,,,,,,
14,6692,279,9.004981,8.016297,0.000057,184.343803,0.91449,0.684742,0.991065,,,,,,,,,,,,
2,966,40,9.003481,0,0,0,0.134419,0.100585,0.200598,,,,,,,,,,,,
3,8262,344,8.998065,104.716247,0.000035,234.246337,0.99699,0.741598,0.994721,,,,,,,,,,,,
2,970,40,8.988825,0,0,0,0.134366,0.100467,0.20119,,,,,,,,,,,,
15,7395,308,8.988809,35.984456,0.000024,229.791066,0.990713,0.742239,0.995725,,,,,,,,,,,,
18,9420,393,8.982427,169.477001,0.000058,237.777019,0.999509,0.74932,0.996072,,,,,,,,,,,,
3,8316,347,8.984134,94.220646,0.000124,234.587317,0.99674,0.745689,0.995519,,,,,,,,,,,,
5,2330,97,9.024395,0.068936,0,0.315937,0.323649,0.242068,0.479799,,,,,,,,,,,,
11,6312,263,8.999446,6.353832,0.000063,182.506739,0.8783,0.655169,0.990767,,,,,,,,,,,,
20,2495,104,8.993657,0.09078,0,0.407482,0.346309,0.259363,0.515905,,,,,,,,,,,,
8,7070,295,8.99043,35.034303,0.000007,210.506102,0.968412,0.722913,0.9961,,,,,,,,,,,,
9,4509,188,9.008074,1.23274,0.000042,10.866226,0.627249,0.467466,0.927819,,,,,,,,,,,,
7,3276,137,8.998841,0.331368,0.0001,1.894186,0.453911,0.340051,0.679725,,,,,,,,,,,,
6,2724,114,9.004293,0.146564,0.00001,0.493171,0.378348,0.284245,0.566049,,,,,,,,,,,,
5,3664,153,8.998037,0.581941,0.000042,2.339765,0.509507,0.380089,0.765142,,,,,,,,,,,,
14,3437,143,9.020479,0.479967,0.000005,2.292584,0.479471,0.356123,0.708409,,,,,,,,,,,,
11,9063,378,8.989499,156.402782,0.000046,241.666535,0.999999,0.750015,0.995965,,,,,,,,,,,,
3,1401,58,8.999198,0,0,0.023964,0.194614,0.145442,0.291076,,,,,,,,,,,,
17,7395,308,9.001822,37.177908,0.000031,235.154908,0.995338,0.746429,0.996128,,,,,,,,,,,,
18,5736,239,8.995203,4.640904,0.000028,102.531687,0.791325,0.593473,0.984953,,,,,,,,,,,,
10,5020,209,9.007038,1.798227,0.000047,47.604747,0.697256,0.522086,0.991915,,,,,,,,,,,,
3,9025,376,9.002396,137.966269,0.000072,232.520407,0.99336,0.741943,0.995693,,,,,,,,,,,,
2,3472,145,8.995394,0.617185,0,2.518727,0.480988,0.360338,0.710613,,,,,,,,,,,,
19,6990,291,9.007944,9.797631,0.000105,217.97167,0.945957,0.707669,0.996134,,,,,,,,,,,,
2,1032,43,8.99599,0,0,0,0.142976,0.106996,0.215318,,,,,,,,,,,,
16,7005,292,9.001868,21.756697,0.000042,192.364199,0.950572,0.710675,0.996039,,,,,,,,,,,,
9,4365,182,8.99355,1.334535,0.000004,13.615573,0.60497,0.45352,0.903512,,,,,,,,,,,,
5,2240,93,9.008441,0.04588,0,0.279583,0.310906,0.232705,0.467699,,,,,,,,,,,,
11,5038,210,9.008001,2.226702,0.000062,61.199404,0.700411,0.524313,0.973554,,,,,,,,,,,,
13,5082,212,9.01098,2.295472,0.00009,43.665159,0.704859,0.530581,0.993292,,,,,,,,,,,,
8,4374,182,9.004927,1.011836,0.000058,6.076839,0.604259,0.455689,0.900264,,,,,,,,,,,,
19,4266,178,8.998146,1.169884,0.000005,6.983435,0.59549,0.441878,0.881745,,,,,,,,,,,,
11,5698,237,9.006966,3.848165,0.000077,116.795979,0.790843,0.592035,0.993517,,,,,,,,,,,,
4,1984,83,9.017247,0.019183,0,0.171846,0.276134,0.205568,0.413041,,,,,,,,,,,,
2,978,41,8.997147,0,0,0.00002,0.135569,0.100967,0.203436,,,,,,,,,,,,
5,2415,101,8.991316,0.137372,0,0.518319,0.336052,0.250212,0.501265,,,,,,,,,,,,
11,5071,211,8.982154,1.656504,0.000028,50.9716,0.701244,0.527271,0.994641,,,,,,,,,,,,
14,6384,266,9.012957,10.817266,0.000106,171.887958,0.883425,0.661572,0.996009,,,,,,,,,,,,
3,5390,225,8.985047,2.436873,0.000035,80.758407,0.742326,0.55727,0.991822,,,,,,,,,,,,
12,5952,248,8.993281,5.608312,0.000049,140.064646,0.826706,0.618058,0.993901,,,,,,,,,,,,
2,930,39,9.001296,0,0,0.006222,0.12951,0.096037,0.192318,,,,,,,,,,,,
4,3332,139,8.986717,0.3924,0,1.462189,0.463174,0.345485,0.686864,,,,,,,,,,,,
16,7824,326,9.001152,72.543128,0.000041,216.94598,0.982037,0.732304,0.996208,,,,,,,,,,,,
7,3325,139,9.008782,0.556164,0.000064,1.910301,0.463031,0.344992,0.687497,,,,,,,,,,,,
15,7185,299,9.004737,18.951775,0.000175,229.862572,0.975207,0.731941,0.996041,,,,,,,,,,,,
9,7923,330,8.993247,82.118608,0.000094,230.562069,0.993325,0.740499,0.996075,,,,,,,,,,,,
10,4910,205,8.994536,2.283759,0.000163,23.071045,0.679557,0.51011,0.983292,,,,,,,,,,,,
4,9234,385,9.009024,191.79683,0.000037,228.004469,0.991439,0.742228,0.994542,,,,,,,,,,,,
17,2335,97,9.018176,0.103166,0,0.370977,0.324883,0.243906,0.486031,,,,,,,,,,,,
6,3132,131,8.989294,0.357794,0.000139,1.310867,0.433217,0.324902,0.652039,,,,,,,,,,,,
12,7648,319,8.982588,52.799835,0.000058,220.646612,0.988158,0.737093,0.996033,,,,,,,,,,,,
19,3332,139,8.998463,0.42358,0.000044,2.327508,0.460702,0.347305,0.691585,,,,,,,,,,,,
11,7360,307,9.003459,18.361084,0.000138,200.002856,0.946538,0.707372,0.995973,,,,,,,,,,,,
11,1482,62,8.963746,0.002413,0,0.036499,0.20422,0.154437,0.307018,,,,,,,,,,,,
19,8322,347,9.009906,119.372367,0.00004,238.215209,0.998648,0.748739,0.996009,,,,,,,,,,,,
13,7785,324,8.988672,43.476836,0.000047,229.772444,0.986957,0.736792,0.995894,,,,,,,,,,,,
6,5724,239,9.013678,5.240654,0.000059,149.525007,0.796383,0.594475,0.992473,,,,,,,,,,,,
11,7712,321,9.015457,36.234552,0.000077,204.874781,0.972102,0.726686,0.993078,,,,,,,,,,,,
18,8496,354,9.00217,122.657801,0.000082,233.626106,0.994721,0.745494,0.995995,,,,,,,,,,,,
6,2796,117,9.013507,0.145997,0,0.620427,0.387708,0.289798,0.579173,,,,,,,,,,,,
15,7245,302,8.991198,19.91129,0.000078,228.118989,0.979242,0.733661,0.994658,,,,,,,,,,,,
3,4144,173,8.998991,0.778122,0.000033,13.682178,0.57413,0.429677,0.843054,,,,,,,,,,,,
19,9462,394,8.987696,142.135542,0.000021,237.732789,0.999999,0.747035,0.996123,,,,,,,,,,,,
5,2280,95,9.000271,0.043902,0,0.296794,0.316568,0.236598,0.472796,,,,,,,,,,,,
16,507,21,9.01349,0,0,0,0.070819,0.052184,0.10523,,,,,,,,,,,,
8,8838,368,8.982468,142.832929,0.000069,233.02785,0.993502,0.742747,0.991435,,,,,,,,,,,,
5,8512,355,8.989268,116.08408,0.000044,240.483929,0.999999,0.749693,0.995985,,,,,,,,,,,,
17,7871,328,9.004559,58.059093,0.000064,219.283368,0.974799,0.729401,0.996009,,,,,,,,,,,,
11,5335,222,9.001056,2.993897,0.000013,99.2505,0.740534,0.555538,0.995834,,,,,,,,,,,,
5,2420,101,9.021266,0.081602,0.000067,0.394952,0.336086,0.252342,0.502751,,,,,,,,,,,,
11,5280,220,8.997568,3.189631,0.00008,53.370126,0.731959,0.546328,0.977386,,,,,,,,,,,,
8,3736,156,9.011988,0.820196,0,4.034646,0.519569,0.388495,0.774429,,,,,,,,,,,,
16,986,41,8.989528,0,0,0.000941,0.13639,0.101654,0.204112,,,,,,,,,,,,
8,3808,159,8.995329,0.730062,0.000111,3.278136,0.530573,0.394783,0.785064,,,,,,,,,,,,
3,1464,61,9.018798,0,0,0.024317,0.203519,0.151641,0.304569,,,,,,,,,,,,
14,9640,402,8.981036,177.118894,0.000027,223.026217,0.989141,0.738692,0.996012,,,,,,,,,,,,
6,2928,122,8.993138,0.351274,0,0.999086,0.405305,0.302707,0.60437,,,,,,,,,,,,
11,6422,268,9.007942,5.313363,0.000029,146.261975,0.889448,0.664146,0.992962,,,,,,,,,,,,
15,3129,130,9.007482,0.308889,0.000026,1.298015,0.435121,0.326654,0.651261,,,,,,,,,,,,
14,2910,121,8.987413,0.250193,0.000002,1.063367,0.40262,0.301905,0.605271,,,,,,,,,,,,
19,1512,63,8.977622,0.003109,0,0.04417,0.209466,0.156243,0.312722,,,,,,,,,,,,
8,3952,165,8.977712,0.694946,0.000048,3.786814,0.547572,0.408518,0.812763,,,,,,,,,,,,
6,6342,264,8.998451,9.143546,0.000096,204.825497,0.880999,0.660712,0.995972,,,,,,,,,,,,
15,1804,75,8.986799,0.014985,0,0.128102,0.250771,0.18689,0.372846,,,,,,,,,,,,
17,7185,299,9.003368,17.300619,0.00011,209.509621,0.967293,0.726392,0.996132,,,,,,,,,,,,
17,7701,321,8.997687,45.11014,0.000071,227.95992,0.993997,0.743751,0.996193,,,,,,,,,,,,
6,3054,127,8.996618,0.278149,0,1.04424,0.424745,0.316941,0.632902,,,,,,,,,,,,
7,3619,151,8.99839,0.423258,0.000073,1.959563,0.502414,0.376844,0.745067,,,,,,,,,,,,
17,7455,311,9.012278,46.603394,0.000044,239.037274,0.998632,0.749097,0.996004,,,,,,,,,,,,
8,3840,160,9.028385,0.670966,0,3.689774,0.532435,0.398523,0.79509,,,,,,,,,,,,
15,7215,301,8.992011,19.790235,0.00003,224.866539,0.972475,0.726553,0.995948,,,,,,,,,,,,
9,4662,194,9.010331,1.300749,0.000015,21.336718,0.646924,0.48492,0.961816,,,,,,,,,,,,
19,8626,359,8.982324,106.8949,0.000066,238.42679,0.999918,0.747195,0.996123,,,,,,,,,,,,
18,3472,145,9.003839,0.487701,0.000006,1.623391,0.483884,0.360813,0.722368,,,,,,,,,,,,
15,3944,164,8.986526,0.960767,0.000026,3.911148,0.546244,0.410489,0.816384,,,,,,,,,,,,
14,6370,265,9.011979,7.106161,0.000025,156.498645,0.884217,0.661146,0.992167,,,,,,,,,,,,
14,6468,270,8.996594,13.193632,0.000044,201.588273,0.889132,0.664839,0.996104,,,,,,,,,,,,
2,972,41,8.976171,0,0,0.001694,0.134805,0.100975,0.199467,,,,,,,,,,,,
7,3840,160,9.01798,0.524572,0.000071,3.71024,0.534264,0.398751,0.795092,,,,,,,,,,,,
20,5126,214,9.012734,3.423943,0.000123,58.694702,0.713424,0.5326,0.946363,,,,,,,,,,,,
18,8640,360,8.979368,112.495797,0.000107,220.61073,0.98003,0.732481,0.989865,,,,,,,,,,,,
3,1389,58,9.027067,0.005024,0,0.034646,0.192301,0.14377,0.2882,,,,,,,,,,,,
18,8586,358,8.995882,133.192716,0.000105,228.057745,0.992338,0.742062,0.996159,,,,,,,,,,,,
15,6071,253,8.993942,6.738576,0.000011,136.671786,0.838602,0.633012,0.995783,,,,,,,,,,,,
10,5170,215,8.999089,2.143362,0.000025,66.781386,0.716786,0.536369,0.989751,,,,,,,,,,,,
6,5247,219,9.001419,2.005545,0.000021,50.726141,0.724766,0.541908,0.99446,,,,,,,,,,,,
7,3444,144,9.014415,0.497848,0,1.837273,0.478835,0.360287,0.71712,,,,,,,,,,,,
20,8262,344,9.001676,100.559283,0.000034,214.348968,0.974472,0.726116,0.985694,,,,,,,,,,,,
13,3496,146,9.027609,0.487438,0.000005,1.719204,0.485767,0.364335,0.719591,,,,,,,,,,,,
18,7920,330,9.026477,84.371581,0.000015,237.719893,0.996902,0.746487,0.995235,,,,,,,,,,,,
15,7110,296,9.001456,41.508035,0.000056,192.805386,0.953544,0.714199,0.994772,,,,,,,,,,,,
14,2844,119,8.982057,0.212416,0,0.843259,0.395815,0.294444,0.586747,,,,,,,,,,,,
4,1836,77,9.006536,0.02166,0,0.111764,0.255993,0.191018,0.380205,,,,,,,,,,,,
17,8942,373,8.999027,159.435515,0.000041,235.105106,0.997246,0.748638,0.996132,,,,,,,,,,,,
7,7590,316,8.977656,45.431745,0.000038,209.620894,0.975231,0.725946,0.995887,,,,,,,,,,,,
19,8778,366,8.987869,128.3,0.000125,239.500004,0.999999,0.75096,0.996087,,,,,,,,,,,,
18,5027,209,8.997753,2.535679,0.000005,70.073905,0.695926,0.519214,0.991913,,,,,,,,,,,,
20,473,20,9.091995,0,0,0,0.066477,0.049695,0.098693,,,,,,,,,,,,
12,1473,61,8.995283,0.000274,0,0.028574,0.203176,0.15362,0.303349,,,,,,,,,,,,
12,5556,232,9.007958,3.660611,0.000029,77.618733,0.769794,0.576955,0.996033,,,,,,,,,,,,
4,1792,75,9.011569,0.04261,0,0.154531,0.248935,0.185328,0.369607,,,,,,,,,,,,
6,3704,154,9.001103,0.62798,0.000011,2.831286,0.51408,0.385175,0.771076,,,,,,,,,,,,
6,5772,241,8.995725,4.600581,0.000041,85.599891,0.802342,0.599992,0.99283,,,,,,,,,,,,
9,4428,185,8.995595,1.126574,0.000131,7.066159,0.613589,0.459604,0.917862,,,,,,,,,,,,
16,1824,76,8.976441,0.020942,0,0.147378,0.251811,0.190147,0.378751,,,,,,,,,,,,
10,9000,375,9.00636,156.805169,0.000061,237.306554,0.999511,0.748435,0.996063,,,,,,,,,,,,
14,6650,277,9.008508,10.569793,0.000066,212.498504,0.920486,0.688311,0.995999,,,,,,,,,,,,
8,4168,174,9.007616,1.021923,0,8.321632,0.576964,0.433927,0.870227,,,,,,,,,,,,
17,5181,216,8.988123,2.664938,0.000033,59.561892,0.718041,0.538018,0.974478,,,,,,,,,,,,
6,2048,85,8.990702,0.031244,0,0.138466,0.28454,0.2123,0.422077,,,,,,,,,,,,
13,6539,272,8.984439,8.593881,0.000059,189.368429,0.903663,0.671298,0.995942,,,,,,,,,,,,
7,3591,150,8.986132,0.444697,0.000013,2.3729,0.49826,0.371814,0.74287,,,,,,,,,,,,
13,7830,326,8.99752,50.920724,0.000031,234.633177,0.994595,0.743632,0.995948,,,,,,,,,,,,
13,3776,157,9.005513,0.720823,0.000037,2.963545,0.52558,0.392489,0.78411,,,,,,,,,,,,
10,4920,205,9.00127,1.887343,0.000043,32.707514,0.685319,0.512759,0.994928,,,,,,,,,,,,
8,3816,159,8.994148,0.562343,0,2.610874,0.528052,0.395316,0.789346,,,,,,,,,,,,
7,3472,145,9.00082,0.57055,0,2.1322,0.481571,0.35878,0.715437,,,,,,,,,,,,
16,4563,190,8.995467,1.402666,0.000266,18.336868,0.62824,0.471826,0.948845,,,,,,,,,,,,
6,7280,303,9.001723,20.551794,0.000044,238.688394,0.995533,0.743594,0.996099,,,,,,,,,,,,
19,5030,210,8.994283,1.807706,0.000044,51.644314,0.697468,0.521664,0.992083,,,,,,,,,,,,
9,3206,134,8.999552,0.378276,0.000079,1.412075,0.443459,0.333968,0.665446,,,,,,,,,,,,
15,6930,289,9.016473,20.631614,0.000013,221.251941,0.961029,0.718511,0.99461,,,,,,,,,,,,
7,8517,355,8.993476,101.406493,0.000013,239.605997,0.999999,0.747194,0.996129,,,,,,,,,,,,
7,3129,130,9.010184,0.319811,0.000018,1.405231,0.434073,0.327331,0.652066,,,,,,,,,,,,
6,998,42,9.006163,0,0,0.001157,0.137803,0.104421,0.206711,,,,,,,,,,,,
10,7520,313,9.009434,33.213655,0.000039,207.172265,0.96474,0.723094,0.995899,,,,,,,,,,,,
13,470,20,9.022329,0,0,0,0.065391,0.048728,0.097738,,,,,,,,,,,,
16,7264,303,9.001199,53.66673,0.000109,226.347545,0.991318,0.74047,0.996031,,,,,,,,,,,,
15,7110,296,9.010793,24.671229,0.000227,189.978883,0.94103,0.706687,0.996175,,,,,,,,,,,,
6,6396,267,8.993761,8.338266,0.000071,153.625869,0.875083,0.654395,0.995869,,,,,,,,,,,,
2,988,41,8.996084,0,0,0.002953,0.137504,0.101795,0.204257,,,,,,,,,,,,
2,4990,208,8.998097,2.224059,0.000071,34.772661,0.693447,0.516615,0.940984,,,,,,,,,,,,
4,990,41,8.985992,0,0,0.000235,0.138004,0.101629,0.20268,,,,,,,,,,,,
2,1026,43,8.990713,0,0,0.00182,0.142669,0.106487,0.212744,,,,,,,,,,,,
5,2290,95,9.011644,0.083647,0,0.452779,0.317918,0.238294,0.476783,,,,,,,,,,,,
6,2748,115,8.990516,0.209224,0.000011,0.815371,0.380165,0.283685,0.565377,,,,,,,,,,,,
16,7568,315,8.99573,64.890956,0.000065,214.721698,0.980107,0.735714,0.996209,,,,,,,,,,,,
5,4790,200,9.001772,1.597531,0.00001,25.302168,0.663625,0.496152,0.948291,,,,,,,,,,,,
11,932,39,9.012863,0,0,0.000543,0.130435,0.09694,0.192877,,,,,,,,,,,,
12,2940,123,8.989653,0.26108,0,1.124948,0.406281,0.305616,0.610012,,,,,,,,,,,,
11,5280,220,8.990741,2.843657,0.000074,70.728173,0.731167,0.546049,0.972457,,,,,,,,,,,,
1,9500,396,9.000294,175.619783,0.00015,240.379055,0.99862,0.74805,0.996052,,,,,,,,,,,,
19,8910,371,9.016823,139.799657,0.000045,233.737371,0.987259,0.74096,0.9852,,,,,,,,,,,,
3,1503,63,9.001258,0.000063,0,0.032499,0.20848,0.156931,0.312695,,,,,,,,,,,,
3,1332,56,9.017956,0.001665,0,0.044363,0.186467,0.137691,0.276219,,,,,,,,,,,,
12,1928,80,8.974466,0.014505,0,0.116182,0.266452,0.199172,0.399525,,,,,,,,,,,,
19,9348,390,9.007685,177.136787,0.000045,238.012868,0.999999,0.748071,0.996201,,,,,,,,,,,,
3,4910,205,9.018702,2.703991,0.000132,39.941863,0.683883,0.510684,0.991223,,,,,,,,,,,,
14,6244,260,9.023264,5.728813,0.000112,156.286416,0.860074,0.641057,0.995896,,,,,,,,,,,,
5,2330,97,9.013556,0.055203,0,0.340769,0.324202,0.241674,0.483936,,,,,,,,,,,,
14,4338,181,8.989078,0.983641,0.000057,4.957916,0.599948,0.44992,0.891193,,,,,,,,,,,,
7,5993,250,9.001843,4.383064,0.000095,134.53169,0.829002,0.621657,0.99603,,,,,,,,,,,,
18,3444,144,8.993721,0.523517,0,1.674123,0.476998,0.356325,0.714116,,,,,,,,,,,,
4,7752,323,8.989346,67.671224,0.00003,202.875926,0.962564,0.71884,0.990714,,,,,,,,,,,,
11,5832,243,9.003856,5.084042,0.000114,126.813056,0.808956,0.607087,0.987124,,,,,,,,,,,,
16,7552,315,8.981853,67.100733,0.000044,236.051864,0.999134,0.749053,0.996122,,,,,,,,,,,,
11,8602,358,9.012026,123.033003,0.000045,226.206918,0.990017,0.740953,0.996147,,,,,,,,,,,,
17,3760,157,8.986561,0.568315,0.000005,2.525412,0.521324,0.390466,0.779935,,,,,,,,,,,,
9,7182,299,9.016035,42.954357,0.000112,192.548261,0.961544,0.72067,0.995495,,,,,,,,,,,,
10,4910,205,9.000938,2.313139,0.000007,23.268025,0.675887,0.506914,0.985361,,,,,,,,,,,,
9,4059,169,8.996771,1.095354,0,5.388798,0.561833,0.420322,0.840728,,,,,,,,,,,,
12,6072,253,8.991538,4.481949,0,144.795916,0.828318,0.622038,0.993373,,,,,,,,,,,,
13,5668,236,9.010232,2.807965,0.00001,108.364716,0.786803,0.5874,0.98349,,,,,,,,,,,,
3,2620,109,8.97998,0.086317,0,0.50342,0.361932,0.269775,0.539638,,,,,,,,,,,,
20,5759,240,9.007459,4.2416,0.000174,121.965848,0.795346,0.595173,0.986916,,,,,,,,,,,,
18,2976,124,9.000264,0.245348,0.000143,0.96261,0.412738,0.310142,0.620663,,,,,,,,,,,,
8,3944,164,8.99041,0.771843,0.000002,5.460687,0.547053,0.408167,0.817802,,,,,,,,,,,,
6,2290,95,8.993417,0.065891,0,0.275248,0.317623,0.238234,0.475458,,,,,,,,,,,,
8,5313,221,9.003569,2.721106,0.000073,62.633922,0.738379,0.552112,0.995742,,,,,,,,,,,,
11,3304,138,8.990443,0.327317,0,1.38608,0.457644,0.342184,0.679772,,,,,,,,,,,,
5,7632,318,9.005149,36.628841,0.000083,223.503418,0.985637,0.740077,0.99495,,,,,,,,,,,,
4,1824,76,8.98005,0.010197,0,0.078091,0.252536,0.189093,0.37695,,,,,,,,,,,,
1,490,20,9.032833,0,0,0,0.068116,0.050634,0.101517,,,,,,,,,,,,
5,2410,100,9.01441,0.055507,0,0.379728,0.334613,0.251242,0.499614,,,,,,,,,,,,
17,9054,377,9.013179,171.309628,0.000083,240.9533,0.999999,0.747726,0.996072,,,,,,,,,,,,
9,8041,335,9.004504,47.085541,0.000103,237.648666,0.999937,0.74907,0.996002,,,,,,,,,,,,
17,7956,332,8.985077,125.898543,0.000093,233.05098,0.991107,0.743296,0.990444,,,,,,,,,,,,
12,8424,351,9.000564,98.694985,0.000015,231.629817,0.992719,0.743954,0.996117,,,,,,,,,,,,
3,1362,57,8.975134,0.00107,0,0.020326,0.187976,0.142335,0.278925,,,,,,,,,,,,
9,4734,197,8.996056,1.452843,0.000061,17.688063,0.653888,0.486835,0.967415,,,,,,,,,,,,
7,8136,339,9.007688,102.509039,0.000067,234.82792,0.994848,0.748724,0.994087,,,,,,,,,,,,
20,5313,221,8.979431,3.099549,0.000029,73.302354,0.735731,0.552725,0.995208,,,,,,,,,,,,
8,3928,164,9.003889,0.685764,0.000005,3.796081,0.542708,0.405294,0.805461,,,,,,,,,,,,
4,4830,201,8.99029,1.824555,0.000088,18.373317,0.662527,0.494935,0.948325,,,,,,,,,,,,
12,5196,217,9.006308,2.576932,0.000051,64.578977,0.722629,0.541143,0.96137,,,,,,,,,,,,
8,5724,239,8.992914,3.619675,0.000034,99.605414,0.78969,0.592641,0.993289,,,,,,,,,,,,
8,3832,160,8.998402,0.634301,0.000233,2.832357,0.530342,0.397145,0.793966,,,,,,,,,,,,
5,3018,126,9.012762,0.342052,0,1.067623,0.418894,0.314528,0.627177,,,,,,,,,,,,
5,2385,99,8.999214,0.067179,0,0.338712,0.330342,0.2474,0.495394,,,,,,,,,,,,
3,1362,57,9.013296,0.00411,0,0.037251,0.18984,0.1423,0.281136,,,,,,,,,,,,
2,964,40,8.998846,0,0,0,0.133974,0.099888,0.2017,,,,,,,,,,,,
8,4040,168,9.000872,0.864709,0.000017,5.89399,0.558966,0.417895,0.83336,,,,,,,,,,,,
17,6012,251,8.986308,3.812425,0.000079,128.455393,0.819801,0.613281,0.995697,,,,,,,,,,,,
3,1422,59,8.998985,0,0,0.026299,0.196957,0.146964,0.28998,,,,,,,,,,,,
9,4680,195,9.008411,1.820168,0.000091,23.140162,0.651998,0.486126,0.940187,,,,,,,,,,,,
8,3872,161,8.985716,0.70077,0.000039,2.970178,0.534067,0.400633,0.797905,,,,,,,,,,,,
17,7446,310,9.016792,42.089167,0.000118,207.002809,0.969434,0.727006,0.99586,,,,,,,,,,,,
7,6860,286,8.993255,13.149256,0.000187,224.705588,0.953074,0.712132,0.989731,,,,,,,,,,,,
8,3736,156,9.002433,0.574892,0.000013,2.084822,0.517454,0.389377,0.770038,,,,,,,,,,,,
5,2280,95,9.008966,0.048578,0,0.289925,0.317171,0.237109,0.473447,,,,,,,,,,,,
10,4840,202,9.001769,1.829622,0.000089,24.016714,0.670222,0.5022,0.978982,,,,,,,,,,,,
12,2565,107,8.994837,0.059337,0,0.384589,0.355771,0.265424,0.534069,,,,,,,,,,,,
13,7888,329,8.994866,54.619332,0.000033,238.990487,0.999999,0.746522,0.995917,,,,,,,,,,,,
2,7376,307,8.997163,52.459717,0.000142,190.788662,0.951678,0.713151,0.982591,,,,,,,,,,,,
16,7408,309,8.99869,50.436237,0.000062,220.887521,0.986171,0.739312,0.994055,,,,,,,,,,,,
15,4820,201,9.002358,2.112318,0.000023,48.908432,0.667628,0.499001,0.993063,,,,,,,,,,,,
12,5988,250,9.001308,4.102738,0.000013,135.200828,0.831475,0.621382,0.995562,,,,,,,,,,,,
1,484,20,9.012785,0,0,0,0.067073,0.050426,0.101205,,,,,,,,,,,,
8,3816,159,8.969453,0.64291,0.000129,2.919163,0.526747,0.392877,0.781927,,,,,,,,,,,,
2,958,40,9.021285,0.000207,0,0.009089,0.132956,0.100005,0.199578,,,,,,,,,,,,
18,7152,298,9.002144,20.992945,0.000021,232.500067,0.987652,0.73919,0.996134,,,,,,,,,,,,
12,8058,336,8.978882,88.750438,0.00004,203.125222,0.969785,0.725995,0.99583,,,,,,,,,,,,
16,8802,367,8.994512,116.976499,0.000001,241.414348,0.999999,0.750425,0.996223,,,,,,,,,,,,
14,6944,289,8.972838,23.995912,0.000062,195.638711,0.94316,0.704118,0.996154,,,,,,,,,,,,
2,8721,363,8.995912,93.044365,0.000077,236.690798,0.997731,0.750299,0.995841,,,,,,,,,,,,
12,5400,225,8.982963,3.974914,0.000044,114.976548,0.745543,0.559003,0.995925,,,,,,,,,,,,
11,4972,207,8.986558,1.998288,0.00025,34.820046,0.689564,0.515295,0.964732,,,,,,,,,,,,
6,2730,114,8.999205,0.176931,0.000056,0.620716,0.378936,0.284969,0.566491,,,,,,,,,,,,
3,1407,59,8.976504,0.000764,0,0.024669,0.195363,0.145806,0.289877,,,,,,,,,,,,
4,5952,248,8.992296,3.923626,0.000049,118.493963,0.821314,0.616824,0.992265,,,,,,,,,,,,
19,8586,358,8.99398,130.473342,0.000037,237.360311,0.998603,0.750119,0.996011,,,,,,,,,,,,
15,6930,289,9.006981,23.402522,0.00015,174.079998,0.937271,0.701553,0.986605,,,,,,,,,,,,
9,4230,176,8.989608,0.938562,0.000025,6.953639,0.582106,0.437649,0.857779,,,,,,,,,,,,
9,4554,190,8.998907,1.448621,0.000016,17.912779,0.632865,0.47498,0.936525,,,,,,,,,,,,
6,2016,84,9.002006,0.012558,0,0.097746,0.279274,0.209292,0.419523,,,,,,,,,,,,
9,8982,374,9.002706,158.465,0.000044,230.865146,0.992765,0.742564,0.993865,,,,,,,,,,,,
1,506,21,8.950783,0,0,0,0.069643,0.052378,0.104415,,,,,,,,,,,,
13,5080,212,8.999529,2.164069,0.000021,52.761364,0.705066,0.52953,0.981506,,,,,,,,,,,,
20,9940,414,8.995454,201.081039,0.000023,226.050764,0.990704,0.739778,0.996066,,,,,,,,,,,,
7,3728,155,8.988061,0.629738,0,2.854484,0.515108,0.387284,0.767915,,,,,,,,,,,,
1,7552,315,8.983785,47.47976,0.000077,232.539756,0.996022,0.743611,0.995037,,,,,,,,,,,,
13,5424,226,8.984562,3.898723,0.000021,72.576915,0.746444,0.557017,0.978861,,,,,,,,,,,,
13,495,21,9.012543,0,0,0,0.068671,0.05182,0.101904,,,,,,,,,,,,
17,7905,329,8.978835,83.52402,0.000031,232.969804,0.995793,0.744148,0.996098,,,,,,,,,,,,
6,2736,114,9.010381,0.265159,0.000047,1.283113,0.381768,0.284661,0.569999,,,,,,,,,,,,
4,1836,77,9.017321,0.01121,0,0.120387,0.254872,0.191179,0.383814,,,,,,,,,,,,
13,5980,249,9.001925,5.172844,0.00019,136.220619,0.830846,0.622753,0.995957,,,,,,,,,,,,
19,9025,376,9.008392,129.438268,0.00005,238.754512,0.999999,0.748775,0.996079,,,,,,,,,,,,
13,8910,371,8.990973,124.58896,0.000096,229.536112,0.991825,0.743449,0.99602,,,,,,,,,,,,
18,3904,163,8.983382,0.893874,0.000174,4.088733,0.541486,0.405287,0.807669,,,,,,,,,,,,
18,2982,124,9.010293,0.206432,0,0.932845,0.413252,0.310967,0.619286,,,,,,,,,,,,
14,6832,285,8.994112,14.770175,0.000147,204.85648,0.947445,0.707784,0.992753,,,,,,,,,,,,
20,6201,258,8.997838,4.195661,0.000028,158.236019,0.846129,0.634917,0.996006,,,,,,,,,,,,
4,1772,74,9.002328,0.021516,0,0.125692,0.246641,0.183725,0.366391,,,,,,,,,,,,
4,1824,76,8.987235,0.037596,0,0.175366,0.253041,0.189345,0.378992,,,,,,,,,,,,
3,9018,376,9.004971,148.721275,0.000023,240.162322,0.999863,0.746644,0.995992,,,,,,,,,,,,
7,6664,278,8.998329,10.165913,0.000129,181.554528,0.906546,0.678911,0.995988,,,,,,,,,,,,
9,4509,188,9.011065,1.317844,0.000024,12.978803,0.623166,0.467384,0.93153,,,,,,,,,,,,
4,7232,301,8.995967,26.507769,0.000083,219.562999,0.978461,0.732168,0.990071,,,,,,,,,,,,
13,6383,266,9.02148,9.457092,0.000077,177.604397,0.874598,0.654825,0.989129,,,,,,,,,,,,
2,6524,272,8.998296,8.078101,0.000071,197.469925,0.901414,0.67416,0.995877,,,,,,,,,,,,
17,1326,55,9.005561,0.00003,0,0.031948,0.183834,0.138507,0.273857,,,,,,,,,,,,
13,6799,283,9.004635,10.204254,0.000009,161.074871,0.91056,0.6829,0.995089,,,,,,,,,,,,
8,3968,165,9.001304,0.940086,0.000036,7.591223,0.550827,0.411081,0.822061,,,,,,,,,,,,
15,7230,301,8.995914,38.356345,0.000044,209.816168,0.969137,0.724966,0.993222,,,,,,,,,,,,
17,5291,220,9.017543,2.533403,0.000062,91.863312,0.736196,0.550899,0.989879,,,,,,,,,,,,
19,6804,284,8.995437,9.698888,0.000077,223.212557,0.938637,0.703752,0.996008,,,,,,,,,,,,
14,5772,241,9.003444,3.519342,0.000076,134.269917,0.798772,0.600496,0.991329,,,,,,,,,,,,
5,1030,43,9.016878,0,0,0.003408,0.142309,0.107355,0.213233,,,,,,,,,,,,
15,7584,316,9.001129,51.328303,0.000016,214.218666,0.978481,0.731741,0.992654,,,,,,,,,,,,
19,8759,365,9.002768,142.817327,0.000059,213.263115,0.981386,0.73686,0.99537,,,,,,,,,,,,
16,7504,313,9.006802,29.483086,0.000054,227.148522,0.969242,0.725217,0.995825,,,,,,,,,,,,
3,1506,63,9.019024,0.000597,0,0.033281,0.209019,0.157393,0.314925,,,,,,,,,,,,
18,1928,80,8.980612,0.017139,0,0.133152,0.267192,0.198838,0.397985,,,,,,,,,,,,
17,2315,96,9.018994,0.074382,0,0.331352,0.322292,0.240928,0.479202,,,,,,,,,,,,
6,3030,126,8.995279,0.293806,0,1.104619,0.422574,0.314064,0.627365,,,,,,,,,,,,
14,7070,295,9.002383,33.511371,0.000128,234.871575,0.966547,0.722766,0.99624,,,,,,,,,,,,
4,1332,56,8.965838,0.001549,0,0.031874,0.183668,0.137933,0.277972,,,,,,,,,,,,
19,1062,44,8.973318,0,0,0.002162,0.146787,0.109937,0.220677,,,,,,,,,,,,
13,6565,274,8.995482,9.012368,0.000084,196.600266,0.911119,0.682337,0.995833,,,,,,,,,,,,
15,7080,295,8.986919,20.942914,0.000022,225.122859,0.966109,0.723692,0.99557,,,,,,,,,,,,
19,8208,342,8.999103,86.265587,0.000059,236.776047,0.999999,0.748115,0.996063,,,,,,,,,,,,
4,1920,80,8.990038,0.028663,0,0.195036,0.265855,0.199601,0.396146,,,,,,,,,,,,
2,6915,288,9.01926,10.406803,0.000032,204.816482,0.92739,0.692989,0.993319,,,,,,,,,,,,
14,7168,299,9.001118,15.736767,0.000024,221.214425,0.970971,0.729178,0.994053,,,,,,,,,,,,
15,538,22,9.006432,0,0,0,0.075238,0.055406,0.110588,,,,,,,,,,,,
13,7395,308,8.987671,23.389355,0,219.800416,0.977917,0.733174,0.992574,,,,,,,,,,,,
13,6071,253,9.00594,6.8794,0.000177,110.769646,0.842144,0.62826,0.993824,,,,,,,,,,,,
17,8177,341,9.001578,62.611995,0.000129,233.828863,0.997009,0.74276,0.996137,,,,,,,,,,,,
11,4820,201,8.986402,1.668645,0.000089,15.43641,0.667176,0.499393,0.946871,,,,,,,,,,,,
19,9215,384,9.017336,179.800003,0.000077,237.442571,0.999563,0.749281,0.996048,,,,,,,,,,,,
11,1467,61,8.983841,0,0,0.03031,0.202774,0.150979,0.304468,,,,,,,,,,,,
16,9424,393,8.993492,195.632344,0.000072,239.827259,0.999999,0.747559,0.9961,,,,,,,,,,,,
5,8279,345,9.011311,107.182499,0.000094,237.647108,0.999851,0.748992,0.996053,,,,,,,,,,,,
2,888,37,8.984863,0,0,0.000278,0.122983,0.091715,0.183793,,,,,,,,,,,,
2,958,40,9.00124,0,0,0.000893,0.133019,0.099282,0.199531,,,,,,,,,,,,
8,7744,323,9.000901,51.529351,0.000008,228.730107,0.990181,0.742056,0.996013,,,,,,,,,,,,
14,6450,269,8.99641,11.516771,0.000052,204.096708,0.880146,0.655548,0.995064,,,,,,,,,,,,
9,1984,83,9.001945,0.033732,0,0.137412,0.275554,0.205052,0.409783,,,,,,,,,,,,
17,8364,349,8.987116,96.124642,0.000157,234.558559,0.991041,0.742309,0.988342,,,,,,,,,,,,
2,2165,90,8.98478,0.066759,0,0.233268,0.301558,0.224187,0.445721,,,,,,,,,,,,
10,6650,277,8.986127,10.699773,0.000144,188.75597,0.913116,0.685226,0.985644,,,,,,,,,,,,
6,7776,324,8.997506,47.165822,0.000149,236.945714,0.997463,0.74667,0.996236,,,,,,,,,,,,
19,1527,64,8.97012,0.004191,0,0.045359,0.211225,0.157232,0.314587,,,,,,,,,,,,
8,2405,100,8.999977,0.048672,0,0.331501,0.333713,0.248881,0.501693,,,,,,,,,,,,
19,9899,412,9.012166,217.429858,0.000274,237.935397,0.999999,0.75045,0.995901,,,,,,,,,,,,
12,6024,251,9.00837,4.016073,0.00003,122.821269,0.836724,0.628186,0.995951,,,,,,,,,,,,
12,3255,136,9.003108,0.322173,0.000072,1.336799,0.451185,0.338869,0.676106,,,,,,,,,,,,
13,6396,267,8.989419,8.141907,0.000098,179.491494,0.880947,0.660895,0.995975,,,,,,,,,,,,
4,4293,179,8.984494,0.999939,0,10.527414,0.59521,0.444201,0.880655,,,,,,,,,,,,
11,5049,210,8.985861,2.453026,0.000027,50.815592,0.702005,0.522109,0.985284,,,,,,,,,,,,
8,7264,303,9.007567,28.008659,0.000005,218.877262,0.976797,0.729042,0.986231,,,,,,,,,,,,
19,8740,364,8.991922,150.813311,0.000006,241.575209,0.999999,0.746752,0.99615,,,,,,,,,,,,
12,6110,255,8.991708,5.953674,0.000036,153.120541,0.847628,0.6362,0.995253,,,,,,,,,,,,
17,7871,328,8.997711,94.123015,0.000113,236.568884,0.999999,0.745324,0.996026,,,,,,,,,,,,
13,6409,267,9.005936,9.808821,0.000051,144.191413,0.884612,0.66239,0.987434,,,,,,,,,,,,
14,6454,269,9.002246,7.445687,0.000228,204.032737,0.885029,0.660946,0.995883,,,,,,,,,,,,
17,1428,60,8.97707,0.00225,0,0.052999,0.197727,0.148451,0.295347,,,,,,,,,,,,
4,4700,196,8.996625,1.51659,0.000024,26.096819,0.651758,0.487524,0.96286,,,,,,,,,,,,
4,1948,81,8.97719,0.027106,0,0.175981,0.269003,0.203087,0.403826,,,,,,,,,,,,
13,6500,271,8.999346,4.972222,0.000083,199.299132,0.896087,0.670423,0.995951,,,,,,,,,,,,
14,6328,264,9.014811,7.125837,0.000157,194.677293,0.873543,0.654328,0.99425,,,,,,,,,,,,
7,3262,136,8.990278,0.477067,0.000093,1.733755,0.451497,0.337729,0.674576,,,,,,,,,,,,
7,6384,266,8.982283,8.498323,0.000204,212.342829,0.882271,0.659843,0.995806,,,,,,,,,,,,
19,6748,281,9.007513,7.002134,0.00016,196.531271,0.919369,0.69108,0.996079,,,,,,,,,,,,
14,3605,150,8.989222,0.413021,0.000019,2.055633,0.498537,0.370726,0.742912,,,,,,,,,,,,
14,7238,302,8.991961,29.909451,0.000114,209.965844,0.973745,0.725191,0.994757,,,,,,,,,,,,
16,8959,373,8.997792,155.270794,0.000079,233.892122,0.994837,0.743691,0.996014,,,,,,,,,,,,
13,2838,118,8.982843,0.173741,0,0.806481,0.392879,0.293204,0.584647,,,,,,,,,,,,
2,6524,272,8.999511,16.016732,0.000031,128.195815,0.883887,0.663088,0.975712,,,,,,,,,,,,
7,3262,136,8.982449,0.30175,0,1.422228,0.451772,0.338978,0.676952,,,,,,,,,,,,
7,3465,144,9.0166,0.474851,0,2.205549,0.482054,0.360641,0.719714,,,,,,,,,,,,
12,5616,234,9.014713,3.792915,0.000076,125.00199,0.780033,0.583126,0.994605,,,,,,,,,,,,
18,473,20,9.022265,0,0,0,0.065963,0.049439,0.097606,,,,,,,,,,,,
5,2838,118,8.981223,0.14032,0.000021,0.699964,0.391257,0.29296,0.585171,,,,,,,,,,,,
15,4590,191,8.987137,1.473904,0.000096,12.333124,0.633374,0.472714,0.93422,,,,,,,,,,,,
5,5030,210,9.008329,2.048102,0.00003,31.561968,0.695796,0.520252,0.975543,,,,,,,,,,,,
2,944,39,9.001848,0,0,0,0.130984,0.097972,0.196253,,,,,,,,,,,,
1,2586,108,8.995602,0.135505,0,0.539963,0.357735,0.267176,0.529961,,,,,,,,,,,,
5,5040,210,9.001896,2.382083,0.00002,43.750796,0.699566,0.521889,0.984352,,,,,,,,,,,,
11,5632,235,8.996733,4.520924,0.000002,114.305056,0.778003,0.582179,0.987239,,,,,,,,,,,,
12,7866,328,8.993191,73.964952,0.000211,238.732053,0.999999,0.749763,0.996209,,,,,,,,,,,,
14,8262,344,8.969571,117.119888,0.000056,216.337934,0.982,0.736135,0.994541,,,,,,,,,,,,
12,6060,253,8.997953,4.010397,0.000052,136.240786,0.841611,0.628864,0.996006,,,,,,,,,,,,
19,9215,384,8.989736,125.841544,0.000076,238.499672,0.99977,0.749467,0.996194,,,,,,,,,,,,
8,3744,156,9.00931,0.646534,0.000025,3.252262,0.518821,0.39013,0.77535,,,,,,,,,,,,
9,6760,282,9.009662,12.35358,0.000049,196.246216,0.908927,0.682055,0.989259,,,,,,,,,,,,
7,3591,150,9.004139,0.658554,0,2.23583,0.496634,0.374204,0.7477,,,,,,,,,,,,
5,944,39,9.00542,0,0,0,0.131258,0.098461,0.19553,,,,,,,,,,,,
17,8483,353,9.007506,110.770245,0.000005,230.072708,0.992627,0.745577,0.995867,,,,,,,,,,,,
7,2784,116,9.009183,0.225902,0.000008,0.921864,0.386665,0.286743,0.57881,,,,,,,,,,,,
18,7794,325,8.993718,84.208143,0.000083,238.010611,0.999911,0.750627,0.996033,,,,,,,,,,,,
20,3042,127,9.000758,0.292247,0,1.396646,0.420168,0.316712,0.635113,,,,,,,,,,,,
17,7242,302,8.997897,32.504836,0.000024,211.421352,0.967119,0.723892,0.991097,,,,,,,,,,,,
8,5832,243,9.001837,5.114446,0.000013,84.944267,0.808696,0.606453,0.99259,,,,,,,,,,,,
20,4419,184,8.994379,1.127121,0.000003,8.715607,0.613064,0.457806,0.906575,,,,,,,,,,,,
12,2724,114,9.005844,0.202056,0.0001,0.702103,0.3768,0.281942,0.562581,,,,,,,,,,,,
11,2862,119,9.011006,0.158453,0,0.706019,0.397801,0.297621,0.592686,,,,,,,,,,,,
2,8820,368,8.991691,130.31349,0.00003,240.009387,0.999999,0.748545,0.996061,,,,,,,,,,,,
6,2790,116,8.974588,0.187292,0,0.839278,0.384294,0.287321,0.573758,,,,,,,,,,,,
10,5104,213,8.993971,1.858331,0.000004,44.789645,0.705721,0.52626,0.994813,,,,,,,,,,,,
9,6482,270,8.984916,8.911086,0.000001,173.372965,0.900241,0.670578,0.992324,,,,,,,,,,,,
13,3656,152,9.012766,0.599319,0.00003,3.759729,0.505977,0.378776,0.752653,,,,,,,,,,,,
8,3888,162,8.993436,1.037299,0.000083,6.574655,0.540059,0.404352,0.809434,,,,,,,,,,,,
11,4419,184,9.002447,1.342006,0,11.381422,0.61215,0.456845,0.892044,,,,,,,,,,,,
19,8588,358,9.001516,143.72043,0.000062,240.617342,0.99989,0.748677,0.995996,,,,,,,,,,,,
8,3776,157,8.986154,0.584345,0,2.59816,0.525522,0.390439,0.773125,,,,,,,,,,,,
5,2235,93,9.011614,0.066043,0,0.31069,0.310479,0.23269,0.463003,,,,,,,,,,,,
6,8336,347,8.991102,111.98565,0.000084,234.035033,0.997373,0.745191,0.995938,,,,,,,,,,,,
4,7361,307,8.998472,39.078561,0.000064,213.568319,0.974894,0.729051,0.992409,,,,,,,,,,,,
13,2826,118,8.992893,0.181038,0,0.755651,0.391458,0.294656,0.586772,,,,,,,,,,,,
5,2445,102,8.986661,0.079306,0.000026,0.440255,0.337448,0.253761,0.506728,,,,,,,,,,,,
14,6318,263,9.003325,7.672077,0.000134,168.306192,0.873783,0.656663,0.995924,,,,,,,,,,,,
12,3430,143,9.002071,0.384916,0.000029,2.150286,0.475271,0.356085,0.706837,,,,,,,,,,,,
5,2270,95,8.998796,0.040434,0,0.271462,0.31355,0.237281,0.471725,,,,,,,,,,,,
14,2250,94,8.9745,0.063402,0,0.32365,0.311823,0.23363,0.465433,,,,,,,,,,,,
6,2916,122,8.976953,0.217861,0,1.037711,0.404069,0.3022,0.601804,,,,,,,,,,,,
9,1828,76,9.024273,0.027176,0,0.164859,0.254927,0.190343,0.382151,,,,,,,,,,,,
9,4239,177,8.993205,0.887063,0.000001,5.006328,0.587856,0.438609,0.876525,,,,,,,,,,,,
3,1416,59,9.012953,0,0,0.025405,0.195601,0.147529,0.292147,,,,,,,,,,,,
9,3924,164,9.004013,0.970737,0.000047,3.46648,0.545493,0.408503,0.812758,,,,,,,,,,,,
10,2934,122,9.000245,0.21616,0.000108,1.011928,0.406212,0.30543,0.610614,,,,,,,,,,,,
9,4302,179,8.990868,1.413238,0.000094,13.130039,0.596317,0.445639,0.891273,,,,,,,,,,,,
6,7095,296,9.0044,26.905506,0.000073,227.440197,0.984006,0.740294,0.995912,,,,,,,,,,,,
20,440,18,8.963018,0,0,0,0.060686,0.04549,0.09099,,,,,,,,,,,,
16,7872,328,8.992809,66.438139,0.0001,224.16307,0.98825,0.738524,0.995876,,,,,,,,,,,,
5,2290,95,9.008049,0.049006,0,0.315874,0.318039,0.237867,0.475171,,,,,,,,,,,,
4,2068,86,8.99302,0.025202,0,0.188446,0.287157,0.215005,0.427238,,,,,,,,,,,,
10,4690,195,8.997476,1.840099,0.000112,35.666566,0.650129,0.486647,0.954497,,,,,,,,,,,,
10,2946,123,9.010149,0.264891,0.000034,0.991186,0.407912,0.306702,0.608368,,,,,,,,,,,,
11,5335,222,8.981718,2.605115,0.000136,85.464892,0.737097,0.552065,0.989954,,,,,,,,,,,,
6,8550,356,8.982777,107.645855,0.000172,228.769631,0.991513,0.74163,0.994355,,,,,,,,,,,,
15,4365,182,9.004679,0.895796,0.000063,4.410556,0.604313,0.454433,0.901329,,,,,,,,,,,,
5,2630,110,8.99922,0.101339,0,0.524048,0.365883,0.274255,0.542545,,,,,,,,,,,,
13,8024,334,8.994468,67.635259,0.000076,237.289917,0.998026,0.747793,0.995809,,,,,,,,,,,,
15,511,21,8.98544,0,0,0,0.071186,0.052866,0.10632,,,,,,,,,,,,
19,9443,393,9.009533,166.817832,0.000077,235.308193,0.999883,0.747265,0.995973,,,,,,,,,,,,
3,4086,170,8.997665,0.864983,0.000021,4.536128,0.56705,0.425278,0.846952,,,,,,,,,,,,
3,8517,355,8.998695,123.659863,0.000068,236.649464,0.997085,0.749956,0.994973,,,,,,,,,,,,
14,7536,314,9.00327,66.931877,0.000043,230.482342,0.99353,0.743,0.996224,,,,,,,,,,,,
3,6958,290,8.998956,13.174686,0.000062,220.261188,0.947203,0.708598,0.995951,,,,,,,,,,,,
1,9937,414,9.011336,240.941871,0.000052,235.495355,0.997449,0.745163,0.99492,,,,,,,,,,,,
19,9937,414,8.996462,204.237128,0.000003,238.650046,0.999999,0.747754,0.996079,,,,,,,,,,,,
18,6692,279,8.996012,16.948473,0.000075,209.897849,0.908532,0.680067,0.995889,,,,,,,,,,,,
12,6735,281,9.015176,15.01869,0.000048,209.54581,0.931975,0.698315,0.996117,,,,,,,,,,,,
3,1392,58,8.974829,0.005178,0,0.041999,0.192277,0.144293,0.288468,,,,,,,,,,,,
17,930,39,8.989429,0,0,0.00029,0.128838,0.096489,0.192507,,,,,,,,,,,,
10,4980,208,8.993696,2.088255,0.000002,51.455687,0.69165,0.517529,0.99391,,,,,,,,,,,,
6,1956,82,9.007661,0.023162,0,0.142994,0.271374,0.203962,0.407696,,,,,,,,,,,,
1,4680,195,9.006446,1.344472,0.00005,16.485624,0.647875,0.483726,0.96932,,,,,,,,,,,,
1,7616,317,9.0008,43.670761,0.000281,199.195518,0.964802,0.724205,0.995873,,,,,,,,,,,,
15,7365,307,9.002716,24.855761,0.000032,220.695217,0.98274,0.733484,0.993694,,,,,,,,,,,,
15,6570,274,9.02143,21.792818,0.000095,206.816755,0.914846,0.68521,0.993388,,,,,,,,,,,,
6,3760,157,8.988371,0.875479,0.000024,2.986517,0.520485,0.388952,0.771179,,,,,,,,,,,,
12,6636,277,8.995631,14.84208,0.00003,191.967289,0.914561,0.684067,0.995919,,,,,,,,,,,,
2,6342,264,8.996698,9.421857,0.000006,177.74543,0.879561,0.66053,0.99043,,,,,,,,,,,,
12,2195,91,9.01901,0.081373,0,0.365911,0.305817,0.227151,0.454755,,,,,,,,,,,,
12,9367,390,8.992002,157.541508,0.000034,234.839372,0.999999,0.746775,0.995948,,,,,,,,,,,,
12,5748,240,9.006292,4.496609,0.000107,139.227315,0.797439,0.599098,0.995673,,,,,,,,,,,,
19,1054,44,9.001141,0,0,0.002745,0.145855,0.109188,0.218835,,,,,,,,,,,,
20,10140,423,9.005964,226.751994,0.000035,238.408531,0.999999,0.748645,0.995741,,,,,,,,,,,,
1,1808,75,8.984052,0.012454,0,0.142322,0.25037,0.187814,0.370894,,,,,,,,,,,,
15,1572,66,8.985739,0,0,0.030186,0.217141,0.163871,0.327557,,,,,,,,,,,,
9,4700,196,9.001819,1.377147,0.000179,11.003692,0.651918,0.485699,0.93998,,,,,,,,,,,,
6,3120,130,9.003546,0.236969,0,1.294925,0.43385,0.322953,0.647873,,,,,,,,,,,,
11,5346,223,8.998633,2.720809,0.000041,68.297645,0.739184,0.551629,0.995909,,,,,,,,,,,,
7,3346,139,8.997888,0.506605,0.000027,1.619151,0.465734,0.347364,0.690585,,,,,,,,,,,,
8,3556,148,9.005715,0.466679,0.000019,2.14011,0.493127,0.370912,0.734147,,,,,,,,,,,,
14,7252,302,8.997627,48.62462,0.000027,231.332614,0.993149,0.741345,0.996126,,,,,,,,,,,,
9,1350,56,8.981569,0.000858,0,0.034691,0.186348,0.140175,0.279741,,,,,,,,,,,,
16,7424,309,9.001444,58.281078,0.000075,235.283949,0.997763,0.747347,0.995831,,,,,,,,,,,,
19,7360,307,9.002415,33.380189,0.000087,220.344265,0.957279,0.715523,0.996176,,,,,,,,,,,,
6,9360,390,8.993076,180.468141,0.000067,241.686741,0.999999,0.747596,0.996118,,,,,,,,,,,,
18,2052,86,8.99814,0.015567,0,0.152347,0.284957,0.214232,0.425229,,,,,,,,,,,,
11,5269,220,8.992763,2.553621,0.000013,65.383817,0.726564,0.545033,0.985753,,,,,,,,,,,,
19,9614,401,9.001562,163.265318,0.000035,239.616729,0.999453,0.748787,0.996183,,,,,,,,,,,,
15,3129,130,8.996391,0.288903,0.000033,1.135164,0.433557,0.324504,0.651512,,,,,,,,,,,,
6,2730,114,9.015101,0.221724,0,0.60102,0.379174,0.282715,0.565631,,,,,,,,,,,,
11,5225,218,8.999946,2.75537,0.000115,68.813149,0.722654,0.540356,0.995803,,,,,,,,,,,,
12,6344,264,9.002337,6.637041,0.000056,187.489393,0.878723,0.656991,0.995918,,,,,,,,,,,,
10,1563,65,9.021003,0.003078,0,0.058805,0.217765,0.162964,0.325507,,,,,,,,,,,,
14,7070,295,8.992427,16.169741,0.000092,185.503121,0.930977,0.696268,0.993921,,,,,,,,,,,,
16,7472,311,9.008435,34.712978,0.000089,226.009972,0.989784,0.739379,0.995897,,,,,,,,,,,,
11,8874,370,8.997719,129.060618,0.000037,238.253182,0.999504,0.751211,0.996066,,,,,,,,,,,,
8,3544,148,8.980011,0.687805,0.000125,2.555226,0.491194,0.366673,0.734657,,,,,,,,,,,,
12,6496,271,8.989804,15.189808,0.000055,153.579563,0.899502,0.669176,0.990582,,,,,,,,,,,,
8,6227,259,9.000046,8.633605,0.000013,165.6302,0.854259,0.642921,0.995889,,,,,,,,,,,,
14,6454,269,9.000345,8.349859,0.000146,214.039024,0.889741,0.668175,0.995027,,,,,,,,,,,,
20,9500,396,8.993994,149.196824,0.000094,238.78011,0.997857,0.74777,0.996076,,,,,,,,,,,,
5,2385,99,8.996707,0.044508,0,0.252898,0.330443,0.24745,0.498307,,,,,,,,,,,,
13,6188,258,8.996511,6.351096,0.000165,182.770018,0.859749,0.64236,0.995366,,,,,,,,,,,,
6,4690,195,9.000561,1.99135,0.000062,15.86364,0.650706,0.488202,0.951936,,,,,,,,,,,,
13,5954,248,9.00052,6.02254,0.000025,135.08024,0.819873,0.611977,0.992794,,,,,,,,,,,,
18,8766,365,8.994019,131.431974,0.000142,239.99661,0.999999,0.75097,0.995994,,,,,,,,,,,,
12,5628,235,8.994938,3.780154,0.000099,116.629248,0.783339,0.584732,0.996072,,,,,,,,,,,,
11,5313,221,9.013002,3.12166,0.000101,82.018729,0.733895,0.550839,0.981992,,,,,,,,,,,,
1,499,21,8.995065,0,0,0,0.069308,0.051915,0.103958,,,,,,,,,,,,
13,4131,172,9.030177,0.846289,0.000016,7.048129,0.576255,0.431297,0.860517,,,,,,,,,,,,
8,4184,174,9.001436,0.970903,0.000048,8.572075,0.580066,0.435173,0.869565,,,,,,,,,,,,
8,3728,155,8.990948,0.572955,0.000126,3.320664,0.517602,0.386892,0.771207,,,,,,,,,,,,
4,8874,370,9.003035,134.43757,0.000029,236.691315,0.999342,0.74914,0.996024,,,,,,,,,,,,
6,3000,125,8.993446,0.233562,0.000002,0.876647,0.416242,0.312288,0.621768,,,,,,,,,,,,
9,3619,151,9.010656,0.717522,0.000004,2.13142,0.501799,0.373684,0.736371,,,,,,,,,,,,
3,1440,60,9.009678,0.000101,0,0.02794,0.199555,0.149744,0.300159,,,,,,,,,,,,
7,3042,127,8.976497,0.284012,0.000022,1.06796,0.42032,0.314536,0.628308,,,,,,,,,,,,
11,5280,220,8.987429,3.096221,0.000068,98.076226,0.732253,0.547998,0.992418,,,,,,,,,,,,
2,954,40,9.01929,0,0,0,0.132524,0.099193,0.197253,,,,,,,,,,,,
7,2968,124,9.00443,0.357972,0.000039,1.425798,0.411055,0.306812,0.615112,,,,,,,,,,,,
3,8154,340,9.014459,83.913869,0.000063,238.655807,0.999136,0.747738,0.995948,,,,,,,,,,,,
6,3054,127,9.001243,0.321061,0.000004,1.059701,0.426685,0.315915,0.634583,,,,,,,,,,,,
16,3648,152,9.010518,0.477187,0,3.205621,0.504993,0.380272,0.755648,,,,,,,,,,,,
14,2360,98,8.955496,0.033014,0,0.271673,0.326168,0.244158,0.487432,,,,,,,,,,,,
5,2340,98,8.997243,0.031199,0,0.238468,0.323152,0.243076,0.48459,,,,,,,,,,,,
4,3577,149,9.005886,0.369622,0,1.789817,0.496673,0.371812,0.734463,,,,,,,,,,,,
5,6383,266,8.998044,6.324024,0.000073,166.637106,0.884646,0.662729,0.995887,,,,,,,,,,,,
14,5460,228,8.993407,3.75543,0.000128,100.598012,0.75336,0.565994,0.991281,,,,,,,,,,,,
6,3072,128,9.007743,0.240178,0,1.063916,0.424161,0.319179,0.638018,,,,,,,,,,,,
12,5247,219,9.010541,3.807257,0.000128,47.600815,0.723624,0.54122,0.984176,,,,,,,,,,,,
2,7320,305,8.977935,25.126314,0.000095,236.407148,0.993766,0.742519,0.996113,,,,,,,,,,,,
19,962,40,9.006788,0,0,0.001106,0.132845,0.100988,0.198161,,,,,,,,,,,,
4,2072,86,8.996454,0.023936,0,0.224128,0.286961,0.214197,0.42669,,,,,,,,,,,,
17,8194,341,8.991357,120.833656,0.000026,234.852595,0.996963,0.742935,0.99617,,,,,,,,,,,,
19,9386,391,8.990383,156.944027,0.000063,235.58058,0.999295,0.745182,0.995999,,,,,,,,,,,,
15,7260,303,8.987138,31.599323,0.000065,198.579421,0.967698,0.723104,0.996056,,,,,,,,,,,,
15,2982,124,8.999047,0.335183,0.000007,1.131778,0.414221,0.309226,0.617313,,,,,,,,,,,,
16,5592,233,8.999038,6.626244,0.000098,104.787848,0.774081,0.574329,0.987497,,,,,,,,,,,,
11,6032,251,9.001861,7.630334,0.000086,103.201263,0.829654,0.620536,0.994428,,,,,,,,,,,,
9,4230,176,8.990902,1.142601,0.000161,7.82297,0.58479,0.441647,0.874876,,,,,,,,,,,,
9,4824,201,8.994786,1.612992,0.00012,26.968958,0.667645,0.500963,0.976115,,,,,,,,,,,,
6,4570,190,9.00535,1.548525,0.000036,11.615955,0.632188,0.47258,0.922153,,,,,,,,,,,,
12,5640,235,8.998391,4.843756,0.000055,97.342207,0.775528,0.57855,0.996057,,,,,,,,,,,,
16,7056,294,8.994334,26.940993,0.000042,221.667144,0.973432,0.727934,0.99273,,,,,,,,,,,,
14,6888,287,9.001616,16.766103,0.000041,232.938183,0.946827,0.709526,0.996231,,,,,,,,,,,,
9,6024,251,9.010834,5.531152,0.000008,150.524533,0.836115,0.627858,0.995877,,,,,,,,,,,,
4,2814,117,8.994606,0.197438,0,0.862591,0.390408,0.292425,0.582063,,,,,,,,,,,,
11,5643,235,8.998318,3.686238,0.000224,124.928271,0.779056,0.58407,0.992761,,,,,,,,,,,,
18,860,36,9.025357,0,0,0,0.120314,0.089357,0.178613,,,,,,,,,,,,
2,980,41,9.005049,0,0,0.002542,0.135553,0.102969,0.201609,,,,,,,,,,,,
16,7424,309,9.004216,34.982634,0.000031,235.288787,0.998294,0.748347,0.996192,,,,,,,,,,,,
2,6383,266,9.018195,6.909645,0.000087,177.961019,0.887447,0.664681,0.984097,,,,,,,,,,,,
12,5556,232,9.008477,4.588552,0.000122,137.054677,0.771321,0.576611,0.995649,,,,,,,,,,,,
1,485,20,8.979313,0,0,0,0.066736,0.050415,0.100737,,,,,,,,,,,,
12,5568,232,9.000518,6.866226,0.000033,108.457582,0.770672,0.574894,0.993746,,,,,,,,,,,,
17,7718,322,8.986901,52.283718,0.000076,230.280607,0.989042,0.742453,0.993105,,,,,,,,,,,,
11,4167,174,8.996391,0.994141,0.000103,4.973133,0.575331,0.431085,0.857555,,,,,,,,,,,,
1,10360,432,9.008605,241.756598,0.000056,240.510192,0.99945,0.749563,0.996174,,,,,,,,,,,,
7,1892,79,9.007449,0.023516,0,0.116376,0.262974,0.197675,0.393759,,,,,,,,,,,,
2,8854,369,8.993474,151.160861,0.000037,238.713845,0.999999,0.749047,0.996001,,,,,,,,,,,,
6,2754,115,9.00888,0.184203,0,0.714889,0.38437,0.286783,0.571101,,,,,,,,,,,,
7,3465,144,9.000691,0.377414,0.000208,1.656914,0.479551,0.361185,0.720832,,,,,,,,,,,,
10,2922,122,8.999438,0.174513,0,0.845742,0.405884,0.302656,0.604662,,,,,,,,,,,,
13,6461,269,8.993994,11.72961,0.000377,210.022037,0.89616,0.671407,0.994284,,,,,,,,,,,,
7,493,21,9.055621,0,0,0,0.068585,0.051924,0.102556,,,,,,,,,,,,
12,2838,118,8.99345,0.199279,0,0.772566,0.39258,0.293651,0.592264,,,,,,,,,,,,
11,503,21,8.97664,0,0,0,0.069437,0.052402,0.104455,,,,,,,,,,,,
6,2964,124,9.011043,0.185081,0,0.771016,0.413064,0.308507,0.616339,,,,,,,,,,,,
15,6975,291,9.002672,14.89119,0.000082,209.849017,0.960264,0.718566,0.99607,,,,,,,,,,,,
8,3680,153,8.999275,0.743126,0.000045,3.648196,0.510139,0.380192,0.758207,,,,,,,,,,,,
8,7840,327,8.995969,62.236281,0.000033,217.107272,0.977578,0.73284,0.990808,,,,,,,,,,,,
6,7650,319,9.004106,55.850085,0.000079,230.145471,0.990594,0.744127,0.994416,,,,,,,,,,,,
14,2880,120,9.004929,0.254475,0.000319,0.952022,0.398573,0.300538,0.596015,,,,,,,,,,,,
13,5967,249,9.003618,4.661732,0.000192,123.710498,0.811552,0.609427,0.990045,,,,,,,,,,,,
12,7328,305,9.004132,24.99997,0.000092,199.56301,0.964371,0.722876,0.995577,,,,,,,,,,,,
3,1527,64,8.993636,0.00005,0,0.025578,0.21287,0.158246,0.316795,,,,,,,,,,,,
19,9671,403,9.01107,199.37456,0.000012,238.711959,0.999999,0.747155,0.996003,,,,,,,,,,,,
3,1365,57,9.014608,0.00006,0,0.032938,0.18993,0.142829,0.283956,,,,,,,,,,,,
11,5214,217,9.003992,2.726631,0.000127,57.160926,0.721409,0.541558,0.989847,,,,,,,,,,,,
17,8466,353,8.990487,119.12776,0.000082,237.712164,0.999686,0.749038,0.996132,,,,,,,,,,,,
9,3920,163,9.005867,0.575215,0.000019,3.035336,0.544327,0.407918,0.812585,,,,,,,,,,,,
13,928,39,9.003977,0,0,0.002198,0.129335,0.095629,0.193093,,,,,,,,,,,,
14,6776,282,9.004472,14.792742,0.000042,167.576782,0.927444,0.692817,0.996028,,,,,,,,,,,,
18,3840,160,8.990423,0.692191,0.000057,3.193523,0.5339,0.399119,0.797526,,,,,,,,,,,,
12,8192,341,8.992564,122.35997,0.00003,239.379949,0.999999,0.746161,0.995932,,,,,,,,,,,,
12,5616,234,8.992121,3.721881,0.00011,88.549779,0.760495,0.568312,0.995436,,,,,,,,,,,,
4,1936,81,9.005418,0.040819,0,0.274205,0.269195,0.201201,0.402094,,,,,,,,,,,,
16,8160,340,8.971414,103.03544,0.000083,235.860223,0.999999,0.747122,0.996021,,,,,,,,,,,,
4,4230,176,9.001243,1.026302,0.000065,5.674269,0.586477,0.440564,0.87918,,,,,,,,,,,,
10,5010,209,9.000659,2.124724,0.000067,25.964705,0.695248,0.518021,0.975215,,,,,,,,,,,,
20,8464,353,9.012792,170.590225,0.000106,238.760582,0.999468,0.746033,0.996053,,,,,,,,,,,,
10,7856,327,8.983401,47.045788,0.000041,232.155613,0.995313,0.74246,0.995797,,,,,,,,,,,,
19,3784,158,8.997205,0.759268,0.000082,3.814081,0.523612,0.392318,0.77985,,,,,,,,,,,,
18,8802,367,9.009202,129.604155,0.000161,236.475152,0.999999,0.749636,0.99605,,,,,,,,,,,,
18,8154,340,8.988405,97.044702,0.000045,241.310775,0.999626,0.748087,0.995964,,,,,,,,,,,,
15,6885,287,8.982983,17.956072,0.000026,194.02998,0.951197,0.70922,0.995908,,,,,,,,,,,,
12,5808,242,9.013925,5.689084,0.000134,138.003739,0.808185,0.605333,0.97101,,,,,,,,,,,,
4,6812,284,8.99917,12.213375,0.000131,186.785745,0.920723,0.686932,0.996189,,,,,,,,,,,,
19,8493,354,9.008189,101.795428,0.000041,225.171206,0.986023,0.736485,0.996012,,,,,,,,,,,,
15,9738,406,8.98329,158.94599,0.000117,237.743033,0.999999,0.750119,0.996127,,,,,,,,,,,,
2,2365,99,9.016934,0.099981,0,0.526795,0.330223,0.244764,0.486857,,,,,,,,,,,,
16,6024,251,9.007808,3.741685,0.000017,174.196587,0.831125,0.62277,0.99594,,,,,,,,,,,,
17,976,41,9.000129,0,0,0.001344,0.136348,0.100827,0.203833,,,,,,,,,,,,
16,7552,315,9.002516,33.843564,0.000024,230.401885,0.994225,0.742862,0.996121,,,,,,,,,,,,
3,1497,62,8.994078,0.002875,0,0.037018,0.207292,0.155114,0.312108,,,,,,,,,,,,
14,7238,302,9.01778,25.731072,0,229.367818,0.982391,0.735361,0.995929,,,,,,,,,,,,
2,938,39,9.033474,0,0,0.000252,0.13112,0.097037,0.194627,,,,,,,,,,,,
12,3784,158,8.989558,0.673232,0.000016,3.404956,0.523886,0.390872,0.779238,,,,,,,,,,,,
6,497,21,9.00102,0,0,0,0.068401,0.051842,0.103546,,,,,,,,,,,,
18,9576,399,9.002562,169.327575,0.000042,237.745,0.997555,0.747434,0.99523,,,,,,,,,,,,
19,9760,407,8.990449,188.790424,0.000021,240.98759,0.999658,0.748323,0.99608,,,,,,,,,,,,
14,1900,79,9.003484,0.023686,0,0.134373,0.264225,0.196626,0.393098,,,,,,,,,,,,
15,7470,311,9.003763,39.033317,0.000123,233.753976,0.993605,0.744844,0.991746,,,,,,,,,,,,
11,2185,91,8.972773,0.062112,0.000004,0.296169,0.302053,0.225441,0.447684,,,,,,,,,,,,
2,968,40,9.004915,0,0,0.001057,0.134704,0.100321,0.198997,,,,,,,,,,,,
13,8075,336,9.002784,95.776749,0.000078,238.929601,0.999999,0.748673,0.995942,,,,,,,,,,,,
12,6564,274,9.008864,9.398985,0.000203,179.752778,0.906479,0.677898,0.993612,,,,,,,,,,,,
4,4430,185,9.010191,1.358435,0.000152,12.325914,0.615853,0.461729,0.902046,,,,,,,,,,,,
12,4740,198,8.97983,2.340165,0.000045,29.659478,0.656017,0.490543,0.965004,,,,,,,,,,,,
11,5808,242,9.004915,5.17608,0.000062,131.739425,0.80327,0.602204,0.986476,,,,,,,,,,,,
12,5748,240,8.993009,3.646459,0.000165,136.005985,0.798212,0.597676,0.995878,,,,,,,,,,,,
15,9129,380,9.022533,180.419772,0.000075,238.172648,0.995953,0.74345,0.993093,,,,,,,,,,,,
7,9671,403,8.994327,208.527664,0.000041,238.241689,0.998988,0.747733,0.996019,,,,,,,,,,,,
10,5010,209,8.992432,1.765313,0.000151,35.69715,0.693532,0.5182,0.992927,,,,,,,,,,,,
20,9720,405,8.973769,202.207713,0.000041,233.828011,0.996256,0.747868,0.996048,,,,,,,,,,,,
6,6468,270,9.014153,10.017478,0.00008,157.051778,0.890208,0.669595,0.995852,,,,,,,,,,,,
20,9840,410,8.996038,155.074851,0.000127,238.801108,0.999999,0.750413,0.995915,,,,,,,,,,,,
18,8388,350,8.994765,135.376308,0.0001,235.495532,0.999999,0.746373,0.99614,,,,,,,,,,,,
5,2365,99,9.005453,0.074912,0,0.401149,0.328804,0.246208,0.490502,,,,,,,,,,,,
20,4970,207,8.999518,2.572099,0.000001,35.443857,0.689809,0.517506,0.943812,,,,,,,,,,,,
2,960,40,9.00156,0,0,0.002453,0.133213,0.098985,0.198832,,,,,,,,,,,,
9,8857,369,9.009179,153.420802,0,231.040334,0.987531,0.739729,0.989162,,,,,,,,,,,,
10,4790,200,9.006674,2.000489,0.000128,40.491713,0.665777,0.499353,0.987079,,,,,,,,,,,,
19,8664,361,8.98076,114.268007,0.000045,235.035785,0.997013,0.746662,0.995875,,,,,,,,,,,,
3,7000,292,8.997417,21.074262,0,211.122893,0.967363,0.723764,0.996237,,,,,,,,,,,,
19,2838,118,9.002506,0.159152,0,0.761589,0.393511,0.29402,0.592223,,,,,,,,,,,,
14,7252,302,9.004335,25.695706,0.000062,199.579636,0.96497,0.718872,0.995936,,,,,,,,,,,,
1,1425,59,8.985127,0,0,0.014953,0.197761,0.147958,0.295835,,,,,,,,,,,,
19,8797,367,8.994097,113.262637,0.000051,231.707288,0.995072,0.743814,0.995865,,,,,,,,,,,,
5,6748,281,8.996558,13.074355,0.000108,225.90135,0.928958,0.697859,0.996134,,,,,,,,,,,,
16,7488,312,9.003173,32.015304,0.000139,231.360979,0.988675,0.742219,0.996125,,,,,,,,,,,,
18,7136,297,9.008713,40.268627,0.00002,186.41547,0.960565,0.717303,0.995849,,,,,,,,,,,,
7,6810,284,9.018421,13.431541,0.000011,182.186526,0.931741,0.6984,0.996171,,,,,,,,,,,,
8,3720,155,9.014249,0.762236,0.000022,4.722553,0.515013,0.384687,0.75947,,,,,,,,,,,,
10,4900,204,8.988923,1.575532,0.000002,18.748828,0.679659,0.50973,0.993166,,,,,,,,,,,,
19,2350,98,8.986325,0.038647,0,0.250161,0.325157,0.24361,0.483001,,,,,,,,,,,,
17,8432,351,8.992602,132.919093,0.000045,224.47529,0.991001,0.743869,0.994949,,,,,,,,,,,,
7,7520,313,9.000728,55.483538,0.000145,219.555207,0.985768,0.738091,0.996095,,,,,,,,,,,,
17,3479,145,8.989402,0.425996,0.00003,1.247433,0.483715,0.360856,0.714442,,,,,,,,,,,,
3,1422,59,9.014327,0.004062,0,0.042614,0.197361,0.147577,0.295209,,,,,,,,,,,,
11,6097,254,8.987842,6.669463,0.000069,141.237714,0.840414,0.629393,0.995964,,,,,,,,,,,,
14,5159,215,8.985907,2.887468,0.000019,68.075934,0.715247,0.537053,0.982171,,,,,,,,,,,,
11,6944,289,9.01248,8.616622,0.00004,229.618739,0.955616,0.713472,0.995899,,,,,,,,,,,,
17,8109,338,8.991587,93.858367,0.000042,219.550663,0.982924,0.733055,0.991414,,,,,,,,,,,,
5,3800,158,9.002609,0.447165,0,2.325856,0.527059,0.395466,0.779363,,,,,,,,,,,,
9,9080,378,9.010728,158.921225,0.000309,232.045609,0.995582,0.746473,0.996032,,,,,,,,,,,,
12,5964,249,8.993415,5.470191,0.000109,162.714458,0.82259,0.615331,0.995837,,,,,,,,,,,,
18,5772,241,9.007851,4.590453,0.000026,110.706766,0.798619,0.595589,0.991344,,,,,,,,,,,,
5,2440,102,8.986648,0.075503,0,0.433048,0.338325,0.25267,0.50672,,,,,,,,,,,,
7,3465,144,9.005187,0.38035,0.000028,1.769358,0.480474,0.361235,0.723422,,,,,,,,,,,,
19,8607,359,9.001436,127.147275,0.000087,238.101371,0.999999,0.749147,0.996038,,,,,,,,,,,,
17,2682,112,9.007021,0.292236,0,1.022141,0.373953,0.279117,0.556159,,,,,,,,,,,,
13,6149,256,8.997819,6.977564,0.000074,174.398955,0.847434,0.634411,0.996059,,,,,,,,,,,,
14,7065,294,8.988293,20.816864,0.000047,220.52914,0.979143,0.733257,0.995881,,,,,,,,,,,,
9,4203,175,8.990208,1.295211,0.000164,8.919084,0.582655,0.436118,0.865868,,,,,,,,,,,,
4,1944,81,8.99641,0.014131,0,0.108754,0.270729,0.201227,0.402449,,,,,,,,,,,,
10,6240,260,8.994517,8.717386,0.00013,190.121804,0.856632,0.643207,0.996093,,,,,,,,,,,,
13,6448,269,9.0156,7.603324,0.000091,188.291402,0.895682,0.672778,0.994268,,,,,,,,,,,,
14,3290,137,9.00006,0.410865,0.000018,1.521381,0.456321,0.342562,0.686734,,,,,,,,,,,,
4,2108,88,8.995439,0.036112,0,0.240532,0.29148,0.220377,0.438672,,,,,,,,,,,,
2,940,39,9.001441,0,0,0.004156,0.130176,0.098527,0.192336,,,,,,,,,,,,
2,9310,388,8.995602,155.013906,0.000027,238.692221,0.999999,0.745138,0.996006,,,,,,,,,,,,
18,6356,265,8.989279,9.580153,0.000117,132.360845,0.866148,0.648388,0.996,,,,,,,,,,,,
19,8645,360,9.003447,115.013328,0.000021,233.982736,0.995618,0.745874,0.996006,,,,,,,,,,,,
12,5532,231,9.011453,3.219638,0.000058,94.826011,0.766946,0.574002,0.992231,,,,,,,,,,,,
19,9329,389,8.997434,204.894501,0.000015,239.20483,0.999933,0.747989,0.995971,,,,,,,,,,,,
4,2020,84,8.983502,0.038042,0,0.204397,0.278951,0.210917,0.416875,,,,,,,,,,,,
14,6860,286,8.995187,17.023443,0.000037,207.382514,0.945221,0.70926,0.996004,,,,,,,,,,,,
7,2958,123,8.997755,0.195038,0,0.88519,0.409966,0.307667,0.613282,,,,,,,,,,,,
12,5964,249,8.995006,5.340484,0.000078,113.76629,0.823614,0.61719,0.989711,,,,,,,,,,,,
20,7568,315,8.996849,46.199411,0.000153,217.561715,0.982592,0.735752,0.995951,,,,,,,,,,,,
5,6526,272,8.990396,5.553105,0.000135,175.883665,0.906483,0.67801,0.992769,,,,,,,,,,,,
8,4980,208,8.996057,2.156198,0.000005,35.928807,0.689958,0.514799,0.968776,,,,,,,,,,,,
16,7552,315,8.989546,57.2671,0.000128,201.961834,0.967908,0.724178,0.995938,,,,,,,,,,,,
15,7605,317,9.009919,62.591043,0.000091,234.389056,0.994153,0.743117,0.993268,,,,,,,,,,,,
17,2330,97,8.99645,0.044231,0.000105,0.264183,0.3234,0.24299,0.48311,,,,,,,,,,,,
7,1828,76,8.966053,0.01982,0,0.134327,0.252095,0.188841,0.374711,,,,,,,,,,,,
1,450,19,9.044017,0,0,0,0.062794,0.04675,0.093836,,,,,,,,,,,,
18,487,20,9.070575,0,0,0,0.067631,0.051277,0.101153,,,,,,,,,,,,
5,5093,212,9.007663,2.929936,0.000059,78.969226,0.707209,0.530215,0.99393,,,,,,,,,,,,
13,3402,142,9.000367,0.47525,0.000052,1.684263,0.470995,0.352856,0.706603,,,,,,,,,,,,
19,9177,382,8.985605,156.982875,0.000028,235.535458,0.997282,0.745821,0.994673,,,,,,,,,,,,
13,8460,353,8.992736,74.288611,0.000081,231.427586,0.99456,0.743951,0.996034,,,,,,,,,,,,
9,4203,175,8.984109,0.873414,0,8.794634,0.580818,0.432356,0.853453,,,,,,,,,,,,
13,4780,199,8.991413,1.589925,0.000103,26.148519,0.658389,0.49194,0.946096,,,,,,,,,,,,
12,5628,235,9.003198,4.144305,0.000046,82.135085,0.782208,0.58441,0.995835,,,,,,,,,,,,
5,7871,328,9.008549,69.790639,0.000027,238.512657,0.998988,0.748528,0.996016,,,,,,,,,,,,
1,6578,274,8.992818,8.829056,0.000223,155.642055,0.899369,0.672285,0.995322,,,,,,,,,,,,
9,3942,164,9.005739,1.016962,0.000042,5.293246,0.54596,0.408156,0.818655,,,,,,,,,,,,
11,5621,234,9.006848,3.220947,0.000115,119.688724,0.777187,0.583714,0.994382,,,,,,,,,,,,
5,3444,144,8.983471,0.550098,0.00005,1.924365,0.476652,0.356761,0.711924,,,,,,,,,,,,
16,7856,327,8.989178,77.123844,0.000021,233.86631,0.997262,0.747815,0.995829,,,,,,,,,,,,
19,1904,79,8.97858,0.016826,0,0.126766,0.263303,0.197118,0.393849,,,,,,,,,,,,
10,4890,204,8.98362,1.826998,0.000238,29.101412,0.677661,0.507683,0.972384,,,,,,,,,,,,
19,8987,374,9.010305,158.222697,0.000003,232.5541,0.995634,0.743903,0.995902,,,,,,,,,,,,
1,447,19,8.976067,0,0,0,0.061959,0.045962,0.092956,,,,,,,,,,,,
9,4185,174,9.00375,1.403242,0.000012,14.847975,0.581903,0.436742,0.869312,,,,,,,,,,,,
2,5967,249,8.994044,5.72017,0.00019,155.036739,0.812684,0.612741,0.995895,,,,,,,,,,,,
16,6266,261,8.994383,4.73182,0.000069,161.92839,0.865487,0.649467,0.993213,,,,,,,,,,,,
9,4329,180,8.995722,1.314202,0.00013,7.134341,0.600626,0.450508,0.898055,,,,,,,,,,,,
12,7392,308,8.996336,30.298038,0.000006,213.677804,0.980384,0.735102,0.99604,,,,,,,,,,,,
10,4500,188,9.012232,1.441725,0.000045,7.743928,0.623573,0.467658,0.922926,,,,,,,,,,,,
11,5324,222,9.005486,2.822715,0.000024,106.024028,0.738029,0.554387,0.983048,,,,,,,,,,,,
14,6608,275,9.011687,11.057301,0.000019,188.478775,0.910851,0.683482,0.995957,,,,,,,,,,,,
15,7200,300,9.014351,31.919434,0.000018,239.417326,0.999733,0.747023,0.995996,,,,,,,,,,,,
7,4302,179,9.01716,1.023516,0.000074,5.063778,0.599187,0.447434,0.887147,,,,,,,,,,,,
15,7365,307,9.00097,51.314704,0.000035,230.593735,0.990457,0.740443,0.991636,,,,,,,,,,,,
4,1880,78,9.009681,0.016072,0,0.098919,0.261303,0.194895,0.391091,,,,,,,,,,,,
20,9820,409,9.011422,155.050818,0.000114,238.488152,0.999999,0.748731,0.996058,,,,,,,,,,,,
14,6669,278,9.015565,20.665538,0.000104,150.472369,0.899733,0.673605,0.993528,,,,,,,,,,,,
18,9522,397,8.987282,167.878349,0.000129,236.800477,0.999999,0.751105,0.996302,,,,,,,,,,,,
4,1936,81,9.003652,0.011166,0,0.143254,0.268351,0.200983,0.400848,,,,,,,,,,,,
19,2032,85,9.001694,0.018972,0,0.178895,0.281624,0.211326,0.422908,,,,,,,,,,,,
14,7742,323,9.012246,43.531771,0.000085,231.317993,0.989416,0.743573,0.995886,,,,,,,,,,,,
2,942,39,8.994771,0,0,0.000019,0.130269,0.097545,0.195707,,,,,,,,,,,,
3,5742,239,8.995881,4.274637,0.000048,106.682667,0.796279,0.595081,0.988406,,,,,,,,,,,,
16,7504,313,8.994432,47.941433,0.000092,213.879866,0.971189,0.724962,0.993286,,,,,,,,,,,,
8,9700,404,9.006727,191.10099,0.000065,235.729301,0.999999,0.744712,0.995845,,,,,,,,,,,,
20,2310,96,9.008494,0.071521,0,0.338691,0.320097,0.241386,0.481973,,,,,,,,,,,,
2,8568,357,9.009702,106.803418,0.000098,238.047031,0.998677,0.749629,0.995798,,,,,,,,,,,,
2,934,39,8.974163,0,0,0.000421,0.129606,0.097352,0.192537,,,,,,,,,,,,
3,4347,181,8.994406,1.422879,0.000004,6.317312,0.601563,0.447458,0.889193,,,,,,,,,,,,
15,3752,156,9.001859,0.598467,0.000014,2.30352,0.521039,0.389861,0.773879,,,,,,,,,,,,
20,9600,400,8.988911,192.039431,0.00003,238.962978,0.999886,0.748716,0.995962,,,,,,,,,,,,
9,5720,238,8.992815,4.160572,0.000048,100.846591,0.791715,0.59354,0.994283,,,,,,,,,,,,
5,2365,99,8.996211,0.09737,0,0.440236,0.329335,0.246114,0.489428,,,,,,,,,,,,
3,1431,60,9.006139,0.001713,0,0.026739,0.198593,0.148346,0.297931,,,,,,,,,,,,
15,7320,305,9.005943,31.436208,0.000112,235.86742,0.995173,0.742122,0.995922,,,,,,,,,,,,
7,3514,146,9.000058,0.545039,0.000053,2.313529,0.487885,0.366114,0.731338,,,,,,,,,,,,
9,3952,165,9.00682,0.681459,0.000078,2.488211,0.548933,0.410222,0.810737,,,,,,,,,,,,
15,1512,63,8.979616,0,0,0.027839,0.209702,0.157088,0.312068,,,,,,,,,,,,
18,1428,60,8.995263,0.001016,0,0.022296,0.198406,0.147669,0.294644,,,,,,,,,,,,
7,3332,139,8.989867,0.339606,0.000005,1.437048,0.461369,0.346267,0.694167,,,,,,,,,,,,
4,2190,91,8.995975,0.082046,0.000009,0.448963,0.304504,0.227239,0.454912,,,,,,,,,,,,
1,472,20,8.989206,0,0,0,0.065388,0.048881,0.096799,,,,,,,,,,,,
5,2275,95,8.97755,0.030031,0,0.254914,0.314909,0.236249,0.470302,,,,,,,,,,,,
2,2300,96,8.969616,0.082579,0,0.381191,0.318987,0.238286,0.477594,,,,,,,,,,,,
16,7664,319,9.004681,63.624235,0.000086,214.171463,0.979824,0.735394,0.995952,,,,,,,,,,,,
4,2024,84,8.999173,0.031149,0,0.211416,0.280499,0.210387,0.421036,,,,,,,,,,,,
12,964,40,9.005976,0,0,0.000141,0.133444,0.100427,0.199518,,,,,,,,,,,,
19,9234,385,8.998738,144.909706,0.000032,239.18502,0.999707,0.750735,0.995928,,,,,,,,,,,,
8,2670,111,9.006715,0.147678,0,0.637798,0.371705,0.27792,0.553882,,,,,,,,,,,,
9,4365,182,8.98544,1.328773,0.000055,21.284727,0.605785,0.453147,0.905148,,,,,,,,,,,,
16,7872,328,8.991011,72.257165,0.000158,238.579686,0.997988,0.750537,0.996031,,,,,,,,,,,,
7,3682,153,9.009288,0.548676,0.000032,3.008261,0.513912,0.382305,0.761559,,,,,,,,,,,,
11,5954,248,9.011724,4.034735,0.000105,152.753525,0.826192,0.620094,0.994421,,,,,,,,,,,,
11,4120,172,9.022381,0.917558,0.000108,6.290163,0.573016,0.430861,0.856797,,,,,,,,,,,,
9,8316,347,8.9886,97.006206,0.00007,232.418705,0.989926,0.74442,0.990725,,,,,,,,,,,,
17,5192,216,8.996697,3.071268,0.000074,69.719842,0.718385,0.537579,0.981129,,,,,,,,,,,,
8,5225,218,8.993322,2.402475,0.000022,47.692245,0.724093,0.543477,0.983843,,,,,,,,,,,,
8,4032,168,9.002153,0.651558,0.00009,4.381486,0.561142,0.417647,0.832674,,,,,,,,,,,,
14,5676,237,8.981954,3.144539,0.00017,94.789793,0.773951,0.57955,0.995953,,,,,,,,,,,,
6,5796,242,9.01623,3.262932,0.000244,120.298631,0.800776,0.599189,0.995966,,,,,,,,,,,,
7,3521,147,9.000716,0.535179,0.000016,3.404123,0.488331,0.366749,0.72927,,,,,,,,,,,,
11,5236,218,8.971527,2.76831,0.000041,70.212059,0.721178,0.53996,0.99461,,,,,,,,,,,,
6,10240,427,8.999711,205.274902,0.000044,239.504666,0.999999,0.749268,0.996106,,,,,,,,,,,,
15,928,39,9.021006,0,0,0,0.129105,0.096936,0.192944,,,,,,,,,,,,
9,5172,216,9.026621,3.087305,0.000041,82.173241,0.722336,0.537338,0.995005,,,,,,,,,,,,
2,990,41,9.006326,0,0,0.000081,0.137496,0.102241,0.206476,,,,,,,,,,,,
10,4990,208,8.996696,1.704712,0.000018,40.782768,0.691383,0.51986,0.986101,,,,,,,,,,,,
11,8415,351,9.009803,90.871656,0.000001,235.26595,0.999072,0.745905,0.995924,,,,,,,,,,,,
5,2320,97,8.986691,0.044858,0,0.26841,0.320976,0.240983,0.482113,,,,,,,,,,,,
18,5832,243,9.003649,4.954103,0.000046,118.809489,0.801011,0.599206,0.996067,,,,,,,,,,,,
13,5038,210,9.016684,2.635041,0.000043,62.100212,0.700755,0.525614,0.974699,,,,,,,,,,,,
13,3736,156,8.992244,0.793422,0.000014,3.265348,0.516899,0.388062,0.764946,,,,,,,,,,,,
11,5665,236,9.002307,3.931482,0.000049,152.430731,0.785693,0.589639,0.995895,,,,,,,,,,,,
10,6832,285,9.006765,17.098828,0.000021,208.925476,0.946864,0.707392,0.995951,,,,,,,,,,,,
3,5700,238,9.016952,5.604976,0.00002,170.720769,0.787935,0.586381,0.991232,,,,,,,,,,,,
19,9006,375,8.981825,141.43189,0.000041,229.796125,0.993405,0.744945,0.996279,,,,,,,,,,,,
11,7830,326,9.011021,72.752393,0.000074,238.306984,0.999842,0.746981,0.99595,,,,,,,,,,,,
3,1422,59,9.035199,0.002607,0,0.035858,0.197009,0.148159,0.298887,,,,,,,,,,,,
5,7136,297,9.006235,17.574143,0.000087,223.542987,0.974114,0.727652,0.995988,,,,,,,,,,,,
4,468,20,9.003584,0,0,0,0.064894,0.048293,0.097117,,,,,,,,,,,,
12,5832,243,8.992062,6.679041,0.000079,98.530107,0.80569,0.601983,0.993869,,,,,,,,,,,,
12,5724,239,9.000973,4.851094,0.000016,86.790559,0.783355,0.585439,0.995834,,,,,,,,,,,,
4,1716,72,8.989252,0.016171,0,0.09138,0.237328,0.177182,0.351035,,,,,,,,,,,,
12,3493,146,8.98556,0.351993,0,2.035635,0.483366,0.362586,0.715812,,,,,,,,,,,,
4,1920,80,8.983403,0.006052,0,0.092142,0.26506,0.199293,0.3982,,,,,,,,,,,,
5,3704,154,8.987088,0.722361,0.000026,2.822435,0.51392,0.384601,0.762109,,,,,,,,,,,,
18,473,20,8.974868,0,0,0,0.065553,0.048606,0.096972,,,,,,,,,,,,
18,9144,381,8.989199,166.99534,0.000142,238.588623,0.999999,0.749403,0.995914,,,,,,,,,,,,
16,8532,356,9.006165,95.619604,0.000058,239.213805,0.999399,0.752147,0.996025,,,,,,,,,,,,
6,8398,350,9.010068,109.858579,0.000181,232.728807,0.983568,0.736635,0.982812,,,,,,,,,,,,
17,4302,179,9.004593,1.354053,0,18.130978,0.596474,0.445107,0.888785,,,,,,,,,,,,
13,2652,111,8.993195,0.201906,0,0.642362,0.368009,0.275196,0.550783,,,,,,,,,,,,
12,4016,167,8.989744,0.885632,0.000046,4.447752,0.555337,0.417396,0.829761,,,,,,,,,,,,
6,3072,128,8.99631,0.224249,0,0.984914,0.42617,0.319204,0.636614,,,,,,,,,,,,
5,2385,99,8.986067,0.053297,0,0.332792,0.329819,0.246809,0.492345,,,,,,,,,,,,
13,6045,252,8.998754,5.545974,0.000056,136.019749,0.833018,0.626705,0.99591,,,,,,,,,,,,
14,5588,233,8.981821,3.853392,0.000056,93.332842,0.77383,0.581561,0.995941,,,,,,,,,,,,
5,460,19,8.974173,0,0,0,0.063456,0.04782,0.095521,,,,,,,,,,,,
18,8676,362,8.970476,159.931542,0.00009,239.768801,0.999999,0.747853,0.99589,,,,,,,,,,,,
9,4518,188,9.011138,1.105295,0.000011,8.441082,0.627865,0.470831,0.934682,,,,,,,,,,,,
3,8658,361,9.000702,89.099726,0.000041,231.018449,0.995299,0.744539,0.996039,,,,,,,,,,,,
10,4900,204,9.014344,1.757334,0.000038,45.841065,0.678744,0.508356,0.974204,,,,,,,,,,,,
16,8368,349,9.003761,87.365411,0.000024,238.644972,0.999999,0.748719,0.996215,,,,,,,,,,,,
10,1485,62,9.001614,0.001453,0,0.039443,0.207593,0.154038,0.308633,,,,,,,,,,,,
9,4437,185,8.994793,1.084827,0.000005,9.804032,0.617609,0.461325,0.912069,,,,,,,,,,,,
18,8802,367,8.992158,128.286075,0.000066,227.967093,0.991158,0.741229,0.994813,,,,,,,,,,,,
17,7378,307,9.000997,23.110783,0.000128,216.440392,0.961963,0.721063,0.996114,,,,,,,,,,,,
7,7488,312,8.999471,44.074013,0.000117,227.307437,0.989671,0.741081,0.994981,,,,,,,,,,,,
3,5400,225,9.009631,2.947087,0.000038,84.281591,0.74777,0.561636,0.995228,,,,,,,,,,,,
19,9614,401,8.996723,146.460902,0.000025,219.344044,0.984855,0.736349,0.996087,,,,,,,,,,,,
10,4640,193,9.014989,2.178452,0.000049,18.131706,0.64633,0.483505,0.942111,,,,,,,,,,,,
15,8160,340,9.010679,70.755479,0.00004,237.93506,0.997762,0.748755,0.996083,,,,,,,,,,,,
20,7216,301,8.985087,26.959805,0.000028,212.971345,0.975064,0.73177,0.996106,,,,,,,,,,,,
11,9196,383,9.007081,215.15398,0.000017,237.13114,0.999766,0.746443,0.996023,,,,,,,,,,,,
14,6874,286,8.999286,13.358023,0.000034,190.901602,0.935568,0.702499,0.991126,,,,,,,,,,,,
20,3353,140,9.023925,0.464106,0.000159,2.989762,0.46688,0.34959,0.688725,,,,,,,,,,,,
15,1980,83,9.033027,0.017321,0,0.122853,0.27532,0.205279,0.409154,,,,,,,,,,,,
5,9160,382,9.009473,146.452063,0.000057,239.292342,0.999999,0.749844,0.996082,,,,,,,,,,,,
10,4560,190,9.000443,1.388983,0.000012,12.589145,0.633675,0.473512,0.934743,,,,,,,,,,,,
12,5964,249,8.996061,4.324923,0.000052,172.155464,0.826697,0.616696,0.996026,,,,,,,,,,,,
4,1968,82,9.004993,0.023339,0,0.167905,0.272412,0.20481,0.408732,,,,,,,,,,,,
3,1461,61,8.990291,0.00051,0,0.036123,0.202458,0.151797,0.303602,,,,,,,,,,,,
13,6643,277,9.012005,21.652801,0.000023,219.279918,0.920202,0.68905,0.995093,,,,,,,,,,,,
8,8604,359,9.002459,140.313408,0.000077,234.748559,0.996692,0.745174,0.996141,,,,,,,,,,,,
9,8551,356,8.992993,130.86158,0.00008,229.759805,0.992309,0.741658,0.993349,,,,,,,,,,,,
11,5544,231,8.999764,3.660505,0.000003,59.40091,0.760484,0.569098,0.996015,,,,,,,,,,,,
3,1924,80,8.95999,0.022231,0,0.123377,0.26593,0.197767,0.397209,,,,,,,,,,,,
19,6795,283,9.007563,12.961654,0.000002,194.603905,0.934028,0.696357,0.993384,,,,,,,,,,,,
11,5720,238,8.983876,3.426638,0.000052,108.427342,0.793441,0.592504,0.996056,,,,,,,,,,,,
4,6916,288,9.008845,11.310522,0.000104,201.480084,0.930412,0.69966,0.995267,,,,,,,,,,,,
3,1410,59,9.000453,0,0,0.016193,0.196438,0.146675,0.293028,,,,,,,,,,,,
5,2390,100,9.013885,0.049849,0,0.347416,0.331457,0.248724,0.49719,,,,,,,,,,,,
9,4275,178,8.992651,1.040787,0.000045,8.569352,0.593231,0.443829,0.885536,,,,,,,,,,,,
5,2400,100,9.01625,0.068207,0,0.305406,0.333541,0.250862,0.498117,,,,,,,,,,,,
5,1996,83,8.984748,0.033502,0,0.160355,0.274479,0.206125,0.411194,,,,,,,,,,,,
12,5616,234,8.992615,3.149934,0.000174,123.820424,0.774461,0.582027,0.996279,,,,,,,,,,,,
14,6622,276,8.983716,14.149019,0.000091,200.436827,0.903566,0.675335,0.996153,,,,,,,,,,,,
18,6370,265,8.995281,5.192128,0.000018,170.104224,0.869009,0.650398,0.995948,,,,,,,,,,,,
2,3936,164,9.004511,0.753636,0.000071,3.534134,0.545532,0.407571,0.808109,,,,,,,,,,,,
17,1437,60,8.999788,0.004599,0,0.020596,0.199373,0.149511,0.298342,,,,,,,,,,,,
15,942,39,9.005625,0,0,0,0.130484,0.097759,0.194172,,,,,,,,,,,,
14,3367,140,8.995958,0.322996,0.000136,1.250462,0.466294,0.350425,0.700872,,,,,,,,,,,,
13,4554,190,9.005385,1.383742,0,11.812317,0.632648,0.472465,0.933627,,,,,,,,,,,,
18,946,39,8.987002,0,0,0.003671,0.130357,0.098473,0.197474,,,,,,,,,,,,
3,1494,62,9.022571,0.000493,0,0.033058,0.208911,0.154926,0.311487,,,,,,,,,,,,
5,2380,99,8.988211,0.052102,0,0.280424,0.329565,0.244477,0.491524,,,,,,,,,,,,
8,1992,83,9.029496,0.012714,0,0.134881,0.277446,0.208806,0.41517,,,,,,,,,,,,
5,2565,107,8.997565,0.10314,0,0.5293,0.356297,0.265059,0.531688,,,,,,,,,,,,
12,2868,120,8.99404,0.191098,0,0.764156,0.397263,0.297816,0.590756,,,,,,,,,,,,
11,2410,100,9.003078,0.068478,0,0.298916,0.335682,0.250352,0.500386,,,,,,,,,,,,
10,4640,193,9.008379,1.5551,0.000207,16.399253,0.642759,0.479514,0.951564,,,,,,,,,,,,
11,5170,215,9.006509,3.195885,0.000027,86.498711,0.717986,0.535895,0.979856,,,,,,,,,,,,
12,5352,223,9.014188,3.354545,0.000053,88.102103,0.738237,0.551293,0.988031,,,,,,,,,,,,
3,1356,57,8.997444,0,0,0.010922,0.188373,0.140204,0.282965,,,,,,,,,,,,
12,10100,421,9.01691,215.315386,0.00013,236.945683,0.999999,0.748389,0.996166,,,,,,,,,,,,
3,4176,174,8.997936,1.281394,0,6.869419,0.581091,0.435235,0.85025,,,,,,,,,,,,
15,2320,97,8.992805,0.079988,0,0.388958,0.322813,0.240941,0.482738,,,,,,,,,,,,
20,4239,177,8.983552,2.140366,0.000023,10.483069,0.585907,0.438734,0.876079,,,,,,,,,,,,
5,2310,96,9.005627,0.05097,0,0.29759,0.321172,0.240088,0.482366,,,,,,,,,,,,
8,5664,236,8.995174,3.852006,0.000049,117.315826,0.786635,0.588968,0.96518,,,,,,,,,,,,
13,4185,174,8.99569,1.173664,0,5.900999,0.579711,0.432966,0.847503,,,,,,,,,,,,
3,3290,137,9.001422,0.594527,0.000219,1.659051,0.456412,0.341811,0.678406,,,,,,,,,,,,
19,8712,363,9.006026,146.562503,0.000101,236.800979,0.996748,0.744669,0.995878,,,,,,,,,,,,
12,5000,208,8.996099,2.39859,0.000154,34.835949,0.689401,0.515619,0.979416,,,,,,,,,,,,
13,6357,265,9.004338,7.430765,0.000149,137.632034,0.875318,0.651724,0.995886,,,,,,,,,,,,
3,1467,61,9.021944,0.000152,0,0.019669,0.20394,0.152059,0.306063,,,,,,,,,,,,
3,9576,399,8.984553,168.692092,0.000067,236.153356,0.999875,0.746987,0.996059,,,,,,,,,,,,
17,8500,354,9.001123,119.547524,0.000013,235.59763,0.997402,0.744761,0.995262,,,,,,,,,,,,
2,5532,231,8.980577,3.326921,0.000215,101.93011,0.763903,0.571372,0.951036,,,,,,,,,,,,
2,8930,372,9.009528,151.68741,0.000089,224.134428,0.985118,0.736924,0.991194,,,,,,,,,,,,
14,6636,277,9.003496,15.562615,0.000012,163.695514,0.905285,0.678926,0.995708,,,,,,,,,,,,
8,505,21,9.016989,0,0,0,0.070847,0.052626,0.103956,,,,,,,,,,,,
19,6300,263,8.999991,10.177315,0.000049,137.472017,0.858344,0.641442,0.994983,,,,,,,,,,,,
16,8272,345,8.981735,138.885741,0.000089,237.110091,0.999999,0.744493,0.996064,,,,,,,,,,,,
19,1880,78,9.001394,0.019614,0,0.137039,0.261878,0.196055,0.388554,,,,,,,,,,,,
19,501,21,9.043021,0,0,0,0.069928,0.052487,0.104071,,,,,,,,,,,,
20,3143,131,9.007856,0.678414,0.000058,1.895191,0.437116,0.326092,0.652199,,,,,,,,,,,,
2,6292,262,8.984986,10.00558,0,149.816634,0.874509,0.654034,0.987853,,,,,,,,,,,,
5,10040,418,8.997303,231.399528,0.00008,233.817144,0.996378,0.746625,0.993991,,,,,,,,,,,,
15,6840,285,9.015475,16.402387,0.00001,156.168299,0.896713,0.669721,0.989286,,,,,,,,,,,,
10,6383,266,9.005522,4.687223,0.000055,185.177498,0.88246,0.661847,0.995684,,,,,,,,,,,,
14,6594,275,9.005047,7.883548,0.000055,199.650147,0.90911,0.682113,0.996138,,,,,,,,,,,,
2,892,37,8.991944,0,0,0,0.123682,0.092041,0.182931,,,,,,,,,,,,
12,5688,237,8.99262,3.798488,0.000076,103.716571,0.787292,0.587795,0.987541,,,,,,,,,,,,
13,6253,261,9.007089,7.719078,0.000091,172.688626,0.866967,0.648107,0.99335,,,,,,,,,,,,
15,7308,305,8.994469,35.396992,0.000074,218.533964,0.975672,0.730257,0.994641,,,,,,,,,,,,
15,7125,297,8.994217,29.355662,0.000113,224.751467,0.980527,0.733131,0.996031,,,,,,,,,,,,
13,5520,230,8.983924,3.398891,0.000148,110.062383,0.762577,0.570056,0.964912,,,,,,,,,,,,
14,3332,139,9.005115,0.383397,0,1.205555,0.46375,0.347585,0.68592,,,,,,,,,,,,
17,7956,332,9.001834,117.07626,0.000133,220.492616,0.986908,0.736857,0.995147,,,,,,,,,,,,
13,6058,252,8.999185,4.426532,0.000014,104.423582,0.813845,0.606967,0.995981,,,,,,,,,,,,
6,4880,203,9.006804,2.541855,0.000211,22.123356,0.676786,0.505341,0.985483,,,,,,,,,,,,
1,5302,221,8.999255,2.342256,0.000065,76.362877,0.734046,0.549832,0.994177,,,,,,,,,,,,
4,1944,81,8.985453,0.00906,0,0.119627,0.270333,0.20198,0.402128,,,,,,,,,,,,
6,2766,115,9.009114,0.1683,0,0.792253,0.384452,0.287677,0.575535,,,,,,,,,,,,
9,1398,58,8.989973,0,0,0.021134,0.193615,0.145119,0.28917,,,,,,,,,,,,
14,6272,261,9.002618,6.903699,0.000076,148.137094,0.866984,0.650125,0.995446,,,,,,,,,,,,
14,3968,165,8.979826,0.655325,0.000006,3.470318,0.549797,0.410804,0.810923,,,,,,,,,,,,
10,5200,217,8.986861,2.445024,0.000053,67.545417,0.720672,0.538565,0.993341,,,,,,,,,,,,
9,3888,162,9.018496,0.881318,0.000044,5.199765,0.538721,0.403526,0.805126,,,,,,,,,,,,
5,2400,100,8.996638,0.081297,0,0.403585,0.332577,0.248199,0.495614,,,,,,,,,,,,
16,6344,264,8.999781,9.39108,0.000116,181.15962,0.87544,0.65611,0.993114,,,,,,,,,,,,
12,6622,276,9.000076,9.182408,0.000001,193.546749,0.917232,0.683582,0.996169,,,,,,,,,,,,
8,3976,166,9.009071,0.733406,0.00007,4.595232,0.548281,0.409702,0.82171,,,,,,,,,,,,
13,3736,156,8.992773,0.697983,0,3.296946,0.52016,0.388615,0.775686,,,,,,,,,,,,
2,6846,285,8.997454,19.354958,0.00002,194.183672,0.942355,0.704707,0.981833,,,,,,,,,,,,
3,6440,268,9.002161,11.034525,0.000072,206.576886,0.897888,0.668789,0.9962,,,,,,,,,,,,
10,6240,260,8.998781,5.903355,0.000333,158.797174,0.858215,0.644464,0.996103,,,,,,,,,,,,
4,5236,218,8.99472,2.856857,0.00004,63.54751,0.726489,0.543993,0.989764,,,,,,,,,,,,
4,6976,291,9.003308,24.759285,0.000058,196.092471,0.949427,0.714146,0.985555,,,,,,,,,,,,
14,7112,296,9.009122,22.411568,0.000161,234.115691,0.98534,0.738412,0.995658,,,,,,,,,,,,
10,446,19,9.006478,0,0,0,0.062107,0.04637,0.09305,,,,,,,,,,,,
15,7215,301,8.998631,51.662098,0.000075,190.823277,0.959472,0.716829,0.9959,,,,,,,,,,,,
17,8092,337,8.995711,69.239752,0.000075,234.511874,0.997584,0.74765,0.996006,,,,,,,,,,,,
8,3888,162,9.009737,0.678111,0.000017,2.569027,0.539925,0.406244,0.810254,,,,,,,,,,,,
13,6513,271,8.997753,10.199368,0.000139,182.580496,0.902476,0.674975,0.996021,,,,,,,,,,,,
9,469,20,9.030622,0,0,0,0.065384,0.048925,0.096878,,,,,,,,,,,,
7,3444,144,8.987873,0.438601,0,1.626538,0.478662,0.357984,0.713801,,,,,,,,,,,,
8,3816,159,9.005397,0.740035,0.000094,2.911729,0.530205,0.397663,0.795837,,,,,,,,,,,,
16,5522,230,8.988834,3.776239,0.00003,132.599267,0.767667,0.572222,0.995247,,,,,,,,,,,,
17,8381,349,8.996062,109.795424,0.000039,236.902181,0.999999,0.746177,0.995827,,,,,,,,,,,,
16,7728,322,9.003715,71.695887,0.000138,212.989003,0.981466,0.733723,0.996072,,,,,,,,,,,,
16,7936,331,9.015275,103.20715,0.000057,238.777378,0.999999,0.74734,0.996032,,,,,,,,,,,,
9,4293,179,8.994736,0.849525,0.000011,4.864923,0.590431,0.441123,0.871943,,,,,,,,,,,,
19,9690,404,9.001399,152.866854,0.00005,233.541021,0.997019,0.7453,0.996007,,,,,,,,,,,,
4,1006,42,9.005403,0,0,0,0.139192,0.103546,0.206562,,,,,,,,,,,,
20,8032,335,9.0015,105.829783,0.000041,241.06586,0.999999,0.748947,0.996066,,,,,,,,,,,,
11,5588,233,8.999042,3.719818,0.00004,115.563762,0.77274,0.582395,0.987173,,,,,,,,,,,,
12,4790,200,8.993296,1.753774,0.000086,23.122409,0.662786,0.499113,0.975196,,,,,,,,,,,,
14,6328,264,8.985311,6.3769,0.000012,185.867908,0.867347,0.64737,0.992524,,,,,,,,,,,,
16,8784,366,9.001835,140.004038,0.0002,234.713825,0.994784,0.745412,0.99262,,,,,,,,,,,,
5,2225,93,8.982726,0.04187,0,0.297799,0.308757,0.231311,0.462198,,,,,,,,,,,,
14,6818,284,8.996091,16.333738,0.000052,214.416593,0.939065,0.704306,0.995847,,,,,,,,,,,,
4,1924,80,8.992262,0.01351,0,0.132149,0.266253,0.198336,0.396846,,,,,,,,,,,,
2,6328,264,8.976199,13.10328,0.000062,201.542047,0.872524,0.653059,0.995207,,,,,,,,,,,,
3,1368,57,8.992539,0.000555,0,0.023892,0.189628,0.142348,0.282431,,,,,,,,,,,,
4,8816,367,8.995278,149.535286,0.000096,232.667546,0.995966,0.748047,0.996094,,,,,,,,,,,,
15,7695,321,9.009911,31.197229,0.000013,204.213235,0.964043,0.722644,0.988759,,,,,,,,,,,,
19,3824,159,8.995985,1.015102,0.000014,4.454353,0.529599,0.396767,0.792501,,,,,,,,,,,,
8,1916,80,8.990448,0.015452,0,0.165841,0.264846,0.197844,0.395549,,,,,,,,,,,,
16,7824,326,9.007902,39.952744,0.000068,232.978731,0.995735,0.74143,0.99617,,,,,,,,,,,,
18,9500,396,8.989097,204.497166,0.000055,239.355881,0.999999,0.747549,0.996144,,,,,,,,,,,,
9,3290,137,9.013368,0.38552,0.000031,1.603162,0.457985,0.343163,0.68339,,,,,,,,,,,,
9,1004,42,9.006382,0,0,0.000897,0.139014,0.10436,0.20704,,,,,,,,,,,,
16,5258,219,8.975739,2.96942,0.000031,96.985362,0.72436,0.54235,0.987052,,,,,,,,,,,,
6,2850,119,9.005516,0.196351,0,0.897657,0.393504,0.295982,0.588295,,,,,,,,,,,,
1,468,20,9.001356,0,0,0,0.064836,0.048572,0.098146,,,,,,,,,,,,
6,2838,118,9.034712,0.268962,0,0.947605,0.395358,0.297126,0.593303,,,,,,,,,,,,
20,8960,373,8.998129,142.385015,0.000059,235.654067,0.998097,0.747074,0.996247,,,,,,,,,,,,
9,4257,177,8.995927,1.127827,0.000058,6.591306,0.59114,0.440911,0.881432,,,,,,,,,,,,
9,1868,78,9.002296,0.020399,0,0.117963,0.257589,0.194073,0.384322,,,,,,,,,,,,
2,856,36,9.018185,0,0,0.000587,0.119002,0.089191,0.177943,,,,,,,,,,,,
11,962,40,9.009646,0,0,0,0.133911,0.100395,0.19963,,,,,,,,,,,,
1,493,21,8.975986,0,0,0,0.067898,0.051134,0.102286,,,,,,,,,,,,
15,7155,298,9.005788,30.298193,0.000099,238.196185,0.996333,0.743639,0.996197,,,,,,,,,,,,
11,4383,183,9.007875,1.115416,0.000023,7.466869,0.608177,0.455469,0.907486,,,,,,,,,,,,
15,6855,286,8.997733,33.44549,0.00002,218.000355,0.954835,0.712727,0.994718,,,,,,,,,,,,
7,3080,128,9.001377,0.362649,0.000092,1.497834,0.427727,0.320346,0.642501,,,,,,,,,,,,
19,7184,299,9.003093,39.821589,0.000012,229.116947,0.984517,0.738628,0.984872,,,,,,,,,,,,
10,4600,192,8.995837,1.357823,0.00005,10.037442,0.632359,0.472489,0.933338,,,,,,,,,,,,
8,3856,161,9.019737,0.486912,0,2.49952,0.536483,0.400494,0.798299,,,,,,,,,,,,
6,3048,127,9.032912,0.253383,0,1.040583,0.425022,0.319472,0.633387,,,,,,,,,,,,
10,4950,206,8.992308,2.565513,0.000027,28.72295,0.688121,0.515375,0.962909,,,,,,,,,,,,
4,1952,81,8.989447,0.030713,0,0.146803,0.270668,0.203933,0.404702,,,,,,,,,,,,
6,2904,121,9.000329,0.182632,0,0.695795,0.404683,0.301861,0.601642,,,,,,,,,,,,
19,5423,226,8.999623,3.397139,0.00011,73.026992,0.750363,0.561249,0.991502,,,,,,,,,,,,
12,5868,245,8.997667,5.35458,0.000024,122.309787,0.8051,0.603788,0.98545,,,,,,,,,,,,
13,6252,261,9.021486,8.191571,0.000071,134.398299,0.867802,0.651344,0.993983,,,,,,,,,,,,
10,484,20,8.989488,0,0,0,0.066814,0.049971,0.100913,,,,,,,,,,,,
17,8347,348,8.998905,91.58295,0.000086,208.302768,0.96979,0.726679,0.996089,,,,,,,,,,,,
19,10089,420,9.009408,217.510721,0.000141,238.289184,0.999349,0.746266,0.995964,,,,,,,,,,,,
6,8568,357,9.003206,108.336525,0.000036,228.519723,0.992179,0.74214,0.99602,,,,,,,,,,,,
10,9424,393,9.01619,173.338435,0.000003,238.785348,0.999509,0.748227,0.995965,,,,,,,,,,,,
18,483,20,9.022241,0,0,0,0.06732,0.049988,0.101174,,,,,,,,,,,,
3,5115,213,9.002889,2.747964,0.000035,53.039454,0.713594,0.531982,0.995955,,,,,,,,,,,,
11,3536,147,8.993185,0.584167,0.000202,2.134563,0.488712,0.367048,0.728727,,,,,,,,,,,,
16,499,21,9.021937,0,0,0,0.069285,0.052011,0.104093,,,,,,,,,,,,
8,3752,156,8.995482,0.500546,0.000028,2.370249,0.520792,0.390209,0.779407,,,,,,,,,,,,
9,3792,158,8.998197,0.828864,0.000017,3.203878,0.52616,0.393935,0.785479,,,,,,,,,,,,
12,9139,381,9.018,148.684543,0.000037,232.113536,0.998572,0.744462,0.996129,,,,,,,,,,,,
13,6266,261,9.009565,7.395203,0.000269,155.364424,0.867049,0.649497,0.994117,,,,,,,,,,,,
10,4780,199,8.997002,2.035607,0.000081,51.549718,0.664212,0.498076,0.977365,,,,,,,,,,,,
19,8126,339,8.984493,67.706229,0.000029,229.145745,0.991751,0.743915,0.996023,,,,,,,,,,,,
5,1996,83,8.964861,0.055276,0,0.209611,0.276524,0.206277,0.413812,,,,,,,,,,,,
13,8370,349,9.01838,83.133473,0.000132,232.051574,0.992501,0.746312,0.994746,,,,,,,,,,,,
11,3367,140,9.021533,0.387479,0,2.221942,0.464097,0.346594,0.692411,,,,,,,,,,,,
11,6314,263,9.001545,6.87513,0.000123,188.247152,0.875328,0.653843,0.993873,,,,,,,,,,,,
12,2688,112,9.001807,0.154207,0.000032,0.481343,0.373619,0.280215,0.557562,,,,,,,,,,,,
6,2886,120,8.999389,0.228588,0,0.946881,0.39949,0.299318,0.594131,,,,,,,,,,,,
10,4455,186,9.022381,1.457884,0.000145,9.064813,0.620133,0.464604,0.909176,,,,,,,,,,,,
8,4088,170,8.998399,0.848566,0.000009,5.894452,0.56433,0.423878,0.845603,,,,,,,,,,,,
7,930,39,9.008008,0,0,0.002788,0.129842,0.096714,0.193388,,,,,,,,,,,,
15,7020,293,9.015465,16.506068,0.000041,187.588271,0.941395,0.703144,0.995851,,,,,,,,,,,,
13,3944,164,8.994283,0.759184,0.000071,4.510371,0.547687,0.410622,0.82066,,,,,,,,,,,,
14,7028,293,8.98482,17.493393,0.000102,187.686462,0.937438,0.702849,0.995953,,,,,,,,,,,,
15,7380,308,8.990926,31.507482,0.000053,217.587442,0.970151,0.726912,0.996223,,,,,,,,,,,,
10,4850,202,8.988446,1.875327,0.000078,19.517671,0.668127,0.500777,0.963744,,,,,,,,,,,,
13,6318,263,8.991523,6.093896,0.000042,180.029068,0.873348,0.655022,0.99607,,,,,,,,,,,,
4,8816,367,8.999565,115.107758,0.000055,237.935137,0.999063,0.747068,0.995967,,,,,,,,,,,,
6,1912,80,8.990259,0.01639,0,0.156255,0.264426,0.19815,0.396154,,,,,,,,,,,,
19,9082,378,9.008456,153.966106,0.000036,234.272738,0.995794,0.739689,0.994168,,,,,,,,,,,,
7,5940,248,9.015639,7.078688,0.000115,100.370168,0.815574,0.608458,0.99205,,,,,,,,,,,,
1,503,21,8.993709,0,0,0,0.0699,0.051855,0.104237,,,,,,,,,,,,
17,5844,244,9.002677,3.469819,0.000021,149.470149,0.808418,0.601158,0.995789,,,,,,,,,,,,
1,8364,349,9.012558,120.867658,0.000018,235.958948,0.999317,0.748171,0.996024,,,,,,,,,,,,
16,7920,330,8.992971,87.689632,0.000102,221.722113,0.981819,0.733451,0.98992,,,,,,,,,,,,
8,5304,221,8.978419,4.012842,0.000049,74.34766,0.732931,0.550326,0.995262,,,,,,,,,,,,
10,4990,208,8.992644,2.028874,0.000039,69.951253,0.689154,0.515255,0.993342,,,,,,,,,,,,
5,2560,107,9.024436,0.101442,0,0.366929,0.355854,0.267135,0.530653,,,,,,,,,,,,
11,2295,96,8.998244,0.059754,0,0.29202,0.315714,0.237786,0.472313,,,,,,,,,,,,
13,6214,259,8.999569,5.48929,0.000131,163.158784,0.863288,0.645422,0.990596,,,,,,,,,,,,
13,6097,254,8.986147,5.271697,0.000119,148.270466,0.842032,0.631353,0.993524,,,,,,,,,,,,
6,8478,353,8.973216,106.319707,0.000111,235.755307,0.997934,0.747432,0.996042,,,,,,,,,,,,
17,9378,391,9.012557,184.257994,0.000088,239.204445,0.99994,0.748842,0.995805,,,,,,,,,,,,
3,1527,64,9.030803,0,0,0.022381,0.213881,0.158861,0.317706,,,,,,,,,,,,
4,8211,342,9.010606,82.366621,0.000041,235.109542,0.994688,0.744177,0.993373,,,,,,,,,,,,
6,6538,272,8.998708,8.140329,0.000055,200.131258,0.906981,0.677971,0.995602,,,,,,,,,,,,
7,8930,372,9.003549,123.622426,0.000079,226.895722,0.992892,0.74152,0.996072,,,,,,,,,,,,
3,5346,223,9.00087,3.30847,0.000037,81.783626,0.742944,0.554296,0.975419,,,,,,,,,,,,
4,4023,168,8.991657,1.214858,0.000025,5.246813,0.557011,0.418041,0.837123,,,,,,,,,,,,
2,1884,79,9.028755,0.014726,0,0.123503,0.260337,0.19652,0.390223,,,,,,,,,,,,
14,1880,78,8.997955,0.022725,0,0.13263,0.259171,0.195033,0.3893,,,,,,,,,,,,
5,6874,286,9.012069,13.552839,0.000165,220.747748,0.955203,0.712994,0.996076,,,,,,,,,,,,
6,910,38,8.966668,0,0,0.000744,0.125684,0.09422,0.188811,,,,,,,,,,,,
16,1832,76,8.984756,0.008975,0,0.096802,0.253533,0.190546,0.375472,,,,,,,,,,,,
13,2712,113,9.018275,0.228894,0,0.638291,0.377613,0.281032,0.560208,,,,,,,,,,,,
6,2910,121,9.004206,0.197538,0.000076,0.864506,0.402627,0.302396,0.601476,,,,,,,,,,,,
9,4653,194,9.007075,1.346448,0.000062,21.845534,0.646659,0.485426,0.943852,,,,,,,,,,,,
13,6513,271,9.002938,12.483467,0.000042,215.218449,0.900376,0.674685,0.985876,,,,,,,,,,,,
10,4990,208,8.996917,1.957314,0.000051,31.958645,0.689301,0.517626,0.971467,,,,,,,,,,,,
10,5100,213,9.008252,2.751198,0.000104,54.73772,0.697629,0.52453,0.992257,,,,,,,,,,,,
13,5967,249,8.998259,4.384305,0.000081,113.635161,0.823802,0.617305,0.99599,,,,,,,,,,,,
4,6201,258,8.991994,5.271867,0.000007,163.654751,0.855618,0.639831,0.992831,,,,,,,,,,,,
10,4428,185,8.987635,1.392953,0.000012,5.012069,0.606776,0.454099,0.884514,,,,,,,,,,,,
2,7752,323,8.985542,75.084365,0.00013,236.815121,0.998311,0.746805,0.995281,,,,,,,,,,,,
6,3024,126,9.01782,0.23975,0.000061,0.989535,0.420095,0.313936,0.623836,,,,,,,,,,,,
2,3500,146,9.009969,0.369924,0.000213,1.873121,0.486589,0.365192,0.729656,,,,,,,,,,,,
10,6900,288,8.980659,9.510884,0.000138,214.373459,0.947928,0.711159,0.995311,,,,,,,,,,,,
8,3872,161,8.999566,0.627314,0.00008,3.312463,0.536572,0.40097,0.800916,,,,,,,,,,,,
8,3904,163,9.00589,0.89272,0.000041,3.933716,0.540979,0.404662,0.808726,,,,,,,,,,,,
2,1416,59,8.961476,0.000313,0,0.02663,0.194742,0.14585,0.289048,,,,,,,,,,,,
19,7718,322,9.008571,42.222929,0.00014,219.007067,0.979056,0.734096,0.996105,,,,,,,,,,,,
4,3213,134,9.003412,0.324051,0,1.438992,0.444175,0.332585,0.663091,,,,,,,,,,,,
7,3283,137,9.011038,0.317602,0,1.334165,0.455676,0.339887,0.676729,,,,,,,,,,,,
17,2784,116,8.996809,0.231426,0,0.962272,0.386553,0.289641,0.577258,,,,,,,,,,,,
16,5080,212,9.013156,2.999942,0.00005,27.113055,0.701851,0.524064,0.967285,,,,,,,,,,,,
15,9378,391,8.988358,192.075131,0.000146,237.341619,0.999999,0.747134,0.995948,,,,,,,,,,,,
15,1860,78,8.993076,0.024473,0,0.177151,0.25687,0.193344,0.385925,,,,,,,,,,,,
7,9340,389,9.001868,160.262043,0.000035,236.449733,0.995791,0.744996,0.995668,,,,,,,,,,,,
4,1740,73,9.021851,0.019499,0,0.102618,0.242123,0.181387,0.364103,,,,,,,,,,,,
19,2862,119,8.973968,0.249654,0,0.790612,0.395556,0.294168,0.589331,,,,,,,,,,,,
8,8694,362,9.009896,124.071242,0.000017,238.427063,0.999999,0.750764,0.996039,,,,,,,,,,,,
15,7290,304,8.998799,34.737374,0.000094,214.065408,0.974912,0.729867,0.996095,,,,,,,,,,,,
11,7260,303,9.009758,22.218571,0.000043,235.185141,0.985361,0.735554,0.995921,,,,,,,,,,,,
2,996,42,8.977447,0,0,0.001022,0.137279,0.102235,0.205682,,,,,,,,,,,,
15,4980,208,8.988508,1.707044,0.000171,38.122625,0.691246,0.516973,0.974681,,,,,,,,,,,,
5,1473,61,8.98583,0.000047,0,0.026629,0.204254,0.152709,0.304942,,,,,,,,,,,,
14,7888,329,8.988891,59.617431,0.000068,226.369478,0.987503,0.738087,0.992643,,,,,,,,,,,,
13,3768,157,8.977698,0.665419,0,3.016217,0.52217,0.390377,0.777402,,,,,,,,,,,,
10,478,20,9.055681,0,0,0,0.066837,0.049742,0.100119,,,,,,,,,,,,
12,5700,238,9.016702,3.629807,0.000047,100.366215,0.793911,0.596397,0.987941,,,,,,,,,,,,
20,9160,382,8.987425,171.688185,0.000093,232.44016,0.996788,0.745596,0.995966,,,,,,,,,,,,
13,6370,265,9.014093,10.415106,0.000075,194.939478,0.886075,0.661794,0.990693,,,,,,,,,,,,
5,2360,98,9.02612,0.116569,0,0.544237,0.330041,0.245814,0.488388,,,,,,,,,,,,
12,6048,252,8.99653,6.569176,0.000046,156.196173,0.839261,0.628527,0.992063,,,,,,,,,,,,
3,3374,141,9.017061,0.389094,0,1.911012,0.470643,0.350995,0.698442,,,,,,,,,,,,
14,6314,263,9.010774,5.778786,0.000096,160.882974,0.875551,0.658428,0.995696,,,,,,,,,,,,
12,2380,99,9.003433,0.088639,0,0.39317,0.328777,0.247824,0.490063,,,,,,,,,,,,
11,5346,223,8.99932,3.145303,0.00013,71.407444,0.739023,0.553229,0.987582,,,,,,,,,,,,
5,2385,99,9.000622,0.087376,0,0.422225,0.330569,0.247127,0.493628,,,,,,,,,,,,
3,8000,333,8.988801,59.284723,0.000066,235.039525,0.997139,0.747234,0.995988,,,,,,,,,,,,
8,3904,163,9.024125,0.865023,0,4.384815,0.541875,0.404174,0.790165,,,,,,,,,,,,
11,5478,228,8.991073,2.941043,0.000103,106.026791,0.758356,0.567617,0.996049,,,,,,,,,,,,
18,7922,330,9.020867,62.870919,0.0001,233.04875,0.99658,0.744018,0.99598,,,,,,,,,,,,
4,1431,60,8.978282,0.002358,0,0.01656,0.197737,0.148794,0.294088,,,,,,,,,,,,
12,5928,247,9.002735,5.07472,0,144.356439,0.82181,0.617227,0.996066,,,,,,,,,,,,
16,3936,164,8.983806,0.68628,0,4.228105,0.544551,0.408528,0.805165,,,,,,,,,,,,
11,8892,371,9.00503,162.487746,0.000049,220.952924,0.987916,0.739024,0.996131,,,,,,,,,,,,
6,928,39,9.001126,0,0,0.005375,0.12867,0.096153,0.193636,,,,,,,,,,,,
2,900,38,8.997659,0,0,0.000283,0.124018,0.093503,0.186431,,,,,,,,,,,,
12,5424,226,8.998903,2.874473,0.00008,81.514276,0.752067,0.562481,0.988387,,,,,,,,,,,,
11,7230,301,9.025133,34.106011,0.000066,225.726373,0.97861,0.732268,0.996075,,,,,,,,,,,,
19,9519,397,8.993997,157.536753,0.000024,239.762717,0.999999,0.750719,0.995999,,,,,,,,,,,,
12,6492,271,9.009552,8.046518,0.000051,215.820776,0.898327,0.674815,0.995877,,,,,,,,,,,,
9,6216,259,9.010132,9.172026,0.000065,139.572457,0.86316,0.645829,0.973561,,,,,,,,,,,,
8,2285,95,9.012955,0.032145,0.000012,0.234847,0.318044,0.238126,0.474823,,,,,,,,,,,,
19,9120,380,8.99887,179.458312,0.000051,227.752373,0.992741,0.743752,0.996145,,,,,,,,,,,,
3,3318,138,9.030745,0.372371,0.000012,1.708118,0.462746,0.346544,0.687682,,,,,,,,,,,,
19,8417,351,9.007554,111.371632,0.000033,239.295936,0.999968,0.750674,0.995893,,,,,,,,,,,,
3,1443,60,9.003371,0.000163,0,0.033827,0.200467,0.150196,0.29793,,,,,,,,,,,,
11,5379,224,9.009976,3.517052,0.000005,69.375933,0.747186,0.557535,0.994673,,,,,,,,,,,,
8,3984,166,9.002078,0.676883,0,4.550292,0.552363,0.414131,0.820068,,,,,,,,,,,,
4,1028,43,9.01819,0,0,0.005315,0.142801,0.107674,0.214249,,,,,,,,,,,,
12,6012,251,8.991234,5.840093,0.000061,149.119355,0.829122,0.62188,0.996011,,,,,,,,,,,,
15,7305,304,9.000731,36.245724,0.000045,227.071255,0.988596,0.739548,0.995618,,,,,,,,,,,,
20,4790,200,8.99817,1.543578,0.000034,14.520846,0.662992,0.496085,0.95856,,,,,,,,,,,,
3,3381,141,9.002613,0.325568,0,1.562609,0.470032,0.350297,0.700497,,,,,,,,,,,,
7,1956,82,9.037437,0.019227,0,0.127864,0.273311,0.203089,0.407121,,,,,,,,,,,,
8,3808,159,9.007036,0.724859,0.000042,3.119677,0.529633,0.397224,0.792963,,,,,,,,,,,,
20,2295,96,9.015399,0.055541,0.000024,0.284388,0.319839,0.237828,0.473985,,,,,,,,,,,,
10,8658,361,9.002976,160.45727,0.000059,235.605367,0.999953,0.74847,0.995918,,,,,,,,,,,,
18,3346,139,9.001298,0.317008,0,1.04431,0.463096,0.346946,0.689324,,,,,,,,,,,,
11,9036,377,8.990625,163.112906,0.000159,231.614332,0.996197,0.74544,0.995953,,,,,,,,,,,,
14,6972,291,8.999347,27.955009,0.000021,186.495476,0.959664,0.713061,0.991312,,,,,,,,,,,,
2,886,37,8.985194,0,0,0.000874,0.122651,0.092058,0.183795,,,,,,,,,,,,
4,1980,83,9.003243,0.022137,0,0.156267,0.274945,0.2055,0.413054,,,,,,,,,,,,
2,7680,320,8.997309,49.758166,0.000069,194.962283,0.957379,0.714081,0.995966,,,,,,,,,,,,
7,3255,136,9.007421,0.363997,0.000069,1.53094,0.452552,0.339181,0.677087,,,,,,,,,,,,
6,2108,88,9.007716,0.043475,0,0.196732,0.29304,0.219483,0.436222,,,,,,,,,,,,
18,8568,357,8.980176,116.159746,0.000031,239.397741,0.999999,0.74993,0.996058,,,,,,,,,,,,
7,4450,185,8.99811,1.479145,0.000047,7.969827,0.617709,0.464595,0.912324,,,,,,,,,,,,
17,7582,316,9.006973,88.341035,0.000119,231.883881,0.993394,0.744942,0.995913,,,,,,,,,,,,
7,3598,150,8.996636,0.495755,0.000043,3.079598,0.500133,0.374395,0.744863,,,,,,,,,,,,
20,9520,397,8.994867,206.341674,0.000024,242.611592,0.999999,0.749515,0.996032,,,,,,,,,,,,
11,5357,223,8.99215,3.448309,0.000027,72.554532,0.732758,0.546187,0.994009,,,,,,,,,,,,
16,7470,311,9.005466,33.053338,0.000122,238.704464,0.999983,0.75017,0.995965,,,,,,,,,,,,
6,3054,127,9.010964,0.189502,0,0.931131,0.425069,0.31843,0.635702,,,,,,,,,,,,
10,5380,224,9.002238,2.197595,0.000083,82.808241,0.745161,0.557975,0.983684,,,,,,,,,,,,
12,1392,58,9.021104,0.000322,0,0.03002,0.194064,0.144658,0.28579,,,,,,,,,,,,
18,9424,393,9.005189,198.450469,0.000005,236.420333,0.997133,0.744502,0.994681,,,,,,,,,,,,
12,9101,379,8.992549,123.411533,0.000109,240.551608,0.999961,0.749492,0.996102,,,,,,,,,,,,
16,8194,341,9.00687,77.2791,0.000071,231.015274,0.99426,0.743583,0.993167,,,,,,,,,,,,
8,3816,159,8.987507,0.574723,0.000006,3.494459,0.529273,0.395142,0.786338,,,,,,,,,,,,
15,7185,299,8.998921,17.440972,0.000019,227.745178,0.9711,0.726313,0.995942,,,,,,,,,,,,
10,4520,188,9.005889,1.84574,0,8.858073,0.626209,0.46621,0.919696,,,,,,,,,,,,
18,7854,327,9.002965,54.486416,0.00005,221.04682,0.973039,0.729489,0.996173,,,,,,,,,,,,
11,8064,336,9.004516,82.537586,0.000072,231.996438,0.996348,0.743657,0.9959,,,,,,,,,,,,
14,4626,193,8.994873,1.405956,0.000033,13.430897,0.640821,0.480923,0.946642,,,,,,,,,,,,
7,3381,141,8.998319,0.475513,0.000069,2.143255,0.468909,0.352478,0.702366,,,,,,,,,,,,
1,485,20,8.974598,0,0,0,0.067185,0.049852,0.100472,,,,,,,,,,,,
8,3712,155,9.015252,0.505297,0,2.511267,0.513737,0.386896,0.7715,,,,,,,,,,,,
15,7500,313,8.978953,51.875508,0.000065,238.112412,0.999999,0.746423,0.995823,,,,,,,,,,,,
6,2946,123,9.001347,0.171092,0,0.858828,0.406901,0.305256,0.608828,,,,,,,,,,,,
9,4158,173,8.99645,1.049371,0.000054,6.161621,0.577832,0.432317,0.863754,,,,,,,,,,,,
5,2370,99,8.988643,0.059407,0,0.328593,0.327544,0.246442,0.490613,,,,,,,,,,,,
8,3968,165,9.015128,0.754225,0.00002,3.495297,0.549959,0.409935,0.816567,,,,,,,,,,,,
11,4890,204,9.008797,1.566778,0.000118,17.904577,0.67831,0.50837,0.966252,,,,,,,,,,,,
9,7455,311,9.017213,46.324774,0.000097,238.016944,0.995431,0.744896,0.99484,,,,,,,,,,,,
9,6383,266,8.994115,10.654741,0.000129,200.381887,0.882038,0.660631,0.995787,,,,,,,,,,,,
3,5724,239,8.981396,3.368596,0.000057,100.202003,0.783842,0.587703,0.995813,,,,,,,,,,,,
18,8838,368,9.002072,105.599019,0.000091,237.461701,0.998977,0.747577,0.996109,,,,,,,,,,,,
18,7260,303,9.004789,34.149605,0.000081,223.586314,0.98971,0.739147,0.996021,,,,,,,,,,,,
9,4329,180,9.004224,1.682488,0,14.98465,0.601889,0.450203,0.896793,,,,,,,,,,,,
16,6149,256,9.019031,8.295289,0.000063,147.557459,0.851188,0.639223,0.995913,,,,,,,,,,,,
8,3856,161,9.014736,0.635806,0.000025,3.156379,0.535258,0.400677,0.796099,,,,,,,,,,,,
10,4880,203,9.004952,1.627817,0.000007,34.313409,0.677022,0.507104,0.990784,,,,,,,,,,,,
2,1004,42,8.955856,0,0,0.005954,0.138828,0.104133,0.207333,,,,,,,,,,,,
5,2400,100,8.992487,0.089353,0,0.408584,0.333401,0.24938,0.4955,,,,,,,,,,,,
11,3920,163,9.008758,0.707412,0,3.073397,0.543958,0.406949,0.802473,,,,,,,,,,,,
7,3472,145,9.025031,0.37174,0,1.731706,0.483929,0.361013,0.716691,,,,,,,,,,,,
4,1932,81,9.007747,0.030437,0,0.169084,0.268545,0.201303,0.402256,,,,,,,,,,,,
6,1896,79,9.005753,0.021918,0,0.122126,0.263678,0.197307,0.393243,,,,,,,,,,,,
20,5676,237,8.993443,3.706649,0.000132,117.009074,0.789035,0.590506,0.996142,,,,,,,,,,,,
2,3318,138,8.992516,0.325626,0,1.664987,0.461518,0.343579,0.686433,,,,,,,,,,,,
5,2520,105,9.000468,0.12339,0.000015,0.51642,0.348203,0.262563,0.520688,,,,,,,,,,,,
16,3138,131,9.008087,0.309552,0,1.169314,0.436108,0.326669,0.65026,,,,,,,,,,,,
9,5280,220,9.018074,5.127116,0.000049,102.545145,0.731359,0.547289,0.97111,,,,,,,,,,,,
17,8704,363,9.007459,148.222114,0.000019,236.638255,0.999999,0.748863,0.996132,,,,,,,,,,,,
12,7110,296,8.998336,12.952806,0.000023,222.418376,0.971988,0.726165,0.994814,,,,,,,,,,,,
17,8517,355,8.990857,113.019784,0.000069,241.708146,0.999999,0.74623,0.995853,,,,,,,,,,,,
6,3360,140,8.994327,0.501547,0,1.705623,0.467089,0.349883,0.692395,,,,,,,,,,,,
9,4374,182,9.009762,1.236811,0.000009,8.26688,0.606787,0.453563,0.894961,,,,,,,,,,,,
18,8892,371,9.006933,136.793664,0.000041,225.148896,0.990966,0.740881,0.995949,,,,,,,,,,,,
6,3872,161,9.012233,0.64977,0.00004,2.543847,0.537153,0.403879,0.808646,,,,,,,,,,,,
1,994,41,8.991242,0,0,0.001473,0.137892,0.103359,0.206402,,,,,,,,,,,,
14,6832,285,8.97245,13.869753,0.000026,209.421061,0.9354,0.700101,0.995928,,,,,,,,,,,,
19,2400,100,8.991004,0.06781,0,0.350979,0.332579,0.248817,0.497023,,,,,,,,,,,,
1,441,18,8.97762,0,0,0,0.061103,0.045577,0.09125,,,,,,,,,,,,
5,5544,231,8.992509,3.332575,0.000007,68.388466,0.765351,0.572728,0.987972,,,,,,,,,,,,
3,8856,369,9.005843,114.025813,0.000111,240.262987,0.999943,0.75021,0.996158,,,,,,,,,,,,
4,2874,120,9.004159,0.29902,0,0.956514,0.398622,0.297996,0.593356,,,,,,,,,,,,
10,5430,226,8.997101,2.478438,0.000033,88.483303,0.753949,0.563729,0.995883,,,,,,,,,,,,
11,6617,276,8.995173,8.155783,0.000082,191.054566,0.909028,0.682,0.995027,,,,,,,,,,,,
18,8064,336,8.993913,115.518744,0.000052,240.471659,0.999999,0.747343,0.996287,,,,,,,,,,,,
14,6762,282,8.981841,12.187853,0.000029,205.756831,0.930818,0.698746,0.996018,,,,,,,,,,,,
1,468,20,9.035965,0,0,0,0.065359,0.048673,0.096096,,,,,,,,,,,,
11,4185,174,8.989908,1.088467,0.000234,5.333363,0.578759,0.434809,0.846136,,,,,,,,,,,,
2,968,40,8.998378,0,0,0.005452,0.133832,0.10126,0.201624,,,,,,,,,,,,
3,4239,177,8.999936,1.119757,0.000037,6.916192,0.589645,0.439941,0.87561,,,,,,,,,,,,
7,3080,128,8.99389,0.405803,0,1.689204,0.428511,0.319598,0.639004,,,,,,,,,,,,
6,2892,121,8.988417,0.194302,0,0.850899,0.400457,0.300009,0.592248,,,,,,,,,,,,
16,7455,311,9.007075,33.630511,0.000014,233.613325,0.995242,0.745909,0.996036,,,,,,,,,,,,
9,5225,218,8.999037,2.504256,0.000133,52.465744,0.717343,0.537267,0.995911,,,,,,,,,,,,
8,8190,341,8.987048,76.205098,0.000078,205.121133,0.970294,0.726765,0.996194,,,,,,,,,,,,
4,1000,42,9.008288,0,0,0.00126,0.138888,0.103929,0.207308,,,,,,,,,,,,
2,980,41,8.973904,0,0,0,0.136114,0.101563,0.203296,,,,,,,,,,,,
3,2500,104,9.005265,0.105644,0,0.401243,0.34826,0.259377,0.514217,,,,,,,,,,,,
8,1912,80,9.004694,0.025705,0,0.123038,0.264959,0.199054,0.398894,,,,,,,,,,,,
8,6175,257,9.005232,5.518763,0.000155,145.417314,0.848755,0.634636,0.993342,,,,,,,,,,,,
17,8466,353,9.003255,143.609442,0.000012,238.186754,0.999578,0.748256,0.995981,,,,,,,,,,,,
6,2850,119,8.987157,0.151997,0,0.651342,0.394957,0.296682,0.587327,,,,,,,,,,,,
18,7884,329,8.99657,86.492929,0.000035,238.292931,0.999809,0.747604,0.995806,,,,,,,,,,,,
14,5328,222,9.00894,2.772256,0.000091,66.129794,0.739133,0.554299,0.980571,,,,,,,,,,,,
19,9595,400,8.997482,166.907971,0.000087,235.371791,0.997753,0.74501,0.996155,,,,,,,,,,,,
7,7305,304,8.994297,43.154663,0.000059,231.829928,0.994069,0.74525,0.996109,,,,,,,,,,,,
2,942,39,9.011125,0,0,0,0.130582,0.098242,0.195406,,,,,,,,,,,,
14,7364,307,8.987266,29.888967,0.000035,213.03515,0.971503,0.725899,0.995557,,,,,,,,,,,,
2,998,42,8.950028,0,0,0.007554,0.137138,0.103788,0.20605,,,,,,,,,,,,
11,5027,209,8.993255,2.123445,0.000049,24.275308,0.694017,0.520575,0.966892,,,,,,,,,,,,
16,7344,306,9.000534,31.163535,0.000006,211.121487,0.97258,0.728495,0.988963,,,,,,,,,,,,
4,9082,378,8.99771,155.567798,0.000194,223.732362,0.984065,0.73482,0.986673,,,,,,,,,,,,
4,954,40,9.002257,0,0,0.000805,0.130979,0.100395,0.199141,,,,,,,,,,,,
18,8586,358,8.99792,96.999978,0,233.916664,0.99802,0.744629,0.995859,,,,,,,,,,,,
17,3598,150,9.001367,0.469974,0,1.974358,0.495166,0.371609,0.737768,,,,,,,,,,,,
7,1024,43,9.007273,0,0,0.000107,0.142453,0.106645,0.212651,,,,,,,,,,,,
4,6409,267,8.986968,8.975621,0.000069,199.626015,0.877925,0.656275,0.995839,,,,,,,,,,,,
2,1488,62,9.005503,0.000837,0,0.042349,0.205638,0.154826,0.307015,,,,,,,,,,,,
2,5916,247,8.994217,5.313725,0.000028,144.271631,0.818788,0.612765,0.991706,,,,,,,,,,,,
2,1062,44,8.982481,0,0,0.000093,0.146989,0.109657,0.219575,,,,,,,,,,,,
14,3395,141,9.029215,0.457883,0.00006,1.946459,0.473528,0.352745,0.707939,,,,,,,,,,,,
8,3672,153,9.013097,0.733661,0.000004,2.202309,0.508317,0.378553,0.746579,,,,,,,,,,,,
5,7514,313,9.000461,41.478403,0.000004,231.670587,0.995235,0.74534,0.996145,,,,,,,,,,,,
20,5445,227,8.99613,4.471975,0.000062,113.471207,0.754701,0.566542,0.987111,,,,,,,,,,,,
3,3318,138,8.998538,0.359614,0.00001,1.475191,0.461004,0.346246,0.689415,,,,,,,,,,,,
3,6615,276,9.002582,9.745022,0.000044,198.601515,0.91615,0.686012,0.989848,,,,,,,,,,,,
1,924,39,8.963697,0,0,0.001027,0.127557,0.095235,0.192321,,,,,,,,,,,,
2,9378,391,9.002722,186.874473,0.000052,222.093933,0.980898,0.735175,0.98699,,,,,,,,,,,,
5,2340,98,9.016474,0.102193,0.000008,0.388439,0.324137,0.244095,0.48376,,,,,,,,,,,,
8,9804,409,8.981612,183.329548,0,238.147633,0.999999,0.74857,0.996273,,,,,,,,,,,,
10,2545,106,9.011748,0.146484,0,0.562644,0.353897,0.264176,0.5269,,,,,,,,,,,,
3,1428,60,9.005002,0.000625,0,0.022023,0.199392,0.148559,0.29472,,,,,,,,,,,,
11,1494,62,8.966179,0.001043,0,0.049342,0.207189,0.154839,0.309727,,,,,,,,,,,,
17,8398,350,9.007915,96.443656,0.000083,237.426535,0.999999,0.746181,0.996033,,,,,,,,,,,,
8,5434,226,8.99144,2.917351,0.000084,100.110121,0.752174,0.567003,0.985237,,,,,,,,,,,,
19,9680,403,9.00424,182.117884,0.00011,239.315154,0.999925,0.748764,0.995972,,,,,,,,,,,,
19,8531,355,9.001651,114.1877,0.000104,213.361918,0.981885,0.734597,0.995962,,,,,,,,,,,,
16,7520,313,8.996757,30.690699,0.000055,232.94181,0.993488,0.742726,0.99603,,,,,,,,,,,,
10,3423,143,9.000575,0.392925,0.000009,1.340495,0.476115,0.356702,0.710865,,,,,,,,,,,,
2,3164,132,8.996991,0.259751,0.000119,0.93041,0.43833,0.329421,0.652668,,,,,,,,,,,,
5,6201,258,9.01352,5.795066,0.000185,118.884475,0.837165,0.626622,0.989944,,,,,,,,,,,,
14,7680,320,8.997689,49.01062,0.000057,237.516809,0.996663,0.745015,0.994179,,,,,,,,,,,,
19,7616,317,9.00601,78.430316,0.000066,237.162232,0.99887,0.747317,0.996125,,,,,,,,,,,,
16,7632,318,8.993541,40.360694,0.000147,222.102735,0.982882,0.737954,0.990687,,,,,,,,,,,,
12,5928,247,8.992885,4.949467,0.000077,128.854372,0.811272,0.608262,0.991664,,,,,,,,,,,,
16,2420,101,9.014005,0.093288,0,0.473212,0.336689,0.251306,0.50179,,,,,,,,,,,,
5,2345,98,8.997359,0.062337,0,0.287071,0.325888,0.242525,0.483878,,,,,,,,,,,,
16,7584,316,9.011509,48.452534,0.000086,220.663685,0.977468,0.73084,0.995917,,,,,,,,,,,,
9,4122,172,9.022677,1.093924,0.000025,6.424154,0.571996,0.428951,0.855731,,,,,,,,,,,,
3,3102,129,8.978732,0.292445,0.000014,1.155452,0.430343,0.321616,0.645189,,,,,,,,,,,,
17,7650,319,8.996711,81.756112,0,212.460841,0.981917,0.731744,0.996065,,,,,,,,,,,,
1,956,40,9.001829,0,0,0,0.132534,0.099936,0.198761,,,,,,,,,,,,
8,9177,382,9.017881,155.245623,0.000059,239.08717,0.999999,0.747657,0.995895,,,,,,,,,,,,
12,5820,243,9.005796,4.150742,0.000024,96.479095,0.80532,0.599665,0.996038,,,,,,,,,,,,
6,3168,132,9.007904,0.249387,0,1.066632,0.440075,0.329668,0.660634,,,,,,,,,,,,
13,6279,262,8.988224,5.49676,0.000025,185.625412,0.860411,0.644853,0.995911,,,,,,,,,,,,
17,8313,346,9.006022,118.752416,0.00002,239.644797,0.999999,0.749497,0.995949,,,,,,,,,,,,
1,916,38,9.003656,0,0,0.001604,0.127245,0.095379,0.188561,,,,,,,,,,,,
2,1018,42,9.022584,0,0,0.002357,0.141266,0.106172,0.210777,,,,,,,,,,,,
7,8177,341,8.995752,99.152766,0.00003,238.63433,0.99996,0.747212,0.995961,,,,,,,,,,,,
1,3423,143,9.003336,0.4611,0.000003,1.560145,0.474636,0.355623,0.7052,,,,,,,,,,,,
17,7905,329,9.000404,80.883685,0.000061,235.563967,0.994421,0.744481,0.99379,,,,,,,,,,,,
14,7014,292,9.00186,21.835513,0.000057,226.829759,0.971763,0.725466,0.996016,,,,,,,,,,,,
19,9006,375,8.992213,173.92306,0.000144,236.975575,0.998745,0.748708,0.995896,,,,,,,,,,,,
2,930,39,8.999708,0,0,0.00091,0.130399,0.096236,0.192889,,,,,,,,,,,,
16,7168,299,9.007422,26.49479,0.000095,218.686994,0.967346,0.724146,0.995984,,,,,,,,,,,,
9,7376,307,9.012738,38.761306,0.000072,198.059207,0.966773,0.72403,0.99541,,,,,,,,,,,,
17,8517,355,8.978516,110.22371,0.000036,237.607512,0.999165,0.746736,0.996028,,,,,,,,,,,,
6,2904,121,9.011025,0.260446,0,0.912283,0.403194,0.301004,0.601099,,,,,,,,,,,,
2,6331,264,9.001402,7.468539,0.000121,196.547475,0.86856,0.651769,0.991667,,,,,,,,,,,,
6,7939,331,8.995248,77.641652,0.00009,219.491754,0.980094,0.738637,0.996265,,,,,,,,,,,,
3,1620,68,9.006331,0.008518,0,0.048878,0.225201,0.168792,0.336088,,,,,,,,,,,,
18,6272,261,9.007645,7.514504,0.000165,197.557006,0.868552,0.652067,0.991294,,,,,,,,,,,,
2,992,41,8.985487,0,0,0.001094,0.136896,0.102558,0.204985,,,,,,,,,,,,
20,9760,407,8.998377,178.94966,0.000033,237.405714,0.999999,0.74708,0.996028,,,,,,,,,,,,
4,3138,131,8.994067,0.270192,0.000008,0.898692,0.437437,0.327216,0.649389,,,,,,,,,,,,
7,7904,329,9.025738,115.169445,0.000131,233.888978,0.995024,0.748452,0.99609,,,,,,,,,,,,
7,3556,148,9.012211,0.452793,0,1.830085,0.494916,0.368796,0.736724,,,,,,,,,,,,
4,1389,58,9.013664,0.00023,0,0.027255,0.192648,0.144331,0.289241,,,,,,,,,,,,
10,2012,84,9.001786,0.048284,0,0.216096,0.27875,0.210043,0.41718,,,,,,,,,,,,
14,1518,63,9.019707,0.003314,0,0.021091,0.21155,0.157279,0.31576,,,,,,,,,,,,
6,492,21,9.024744,0,0,0,0.068168,0.05154,0.102282,,,,,,,,,,,,
15,7545,314,8.984026,43.537282,0.000075,222.004899,0.978099,0.731272,0.995995,,,,,,,,,,,,
15,6435,268,9.003417,7.106784,0.00011,170.754391,0.890898,0.664404,0.988552,,,,,,,,,,,,
6,9660,403,8.99668,178.955824,0.000167,235.263644,0.996632,0.743782,0.996176,,,,,,,,,,,,
15,7275,303,9.000648,20.452994,0.000148,216.564121,0.95972,0.717703,0.995891,,,,,,,,,,,,
3,4910,205,8.992325,1.847254,0.000171,38.206049,0.679121,0.510559,0.989172,,,,,,,,,,,,
5,1440,60,9.003933,0.000022,0,0.023064,0.199818,0.148757,0.299026,,,,,,,,,,,,
15,9728,405,9.005652,211.703998,0.000014,238.426007,0.999999,0.745534,0.995983,,,,,,,,,,,,
4,1976,82,8.991601,0.020378,0,0.159933,0.273871,0.203741,0.408279,,,,,,,,,,,,
16,8607,359,8.987564,141.917656,0.000055,238.93054,0.995907,0.745417,0.993613,,,,,,,,,,,,
12,1912,80,8.967887,0.017867,0,0.100267,0.264888,0.19703,0.394741,,,,,,,,,,,,
18,5472,228,9.002201,2.811801,0.000079,111.612704,0.760563,0.570586,0.995956,,,,,,,,,,,,
12,5665,236,9.002402,4.023394,0.000018,79.221041,0.787143,0.586904,0.978982,,,,,,,,,,,,
18,3030,126,9.007052,0.231941,0.000053,0.830743,0.419871,0.313441,0.626072,,,,,,,,,,,,
9,3996,167,9.011001,1.031182,0.000012,4.588817,0.55298,0.415633,0.829957,,,,,,,,,,,,
7,3521,147,8.984696,0.565613,0.000029,2.337722,0.485676,0.365019,0.726756,,,,,,,,,,,,
3,2250,94,9.017742,0.054765,0,0.295801,0.314675,0.233695,0.466557,,,,,,,,,,,,
13,5280,220,8.987026,1.938153,0.000153,69.199117,0.731705,0.546977,0.984863,,,,,,,,,,,,
12,5652,236,9.001478,4.04709,0.000074,107.726408,0.783112,0.584353,0.994396,,,,,,,,,,,,
19,938,39,8.997482,0,0,0,0.128786,0.097736,0.194452,,,,,,,,,,,,
9,3012,126,9.009177,0.236338,0,1.0548,0.417781,0.314228,0.625935,,,,,,,,,,,,
12,6012,251,9.001974,5.151821,0.000029,143.77546,0.824805,0.616614,0.995582,,,,,,,,,,,,
9,7939,331,9.018053,58.69242,0.000086,239.634217,0.999999,0.749348,0.996004,,,,,,,,,,,,
3,1948,81,9.015928,0.019545,0,0.111446,0.269933,0.201093,0.402382,,,,,,,,,,,,
9,1912,80,8.99185,0.02206,0,0.139418,0.265945,0.198539,0.396758,,,,,,,,,,,,
12,6132,256,9.009815,6.388839,0.0001,149.625295,0.851796,0.638629,0.984945,,,,,,,,,,,,
4,1696,71,9.008277,0.013903,0,0.098358,0.235618,0.176798,0.350691,,,,,,,,,,,,
12,5496,229,9.013377,3.079761,0.000148,73.15425,0.761544,0.569607,0.995226,,,,,,,,,,,,
18,7856,327,9.007232,74.039628,0.00008,228.06687,0.98819,0.740703,0.989089,,,,,,,,,,,,
4,1924,80,8.967183,0.021031,0,0.13108,0.266013,0.199252,0.396776,,,,,,,,,,,,
17,2285,95,8.994836,0.093338,0,0.378902,0.317726,0.237699,0.475176,,,,,,,,,,,,
12,6048,252,8.988069,5.459722,0.000068,146.011711,0.838088,0.626458,0.995535,,,,,,,,,,,,
2,4983,208,8.997723,2.78122,0.000172,30.320429,0.688918,0.513142,0.97238,,,,,,,,,,,,
5,2350,98,8.992179,0.066456,0,0.324424,0.327906,0.243792,0.485037,,,,,,,,,,,,
6,2730,114,8.997814,0.217729,0,0.60267,0.378947,0.284805,0.563286,,,,,,,,,,,,
15,7530,314,9.009574,57.68454,0.000075,241.405097,0.999999,0.752045,0.995999,,,,,,,,,,,,
20,8514,355,8.97947,128.200192,0.000032,228.518211,0.992093,0.741703,0.995995,,,,,,,,,,,,
3,1419,59,8.985269,0,0,0.018581,0.196383,0.14603,0.294039,,,,,,,,,,,,
14,6930,289,8.9947,17.775709,0.000043,175.513094,0.933723,0.698472,0.996123,,,,,,,,,,,,
14,6426,268,9.014082,9.465627,0.000071,154.597762,0.870196,0.651148,0.996178,,,,,,,,,,,,
2,966,40,8.974374,0,0,0.001383,0.133552,0.099707,0.199541,,,,,,,,,,,,
1,507,21,9.024482,0,0,0,0.07088,0.052929,0.104221,,,,,,,,,,,,
15,1434,60,9.012914,0.001668,0,0.042085,0.199859,0.150028,0.296138,,,,,,,,,,,,
18,4128,172,9.008492,0.902397,0.000275,6.700123,0.569267,0.428359,0.84838,,,,,,,,,,,,
14,6799,283,8.992267,24.574113,0.000085,190.39663,0.942726,0.708713,0.992674,,,,,,,,,,,,
3,900,38,9.047083,0,0,0.000016,0.126603,0.093582,0.186729,,,,,,,,,,,,
5,8256,344,8.994126,87.98119,0.000053,238.657101,0.998652,0.748576,0.996107,,,,,,,,,,,,
8,1455,61,9.015239,0.002329,0,0.03579,0.20184,0.151422,0.303711,,,,,,,,,,,,
12,5760,240,9.001532,3.841819,0.000013,99.987214,0.797005,0.5933,0.995898,,,,,,,,,,,,
20,4660,194,9.024559,2.164319,0.00007,21.410319,0.640185,0.479346,0.919283,,,,,,,,,,,,
14,3171,132,9.015097,0.345002,0,1.302214,0.44068,0.331143,0.660051,,,,,,,,,,,,
2,7380,308,9.005145,37.593063,0.000082,225.982605,0.990625,0.741335,0.994732,,,,,,,,,,,,
2,2445,102,9.005615,0.06412,0,0.403555,0.339613,0.253464,0.501535,,,,,,,,,,,,
12,1936,81,8.99748,0.010652,0,0.110837,0.269407,0.20108,0.400294,,,,,,,,,,,,
15,7470,311,8.998341,50.592968,0.000021,180.790862,0.954629,0.712756,0.993842,,,,,,,,,,,,
6,5736,239,8.9981,5.481888,0.000284,83.188076,0.790908,0.593205,0.995949,,,,,,,,,,,,
8,5798,242,9.02213,3.985285,0.00005,120.306712,0.80475,0.602104,0.990874,,,,,,,,,,,,
17,8496,354,8.994629,93.574968,0.000037,237.712816,0.999999,0.744325,0.995964,,,,,,,,,,,,
19,6513,271,8.998283,7.64354,0.000049,175.455443,0.892454,0.668305,0.990652,,,,,,,,,,,,
2,986,41,9.007531,0,0,0,0.135684,0.103285,0.205239,,,,,,,,,,,,
17,7837,327,8.970302,52.531441,0.000061,240.007552,0.999721,0.748825,0.996014,,,,,,,,,,,,
5,2420,101,9.008198,0.102116,0,0.436262,0.335099,0.252154,0.502081,,,,,,,,,,,,
2,8551,356,8.98244,108.217393,0.000017,234.846308,0.996689,0.74459,0.996144,,,,,,,,,,,,
4,2020,84,9.018772,0.018527,0,0.189238,0.28021,0.209073,0.416715,,,,,,,,,,,,
14,7056,294,8.9907,19.625939,0.000085,192.42743,0.951136,0.712014,0.996029,,,,,,,,,,,,
3,6204,259,9.033472,9.071122,0.000067,200.515578,0.857207,0.64167,0.985245,,,,,,,,,,,,
15,2790,116,8.996117,0.206423,0,1.001831,0.385365,0.289938,0.577677,,,,,,,,,,,,
10,982,41,9.004938,0,0,0,0.136686,0.101768,0.202445,,,,,,,,,,,,
14,6132,256,9.01607,9.305861,0.000054,128.602575,0.84696,0.630887,0.986833,,,,,,,,,,,,
2,962,40,9.03082,0,0,0,0.13323,0.100102,0.201402,,,,,,,,,,,,
20,7446,310,8.995897,49.572155,0.000125,237.599815,0.999999,0.74667,0.996131,,,,,,,,,,,,
5,2320,97,9.007203,0.060092,0,0.30836,0.322102,0.241202,0.479065,,,,,,,,,,,,
8,8172,341,9.002028,95.00113,0.00008,230.072184,0.994795,0.743704,0.996036,,,,,,,,,,,,
15,8320,347,8.998783,95.609034,0.000041,237.276277,0.996553,0.747058,0.995945,,,,,,,,,,,,
18,8568,357,9.001174,131.861261,0.00003,231.412489,0.995504,0.74413,0.996001,,,,,,,,,,,,
17,3416,142,8.986939,0.360936,0.000005,1.386985,0.473669,0.353917,0.702018,,,,,,,,,,,,
15,7320,305,8.998828,40.326429,0.000172,204.946216,0.970402,0.728191,0.995662,,,,,,,,,,,,
3,1284,54,9.013979,0.000486,0,0.027461,0.177603,0.132775,0.265284,,,,,,,,,,,,
6,3084,129,8.994514,0.290297,0.000016,1.512492,0.42358,0.31488,0.632927,,,,,,,,,,,,
18,3115,130,9.01328,0.350823,0,1.428035,0.433938,0.321932,0.645631,,,,,,,,,,,,
18,7260,303,9.009812,31.254738,0.000025,237.653276,0.995911,0.745118,0.994531,,,,,,,,,,,,
7,7050,294,9.003032,17.280893,0.000043,227.753908,0.966096,0.724063,0.991353,,,,,,,,,,,,
7,3619,151,9.001348,0.594004,0,2.680759,0.502316,0.37709,0.75456,,,,,,,,,,,,
8,3752,156,9.012029,0.63881,0.000023,3.004476,0.520834,0.38949,0.773656,,,,,,,,,,,,
18,8080,337,8.997343,46.55138,0.000049,220.643219,0.984016,0.73672,0.992311,,,,,,,,,,,,
2,994,41,9.011452,0,0,0,0.1383,0.103271,0.207739,,,,,,,,,,,,
18,9324,389,8.993122,168.610863,0.000124,238.198466,0.999999,0.749514,0.996057,,,,,,,,,,,,
6,9405,392,9.027383,169.94378,0.000089,238.062673,0.999999,0.748382,0.996081,,,,,,,,,,,,
2,3848,160,9.004198,0.701708,0.000009,3.004879,0.534713,0.399093,0.801943,,,,,,,,,,,,
8,2480,103,8.985777,0.097608,0,0.408938,0.343708,0.257568,0.508694,,,,,,,,,,,,
3,3744,156,9.008918,0.618513,0.000006,2.432088,0.518922,0.38933,0.775819,,,,,,,,,,,,
9,3996,167,8.993928,0.734867,0.000025,3.164829,0.554404,0.411002,0.822647,,,,,,,,,,,,
15,7620,318,8.978481,55.138441,0.000056,235.312711,0.995429,0.749102,0.996046,,,,,,,,,,,,
20,4064,169,9.017002,0.731259,0.000259,6.171815,0.565267,0.4228,0.845475,,,,,,,,,,,,
15,7860,328,8.997681,79.154322,0.000051,208.854937,0.975311,0.728324,0.996092,,,,,,,,,,,,
10,4980,208,9.019546,1.867054,0.000104,33.902913,0.690561,0.51783,0.987604,,,,,,,,,,,,
10,4640,193,8.988519,1.426803,0.000007,15.011702,0.64048,0.483832,0.959075,,,,,,,,,,,,
13,8778,366,8.984825,132.07223,0.000082,240.157916,0.999999,0.751585,0.996211,,,,,,,,,,,,
14,4275,178,9.009088,1.174386,0.000081,5.633972,0.59053,0.441807,0.871742,,,,,,,,,,,,
4,948,40,9.026925,0,0,0.001221,0.131736,0.098976,0.19842,,,,,,,,,,,,
2,900,38,8.99924,0.000001,0,0.009089,0.12466,0.093596,0.187517,,,,,,,,,,,,
5,1884,79,9.007977,0.03195,0,0.164403,0.259552,0.194828,0.390707,,,,,,,,,,,,
11,5269,220,9.00417,2.221428,0.000008,82.803447,0.730369,0.547091,0.989885,,,,,,,,,,,,
6,8658,361,8.999599,124.10782,0.000074,237.739976,0.999999,0.74954,0.996016,,,,,,,,,,,,
4,7296,304,9.017293,45.304225,0.000079,207.34299,0.977602,0.732228,0.995938,,,,,,,,,,,,
6,5954,248,8.997929,4.218931,0.000063,110.896116,0.821549,0.611352,0.995928,,,,,,,,,,,,
11,5192,216,9.000345,2.232568,0.00009,57.404613,0.717687,0.537232,0.987849,,,,,,,,,,,,
4,8964,374,9.00041,184.648525,0.000064,229.102106,0.992979,0.742053,0.996033,,,,,,,,,,,,
5,2405,100,8.981574,0.031282,0,0.335696,0.333467,0.250614,0.495613,,,,,,,,,,,,
7,3619,151,9.004077,0.576616,0.000012,2.9834,0.50194,0.376341,0.750466,,,,,,,,,,,,
15,8368,349,8.991857,98.592376,0.000219,225.510468,0.983789,0.737703,0.987537,,,,,,,,,,,,
16,7616,317,9.000571,41.435131,0.000067,237.842203,0.994141,0.743121,0.995962,,,,,,,,,,,,
12,6000,250,8.975021,4.041966,0.000011,141.237786,0.828736,0.621591,0.995717,,,,,,,,,,,,
2,5863,244,8.984881,5.545146,0.000043,152.341586,0.811386,0.607272,0.99619,,,,,,,,,,,,
10,4880,203,9.007037,1.778591,0,33.305344,0.679497,0.506629,0.969783,,,,,,,,,,,,
8,3712,155,8.995557,0.728722,0.000019,2.372487,0.514878,0.384418,0.76836,,,,,,,,,,,,
5,2385,99,9.01751,0.068847,0,0.397977,0.332989,0.248581,0.4958,,,,,,,,,,,,
8,3864,161,9.004493,0.749483,0,2.724824,0.536839,0.401785,0.794489,,,,,,,,,,,,
4,2665,111,8.997773,0.1122,0,0.457314,0.369365,0.276818,0.551311,,,,,,,,,,,,
18,7245,302,9.0067,30.997306,0.000045,221.836675,0.988376,0.740894,0.996023,,,,,,,,,,,,
17,6975,291,9.004291,17.962558,0.000093,213.402379,0.93916,0.704326,0.995371,,,,,,,,,,,,
6,3493,146,9.006666,0.342855,0,1.358581,0.485144,0.362816,0.727368,,,,,,,,,,,,
3,8892,371,8.991722,165.092123,0.000048,237.45579,0.999999,0.74657,0.996114,,,,,,,,,,,,
5,5532,231,8.996895,2.321434,0,110.015464,0.768618,0.575162,0.995252,,,,,,,,,,,,
8,1976,82,8.999074,0.019565,0,0.1199,0.274882,0.204809,0.408746,,,,,,,,,,,,
14,1470,61,9.027511,0.000054,0,0.03318,0.204314,0.153054,0.305737,,,,,,,,,,,,
2,1008,42,9.013241,0.000021,0,0.008012,0.139581,0.105205,0.210273,,,,,,,,,,,,
19,9082,378,9.003598,138.719657,0.000051,239.938023,0.999507,0.751146,0.996002,,,,,,,,,,,,
6,2946,123,9.002914,0.215236,0,1.083083,0.409332,0.305482,0.607434,,,,,,,,,,,,
9,4410,184,9.010146,1.445202,0.000076,11.097166,0.610189,0.45787,0.907528,,,,,,,,,,,,
2,1988,83,9.001354,0.041745,0,0.230896,0.276044,0.206711,0.41335,,,,,,,,,,,,
17,2315,96,9.025906,0.047061,0,0.305632,0.322654,0.241811,0.483281,,,,,,,,,,,,
8,3472,145,9.02323,0.586105,0,3.092787,0.483343,0.362384,0.722696,,,,,,,,,,,,
3,1392,58,8.962998,0.00109,0,0.015688,0.192813,0.143811,0.286789,,,,,,,,,,,,
7,3423,143,9.008969,0.453546,0,1.915489,0.475896,0.35512,0.709907,,,,,,,,,,,,
12,878,37,8.990267,0,0,0,0.122041,0.091066,0.181824,,,,,,,,,,,,
20,2850,119,8.999578,0.221683,0,0.729822,0.395831,0.296383,0.59152,,,,,,,,,,,,
13,4550,190,9.006879,1.615049,0.000026,14.355605,0.632459,0.474569,0.936629,,,,,,,,,,,,
11,5192,216,9.006541,2.716323,0.000033,50.263607,0.719974,0.54007,0.983997,,,,,,,,,,,,
8,9300,388,9.017165,151.700919,0.000025,233.411323,0.993847,0.745927,0.996114,,,,,,,,,,,,
7,4870,203,8.991978,2.19332,0.000137,28.560036,0.67593,0.504879,0.958509,,,,,,,,,,,,
2,2285,95,9.027889,0.081928,0,0.438268,0.317778,0.237011,0.473086,,,,,,,,,,,,
16,3311,138,8.989177,0.3197,0.000056,1.369672,0.460485,0.342657,0.681221,,,,,,,,,,,,
2,1044,44,9.011665,0,0,0,0.145355,0.108761,0.216665,,,,,,,,,,,,
5,6643,277,8.999967,7.758122,0.000169,192.102137,0.904988,0.678842,0.99617,,,,,,,,,,,,
4,1880,78,9.015482,0.017236,0,0.110191,0.260157,0.195152,0.391252,,,,,,,,,,,,
19,9367,390,9.01797,193.04168,0.000035,234.02567,0.997979,0.747241,0.996108,,,,,,,,,,,,
13,7920,330,9.000086,76.601144,0.000078,234.998526,0.996665,0.748697,0.995987,,,,,,,,,,,,
18,8190,341,9.015864,77.263854,0.000007,239.894149,0.999882,0.749041,0.995965,,,,,,,,,,,,
15,4190,175,8.991477,1.618706,0,8.616431,0.581487,0.435511,0.847754,,,,,,,,,,,,
16,7632,318,9.002292,65.628678,0.000027,239.164621,0.999999,0.749396,0.996176,,,,,,,,,,,,
3,6720,280,8.983532,13.774649,0.00007,162.541937,0.881877,0.658076,0.996103,,,,,,,,,,,,
20,9360,390,8.986439,174.593086,0.000098,235.540493,0.997841,0.747697,0.996105,,,,,,,,,,,,
9,4446,185,9.013874,1.159114,0,10.518455,0.61817,0.461977,0.923511,,,,,,,,,,,,
10,4810,200,8.987724,1.901346,0.000061,27.678909,0.665961,0.498962,0.964218,,,,,,,,,,,,
5,5291,220,8.996483,2.177716,0.000024,67.931854,0.734725,0.549838,0.979106,,,,,,,,,,,,
4,9260,386,9.003472,206.342953,0.000055,243.203663,0.999803,0.75089,0.996144,,,,,,,,,,,,
6,5434,226,8.99971,3.343216,0.000065,75.892092,0.752198,0.564847,0.994057,,,,,,,,,,,,
12,4640,193,8.98643,1.38248,0.000002,12.516404,0.643394,0.481225,0.954904,,,,,,,,,,,,
17,8653,361,9.014886,160.668646,0.000061,235.625812,0.997107,0.746766,0.995483,,,,,,,,,,,,
19,9614,401,8.991574,181.481835,0.000108,236.219482,0.998297,0.749151,0.996021,,,,,,,,,,,,
17,2856,119,8.998583,0.216998,0,1.12213,0.397356,0.297043,0.593925,,,,,,,,,,,,
19,7790,325,9.006407,52.938653,0.00013,237.405192,0.999999,0.75072,0.99613,,,,,,,,,,,,
3,1952,81,8.991343,0.023358,0,0.14226,0.271123,0.20214,0.405544,,,,,,,,,,,,
9,4347,181,8.992393,1.27264,0,10.713601,0.603054,0.452595,0.895258,,,,,,,,,,,,
17,9044,377,8.996316,184.412594,0.000008,236.508822,0.999999,0.748062,0.996024,,,,,,,,,,,,
12,6305,263,8.991857,6.759921,0.000013,175.210435,0.863847,0.645514,0.9958,,,,,,,,,,,,
8,3535,147,8.997139,0.388009,0.000135,1.72673,0.491393,0.367902,0.729789,,,,,,,,,,,,
13,6058,252,9.009233,5.077355,0.000205,142.74004,0.839993,0.627413,0.996064,,,,,,,,,,,,
10,3808,159,9.009518,0.596196,0.000004,2.363109,0.527487,0.396803,0.793935,,,,,,,,,,,,
3,9220,384,9.009574,163.266127,0.000097,234.63017,0.99637,0.744616,0.995894,,,,,,,,,,,,
7,5832,243,9.000609,3.941152,0.000228,136.071096,0.808671,0.607288,0.996055,,,,,,,,,,,,
18,5016,209,8.978126,1.788935,0.000009,36.614162,0.694719,0.520977,0.965036,,,,,,,,,,,,
4,1800,75,8.962286,0.010413,0,0.107445,0.249393,0.185706,0.370668,,,,,,,,,,,,
15,7155,298,8.992255,29.777771,0.000018,229.798504,0.981327,0.734803,0.995951,,,,,,,,,,,,
18,1022,43,9.030236,0,0,0.007613,0.142448,0.10707,0.211237,,,,,,,,,,,,
13,966,40,8.985587,0,0,0,0.13425,0.100125,0.200253,,,,,,,,,,,,
2,3912,163,9.019788,0.774756,0.000018,3.403756,0.542767,0.406111,0.816129,,,,,,,,,,,,
4,8942,373,9.023751,152.268262,0.000051,230.827317,0.992887,0.741828,0.996081,,,,,,,,,,,,
2,964,40,8.994074,0,0,0.004205,0.133345,0.099626,0.20032,,,,,,,,,,,,
16,3768,157,9.009258,0.860349,0.00003,3.531413,0.524298,0.391318,0.781961,,,,,,,,,,,,
17,8262,344,9.005658,137.886068,0.000086,237.585331,0.995907,0.74746,0.993388,,,,,,,,,,,,
8,1824,76,8.997066,0.035071,0,0.181801,0.252141,0.189373,0.376074,,,,,,,,,,,,
7,10507,438,9.006172,228.435546,0.000027,238.628787,0.999999,0.746766,0.996076,,,,,,,,,,,,
20,9900,413,8.983943,187.81449,0.000043,222.229863,0.976264,0.730594,0.983281,,,,,,,,,,,,
19,8721,363,9.006237,133.367743,0.000081,233.53068,0.995359,0.745849,0.99342,,,,,,,,,,,,
7,3060,128,8.974408,0.190759,0,0.884853,0.424316,0.317512,0.628314,,,,,,,,,,,,
10,3367,140,9.009055,0.443481,0.00001,2.134314,0.468351,0.349751,0.697314,,,,,,,,,,,,
17,8460,353,8.982731,144.875616,0.000204,237.410982,0.999276,0.749704,0.996092,,,,,,,,,,,,
17,8211,342,8.985699,91.165828,0.000113,238.403384,0.995746,0.743626,0.992857,,,,,,,,,,,,
12,5808,242,8.993349,5.250352,0.000025,137.944718,0.808308,0.602576,0.996025,,,,,,,,,,,,
18,8514,355,9.002982,141.552634,0.000027,231.276091,0.993527,0.742356,0.996014,,,,,,,,,,,,
5,6885,287,8.993351,27.067168,0.000031,178.115368,0.940276,0.705264,0.996211,,,,,,,,,,,,
12,5976,249,9.00091,4.657777,0.000084,166.577616,0.827423,0.620743,0.996067,,,,,,,,,,,,
17,8245,344,8.998451,143.141747,0.000035,221.717843,0.982819,0.735845,0.989238,,,,,,,,,,,,
19,9557,398,8.994009,161.307253,0.000028,237.979617,0.999999,0.751785,0.996044,,,,,,,,,,,,
16,1892,79,9.029418,0.024638,0,0.171013,0.263354,0.196565,0.391824,,,,,,,,,,,,
7,3311,138,8.987399,0.433611,0,1.930848,0.456883,0.343921,0.688382,,,,,,,,,,,,
16,6860,286,9.00469,16.681679,0.000029,204.359033,0.944886,0.708732,0.986498,,,,,,,,,,,,
12,5856,244,8.991852,6.437427,0,104.757177,0.811932,0.606988,0.988397,,,,,,,,,,,,
8,3960,165,9.021495,0.723821,0.000032,3.428002,0.550136,0.411165,0.82157,,,,,,,,,,,,
19,8778,366,9.002791,147.358611,0.000137,235.416414,0.998082,0.746383,0.996078,,,,,,,,,,,,
8,3736,156,8.991019,0.567001,0.000025,2.230759,0.51775,0.387764,0.769455,,,,,,,,,,,,
17,6840,285,8.997661,17.483279,0.000168,231.210224,0.948079,0.707892,0.995877,,,,,,,,,,,,
6,6944,289,8.995914,16.828791,0.000048,228.630349,0.961849,0.718439,0.99616,,,,,,,,,,,,
12,6192,258,9.02258,7.283141,0.000177,146.535857,0.856279,0.642457,0.994487,,,,,,,,,,,,
8,3960,165,8.997273,0.680736,0.000341,4.79277,0.550239,0.411208,0.817994,,,,,,,,,,,,
17,1832,76,8.99365,0.011691,0,0.107652,0.254522,0.190091,0.381282,,,,,,,,,,,,
4,4095,171,8.981609,1.123266,0,6.145728,0.560135,0.419391,0.838502,,,,,,,,,,,,
2,1952,81,8.997172,0.041485,0,0.149003,0.270088,0.203741,0.404416,,,,,,,,,,,,
17,6496,271,8.999046,9.911376,0.000102,149.505156,0.880921,0.659925,0.995532,,,,,,,,,,,,
3,1494,62,8.98111,0,0,0.0353,0.206606,0.154314,0.306851,,,,,,,,,,,,
4,1912,80,9.008038,0.017864,0,0.147275,0.266023,0.197722,0.398652,,,,,,,,,,,,
4,1888,79,8.98956,0.020953,0,0.158241,0.261216,0.196318,0.394171,,,,,,,,,,,,
8,1972,82,8.990589,0.05221,0,0.194896,0.273819,0.204472,0.408543,,,,,,,,,,,,
11,5632,235,8.984068,3.631767,0.000031,118.083404,0.781539,0.582112,0.97727,,,,,,,,,,,,
14,6958,290,8.999152,16.315104,0.000033,200.762817,0.95632,0.714359,0.995896,,,,,,,,,,,,
11,5489,229,8.9886,3.260682,0.000018,86.318042,0.761777,0.569167,0.99103,,,,,,,,,,,,
9,4653,194,9.003069,1.393192,0.000056,10.875207,0.644319,0.483815,0.944646,,,,,,,,,,,,
15,6188,258,9.006,7.560773,0.000031,149.249253,0.838463,0.628312,0.996031,,,,,,,,,,,,
13,6734,281,9.004836,9.55326,0.00008,190.497525,0.91501,0.686541,0.996044,,,,,,,,,,,,
15,6750,281,8.98963,7.707584,0.000179,197.773499,0.929461,0.696451,0.995998,,,,,,,,,,,,
7,2330,97,8.959462,0.051162,0,0.328342,0.322455,0.241406,0.481939,,,,,,,,,,,,
16,7856,327,8.993481,75.630298,0.000032,233.5272,0.993554,0.74105,0.992284,,,,,,,,,,,,
2,1028,43,9.006231,0,0,0.000307,0.141785,0.107006,0.214514,,,,,,,,,,,,
4,5436,227,9.001675,3.351673,0.000139,100.438741,0.749808,0.561546,0.995696,,,,,,,,,,,,
16,7408,309,8.983251,44.673462,0.000067,234.465933,0.995875,0.745186,0.995146,,,,,,,,,,,,
13,2778,116,9.004511,0.160495,0,0.603328,0.385572,0.287308,0.574929,,,,,,,,,,,,
19,8835,368,9.009766,113.951005,0.000063,222.070725,0.990029,0.739859,0.995861,,,,,,,,,,,,
8,5604,234,9.010369,4.568971,0.000017,119.840723,0.776154,0.577052,0.991849,,,,,,,,,,,,
3,4570,190,9.008449,1.638993,0,25.899459,0.635061,0.474445,0.939614,,,,,,,,,,,,
3,1804,75,9.006416,0.021719,0,0.132392,0.251498,0.186484,0.372063,,,,,,,,,,,,
7,3521,147,8.993778,0.385945,0,1.705666,0.490873,0.365894,0.72588,,,,,,,,,,,,
18,6318,263,8.99704,6.352332,0.000172,170.769706,0.869737,0.651598,0.993598,,,,,,,,,,,,
5,2465,103,8.980603,0.100732,0,0.473309,0.340514,0.255978,0.511592,,,,,,,,,,,,
9,6412,267,9.006236,11.96207,0.00005,209.510133,0.889585,0.666878,0.996137,,,,,,,,,,,,
7,3339,139,8.978324,0.439853,0,1.575824,0.460113,0.342774,0.68355,,,,,,,,,,,,
19,2526,105,8.987646,0.107892,0,0.443386,0.34982,0.263074,0.524078,,,,,,,,,,,,
3,1503,63,9.003055,0.000179,0,0.018369,0.208374,0.156136,0.31486,,,,,,,,,,,,
10,6928,289,8.986591,16.565093,0.000096,191.273972,0.944915,0.707691,0.996002,,,,,,,,,,,,
7,4870,203,8.995331,2.284542,0.000036,26.45832,0.670044,0.500334,0.967193,,,,,,,,,,,,
7,3094,129,9.02715,0.302034,0.000006,1.255119,0.430071,0.323602,0.642423,,,,,,,,,,,,
8,4383,183,9.008721,1.335212,0,5.605219,0.60855,0.45228,0.881061,,,,,,,,,,,,
10,982,41,8.989282,0,0,0.000223,0.1366,0.101715,0.202648,,,,,,,,,,,,
11,3346,139,9.009821,0.500226,0,2.011878,0.464794,0.348296,0.699779,,,,,,,,,,,,
12,5808,242,8.989683,3.495067,0.000115,118.708232,0.799539,0.59518,0.995213,,,,,,,,,,,,
17,453,19,9.013411,0,0,0,0.063407,0.047331,0.093462,,,,,,,,,,,,
3,1491,62,8.985355,0.000712,0,0.044434,0.206826,0.153931,0.310573,,,,,,,,,,,,
15,7350,306,9.002058,25.477433,0.000018,225.776171,0.979387,0.72938,0.99608,,,,,,,,,,,,
12,6252,261,9.00473,6.590703,0.000014,153.163321,0.851705,0.638544,0.993412,,,,,,,,,,,,
18,8658,361,8.980616,143.223101,0.000053,235.952752,0.999147,0.746013,0.995784,,,,,,,,,,,,
19,7140,298,8.990777,20.582268,0.000035,214.435152,0.960543,0.717583,0.996033,,,,,,,,,,,,
10,5030,210,8.974652,1.652513,0.000045,62.88196,0.698595,0.522179,0.966368,,,,,,,,,,,,
9,4284,179,9.017465,1.225033,0.000087,8.245898,0.597613,0.44682,0.877569,,,,,,,,,,,,
4,8730,364,8.998906,145.800274,0.000049,229.28657,0.992997,0.742946,0.993259,,,,,,,,,,,,
20,1464,61,9.029675,0.00273,0,0.036943,0.20358,0.151637,0.302814,,,,,,,,,,,,
15,7380,308,8.994367,56.510704,0.000013,216.704005,0.982181,0.735374,0.99387,,,,,,,,,,,,
9,4023,168,9.008559,1.095616,0.000019,7.641789,0.560557,0.419288,0.831308,,,,,,,,,,,,
3,4032,168,8.998651,0.955783,0.000001,3.882878,0.557528,0.417126,0.83091,,,,,,,,,,,,
7,7696,321,9.013223,55.154046,0.00004,232.725312,0.993317,0.74538,0.99597,,,,,,,,,,,,
14,6552,273,8.968908,10.81202,0.000051,170.849513,0.902444,0.677679,0.995822,,,,,,,,,,,,
18,8604,359,8.997671,138.248703,0.000028,238.639528,0.998245,0.746397,0.995882,,,,,,,,,,,,
20,7680,320,9.016613,64.730606,0.000076,230.495233,0.994484,0.746418,0.99597,,,,,,,,,,,,
18,8280,345,9.006716,95.995725,0.000081,222.208252,0.985568,0.73842,0.996045,,,,,,,,,,,,
8,4016,167,9.008803,1.070409,0.000001,5.19757,0.557588,0.417711,0.80144,,,,,,,,,,,,
14,6608,275,9.006786,9.858426,0.000074,198.20633,0.911503,0.680169,0.996086,,,,,,,,,,,,
8,4080,170,9.015773,0.727144,0.000007,4.106784,0.565826,0.424691,0.843955,,,,,,,,,,,,
3,1464,61,9.027973,0,0,0.014064,0.203578,0.152825,0.303823,,,,,,,,,,,,
8,3648,152,9.008828,0.677737,0.000044,3.049712,0.506065,0.38029,0.757119,,,,,,,,,,,,
18,8748,365,9.006331,135.738513,0.000031,211.481126,0.980285,0.732,0.996071,,,,,,,,,,,,
9,4185,174,8.992597,0.770534,0.000038,7.604765,0.578082,0.431201,0.854965,,,,,,,,,,,,
19,9139,381,9.00778,186.899081,0.000057,215.419947,0.981995,0.734873,0.996252,,,,,,,,,,,,
17,8658,361,8.991507,116.530244,0.000038,238.627912,0.999802,0.74564,0.996107,,,,,,,,,,,,
2,996,42,9.030753,0,0,0,0.138743,0.103508,0.208177,,,,,,,,,,,,
11,5126,214,8.998009,1.87997,0.000024,66.294132,0.709234,0.531213,0.993433,,,,,,,,,,,,
16,8560,357,8.997228,102.317513,0.000032,221.972266,0.987719,0.739785,0.994244,,,,,,,,,,,,
19,6214,259,8.994064,4.775791,0.000024,167.382266,0.852803,0.638502,0.995815,,,,,,,,,,,,
5,8388,350,9.001291,114.911447,0.000139,223.756496,0.98782,0.73817,0.993561,,,,,,,,,,,,
16,9576,399,9.008918,244.409842,0.000032,240.436591,0.999002,0.748674,0.995873,,,,,,,,,,,,
9,2778,116,8.990828,0.202567,0,0.822382,0.384952,0.287885,0.574801,,,,,,,,,,,,
19,8128,339,8.98973,86.202516,0.00001,228.279223,0.98929,0.740963,0.99269,,,,,,,,,,,,
4,7504,313,8.995247,61.95838,0.000062,202.623288,0.967974,0.724065,0.995952,,,,,,,,,,,,
3,8436,352,9.024474,120.427129,0.000018,238.971585,0.999999,0.746951,0.995991,,,,,,,,,,,,
17,8602,358,8.99196,113.644771,0.00009,238.414543,0.999873,0.750364,0.996077,,,,,,,,,,,,
15,6975,291,9.003049,18.057102,0.000053,183.920782,0.942372,0.705355,0.996079,,,,,,,,,,,,
6,2796,117,9.009361,0.204734,0,0.693254,0.389396,0.288959,0.578148,,,,,,,,,,,,
10,4830,201,8.985797,1.722232,0.000022,37.254859,0.669348,0.501747,0.966205,,,,,,,,,,,,
13,6370,265,8.997005,6.434379,0.000136,125.372392,0.856064,0.64264,0.991039,,,,,,,,,,,,
17,2420,101,9.006446,0.116374,0,0.475623,0.334458,0.252293,0.500414,,,,,,,,,,,,
6,3078,128,9.000216,0.296125,0.000018,2.121412,0.427604,0.319097,0.64061,,,,,,,,,,,,
16,8262,344,9.006363,134.544636,0.000076,237.712256,0.999061,0.748579,0.995975,,,,,,,,,,,,
15,5269,220,8.980318,2.393572,0.000013,68.581097,0.722044,0.537987,0.995783,,,,,,,,,,,,
13,4961,207,8.986465,2.230618,0.000018,22.744883,0.681823,0.510541,0.986704,,,,,,,,,,,,
12,6048,252,8.9964,4.338948,0.000007,153.564206,0.844052,0.625916,0.996116,,,,,,,,,,,,
7,3591,150,9.005384,0.336839,0,2.252544,0.497678,0.373032,0.745773,,,,,,,,,,,,
10,4212,176,9.000503,0.858385,0.000047,10.055751,0.583835,0.438224,0.862215,,,,,,,,,,,,
15,7500,313,9.017205,35.098821,0.000148,214.623196,0.96718,0.725549,0.99611,,,,,,,,,,,,
20,1924,80,8.985113,0.034737,0,0.127495,0.26567,0.20019,0.396988,,,,,,,,,,,,
15,5709,238,8.999438,4.707879,0.000002,102.354412,0.792858,0.592295,0.99191,,,,,,,,,,,,
2,1014,42,8.981252,0,0,0.000125,0.140949,0.105191,0.210284,,,,,,,,,,,,
17,8143,339,9.011575,88.93156,0.00002,238.676245,0.998538,0.745486,0.995833,,,,,,,,,,,,
16,7472,311,8.998645,49.370179,0.000064,212.827529,0.969923,0.725734,0.99207,,,,,,,,,,,,
17,7744,323,8.987355,61.799325,0.000085,236.800591,0.997531,0.746956,0.995924,,,,,,,,,,,,
2,970,40,9.025065,0,0,0.002088,0.135447,0.101321,0.201453,,,,,,,,,,,,
8,6412,267,8.994459,11.760988,0.000075,159.861222,0.881036,0.660093,0.995809,,,,,,,,,,,,
15,7605,317,9.003755,47.223007,0.000161,233.799938,0.989844,0.741861,0.992078,,,,,,,,,,,,
6,2814,117,8.980785,0.173027,0,0.819483,0.390166,0.292191,0.581468,,,,,,,,,,,,
17,7616,317,8.984972,60.127956,0.00004,219.656101,0.984202,0.739613,0.99604,,,,,,,,,,,,
5,2730,114,9.000042,0.174488,0,0.667213,0.377935,0.282796,0.564346,,,,,,,,,,,,
10,4300,179,8.998827,1.248903,0.000009,10.707872,0.598121,0.446629,0.882941,,,,,,,,,,,,
18,8928,372,8.992751,139.094348,0.000128,237.981879,0.999999,0.748996,0.995742,,,,,,,,,,,,
18,8892,371,9.006825,141.625812,0.000113,232.198948,0.994441,0.741815,0.995485,,,,,,,,,,,,
1,7871,328,8.989407,57.93064,0.000186,230.458708,0.98845,0.739356,0.991429,,,,,,,,,,,,
14,3904,163,9.011591,0.850837,0.00026,5.023773,0.541118,0.406873,0.797139,,,,,,,,,,,,
18,7056,294,8.984459,22.124561,0.000123,208.93314,0.967104,0.724311,0.994316,,,,,,,,,,,,
6,7084,295,8.994813,16.811598,0.000114,208.073392,0.963098,0.722286,0.991437,,,,,,,,,,,,
9,4338,181,9.008011,1.525992,0.000033,11.862087,0.600617,0.45493,0.901587,,,,,,,,,,,,
18,8432,351,9.017068,99.423871,0.000194,234.732637,0.994489,0.747782,0.992083,,,,,,,,,,,,
17,4392,183,9.01518,0.843703,0.000007,11.813957,0.611885,0.458155,0.91149,,,,,,,,,,,,
5,3318,138,8.997965,0.493717,0.000028,1.418692,0.461005,0.345207,0.679268,,,,,,,,,,,,
2,7860,328,8.995135,64.291708,0.000131,213.803831,0.977038,0.728507,0.995937,,,,,,,,,,,,
19,6357,265,8.993196,8.391748,0.000019,173.235572,0.879679,0.65667,0.993483,,,,,,,,,,,,
19,8721,363,9.024469,130.912841,0.000008,238.407585,0.999756,0.746686,0.996113,,,,,,,,,,,,
15,7920,330,8.993297,62.404032,0.000117,236.542771,0.999582,0.746941,0.996081,,,,,,,,,,,,
18,7350,306,9.003515,32.621087,0.000021,205.486902,0.96477,0.723384,0.996116,,,,,,,,,,,,
16,7216,301,8.986141,21.275324,0.000087,231.340614,0.986728,0.739551,0.990327,,,,,,,,,,,,
8,3896,162,9.006785,0.661666,0.000037,3.114549,0.537148,0.402084,0.792339,,,,,,,,,,,,
5,2290,95,9.013053,0.070418,0,0.3141,0.318634,0.238749,0.473644,,,,,,,,,,,,
13,6526,272,9.004791,9.302419,0.000146,165.989767,0.895108,0.669831,0.991839,,,,,,,,,,,,
3,476,20,8.958693,0,0,0,0.066174,0.048895,0.098119,,,,,,,,,,,,
4,2008,84,9.023988,0.026347,0,0.194123,0.278997,0.209652,0.418198,,,,,,,,,,,,
5,2380,99,8.996006,0.072328,0,0.357095,0.330824,0.246127,0.495395,,,,,,,,,,,,
16,4770,199,8.997488,1.585782,0.000056,16.689532,0.660467,0.493635,0.956488,,,,,,,,,,,,
19,4176,174,9.018869,0.989262,0.000012,6.375936,0.579652,0.433986,0.866464,,,,,,,,,,,,
3,507,21,9.018233,0,0,0,0.06991,0.053061,0.10464,,,,,,,,,,,,
4,1884,79,8.994265,0.043765,0,0.170788,0.262171,0.195064,0.390009,,,,,,,,,,,,
10,5220,218,9.02368,2.426217,0.000253,62.878709,0.726441,0.544912,0.990064,,,,,,,,,,,,
20,9080,378,8.989493,146.026859,0.000012,240.50248,0.999881,0.749507,0.996195,,,,,,,,,,,,
12,9920,413,8.993881,206.32355,0.00025,235.447881,0.998875,0.7454,0.996025,,,,,,,,,,,,
11,6734,281,9.009641,11.2296,0.000147,224.010715,0.936096,0.700418,0.995843,,,,,,,,,,,,
6,6383,266,8.999874,8.116772,0.000081,156.646665,0.877351,0.659841,0.99607,,,,,,,,,,,,
7,922,38,8.98616,0,0,0.000409,0.128004,0.095974,0.190448,,,,,,,,,,,,
18,9920,413,8.995533,175.812686,0.000021,233.376247,0.996975,0.743865,0.995245,,,,,,,,,,,,
10,4860,203,9.006008,1.773344,0.000057,34.500259,0.675375,0.504653,0.989269,,,,,,,,,,,,
6,3012,126,9.006453,0.326631,0.000006,1.080676,0.419369,0.311769,0.622674,,,,,,,,,,,,
6,2445,102,9.002357,0.076867,0,0.394415,0.339897,0.25353,0.508741,,,,,,,,,,,,
17,8873,370,9.005848,151.376521,0.000141,236.666436,0.999999,0.749168,0.996048,,,,,,,,,,,,
5,4293,179,8.996146,1.164926,0.000076,17.493061,0.595968,0.446334,0.882278,,,,,,,,,,,,
4,1948,81,9.009493,0.074039,0,0.253818,0.270856,0.20141,0.403958,,,,,,,,,,,,
17,7395,308,8.996212,71.754398,0.000233,234.738024,0.994653,0.746281,0.993094,,,,,,,,,,,,
12,5676,237,8.989883,3.014079,0.00012,92.428388,0.784436,0.58848,0.993636,,,,,,,,,,,,
8,3465,144,8.995518,0.433164,0,2.23859,0.478684,0.35969,0.718388,,,,,,,,,,,,
1,519,22,8.948447,0,0,0,0.071915,0.053443,0.107416,,,,,,,,,,,,
2,872,36,9.022545,0,0,0.00206,0.121219,0.089961,0.180674,,,,,,,,,,,,
9,3108,130,8.987528,0.23526,0,1.213059,0.431845,0.323002,0.644546,,,,,,,,,,,,
2,970,40,9.003245,0,0,0,0.134752,0.101355,0.201425,,,,,,,,,,,,
11,5148,215,9.005667,3.7196,0.000106,92.719821,0.717751,0.533787,0.989453,,,,,,,,,,,,
4,6773,282,9.001688,12.944813,0.000188,211.10407,0.931523,0.697576,0.996197,,,,,,,,,,,,
2,4800,200,9.010771,2.243948,0.000022,17.180285,0.66859,0.497083,0.982269,,,,,,,,,,,,
2,10020,418,9.000074,218.578455,0.000027,231.319778,0.994711,0.746038,0.995164,,,,,,,,,,,,
3,6500,271,9.008187,8.384279,0.000134,188.175714,0.903257,0.67512,0.98754,,,,,,,,,,,,
12,5868,245,8.992256,7.287882,0.000114,101.919893,0.813454,0.612875,0.984481,,,,,,,,,,,,
5,4480,187,9.007088,1.555982,0.000039,17.935612,0.621409,0.465763,0.929772,,,,,,,,,,,,
10,5520,230,8.981103,3.753078,0.000129,86.458117,0.761044,0.567273,0.987437,,,,,,,,,,,,
17,8245,344,9.013989,97.060711,0.000037,241.744029,0.999999,0.745692,0.99602,,,,,,,,,,,,
7,3856,161,9.003763,0.698173,0.000046,4.217584,0.535353,0.401559,0.800394,,,,,,,,,,,,
13,6877,287,9.001395,12.552872,0.000031,213.763756,0.95606,0.712436,0.995916,,,,,,,,,,,,
2,948,40,9.010258,0,0,0,0.131768,0.098308,0.194724,,,,,,,,,,,,
13,3556,148,9.011726,0.334823,0,1.357296,0.491666,0.369137,0.731398,,,,,,,,,,,,
8,4401,183,8.997086,1.005437,0.000022,7.248241,0.610865,0.455773,0.910951,,,,,,,,,,,,
11,5291,220,8.971501,3.187934,0.000036,83.006069,0.730462,0.550814,0.996008,,,,,,,,,,,,
12,5412,226,8.990004,4.905894,0.000086,133.758242,0.75027,0.562514,0.953917,,,,,,,,,,,,
9,4311,180,8.996461,1.065436,0.000038,8.891989,0.593789,0.44555,0.885852,,,,,,,,,,,,
12,5496,229,8.980312,3.810617,0.000101,102.015034,0.761195,0.568537,0.994633,,,,,,,,,,,,
7,7808,325,8.9871,76.943641,0.000076,230.077265,0.992295,0.743115,0.996131,,,,,,,,,,,,
17,8007,334,9.006789,85.081789,0.000065,237.79975,0.999999,0.748749,0.996163,,,,,,,,,,,,
4,5967,249,8.99478,5.358687,0.000029,151.196514,0.827371,0.62127,0.995885,,,,,,,,,,,,
19,10811,450,8.988762,231.880889,0.000084,234.221643,0.99853,0.745829,0.995996,,,,,,,,,,,,
2,6825,284,9.020463,14.455516,0.000089,204.758732,0.951008,0.710008,0.99381,,,,,,,,,,,,
15,7410,309,8.999458,30.74789,0.000051,233.784452,0.999999,0.744901,0.996145,,,,,,,,,,,,
19,7984,333,8.986275,60.443242,0.000138,222.186185,0.985575,0.737963,0.995959,,,,,,,,,,,,
4,922,38,8.974694,0,0,0,0.12755,0.095769,0.190093,,,,,,,,,,,,
14,1002,42,9.007169,0,0,0.000869,0.139292,0.104061,0.207639,,,,,,,,,,,,
15,7095,296,8.997153,12.965459,0.000059,208.806089,0.963405,0.722056,0.996218,,,,,,,,,,,,
17,7425,309,9.012139,65.09358,0.000111,199.507229,0.956965,0.715474,0.985679,,,,,,,,,,,,
19,8816,367,8.990119,131.781645,0.000014,235.234869,0.999422,0.745276,0.995961,,,,,,,,,,,,
7,3353,140,8.997183,0.368167,0,1.455626,0.463692,0.346365,0.686269,,,,,,,,,,,,
4,5628,235,9.022916,2.671552,0.000029,87.217577,0.779836,0.583487,0.995638,,,,,,,,,,,,
18,7830,326,9.017139,37.685343,0.000002,232.516676,0.996271,0.745056,0.994875,,,,,,,,,,,,
10,5140,214,9.009084,1.65096,0.000038,51.604846,0.71493,0.533907,0.989103,,,,,,,,,,,,
5,7922,330,9.004193,75.642573,0.000124,214.989399,0.980878,0.734852,0.995343,,,,,,,,,,,,
9,8874,370,8.995808,127.696458,0.000142,238.435177,0.999856,0.749281,0.996218,,,,,,,,,,,,
2,1036,43,9.017566,0,0,0.000669,0.143952,0.107996,0.215969,,,,,,,,,,,,
19,3206,134,8.994079,0.435952,0.000099,1.681143,0.44316,0.331751,0.663593,,,,,,,,,,,,
10,7632,318,8.988938,46.636616,0.000032,229.064838,0.992854,0.74233,0.995728,,,,,,,,,,,,
8,3768,157,9.013311,0.573154,0.000008,2.046866,0.522763,0.389864,0.776246,,,,,,,,,,,,
9,9329,389,8.994212,149.127914,0.000052,227.303922,0.993932,0.745409,0.996058,,,,,,,,,,,,
15,7125,297,9.015847,19.564662,0.000033,200.136782,0.968399,0.723428,0.995144,,,,,,,,,,,,
12,6342,264,9.005479,8.961053,0.000044,165.773111,0.881329,0.65683,0.994799,,,,,,,,,,,,
16,7792,325,8.982714,69.551184,0.000042,219.877723,0.973007,0.731912,0.981804,,,,,,,,,,,,
16,3944,164,9.00676,0.778099,0.000124,4.704911,0.547606,0.40815,0.813965,,,,,,,,,,,,
11,1311,55,9.001973,0.001517,0,0.024876,0.182054,0.13507,0.270621,,,,,,,,,,,,
16,7824,326,9.00046,78.692798,0.000064,217.122062,0.984281,0.73716,0.995879,,,,,,,,,,,,
9,2330,97,9.007195,0.047984,0,0.295674,0.322762,0.242128,0.487094,,,,,,,,,,,,
19,9139,381,9.00767,158.047803,0.000087,235.29436,0.995398,0.745894,0.994178,,,,,,,,,,,,
17,8296,346,9.00706,100.949346,0.00002,217.711325,0.980196,0.736637,0.990945,,,,,,,,,,,,
18,8352,348,9.011886,153.065028,0.000079,240.654408,0.999999,0.748173,0.996056,,,,,,,,,,,,
4,7728,322,8.988768,62.667518,0.00006,232.4985,0.993444,0.745754,0.995012,,,,,,,,,,,,
10,4720,197,8.988809,1.757144,0.000125,21.840298,0.656558,0.490137,0.975412,,,,,,,,,,,,
19,9766,407,9.003965,195.658815,0.000072,238.646272,0.999918,0.74927,0.996021,,,,,,,,,,,,
15,7120,297,9.016689,25.687585,0.000071,211.499921,0.974606,0.728951,0.996093,,,,,,,,,,,,
4,7266,303,9.009119,34.910124,0.000105,221.322527,0.976833,0.73029,0.99123,,,,,,,,,,,,
16,3290,137,9.026595,0.370693,0,1.694193,0.457617,0.343556,0.685369,,,,,,,,,,,,
12,7648,319,8.980812,69.512781,0.000034,238.026087,0.999637,0.747365,0.995963,,,,,,,,,,,,
1,477,20,9.000371,0,0,0,0.066493,0.050114,0.098201,,,,,,,,,,,,
6,7028,293,9.003673,14.780124,0.000053,217.151799,0.960239,0.718357,0.996178,,,,,,,,,,,,
19,8960,373,8.993639,154.015876,0.000074,236.440491,0.999241,0.747649,0.996222,,,,,,,,,,,,
2,986,41,9.023728,0,0,0.002673,0.137728,0.10246,0.204365,,,,,,,,,,,,
12,5664,236,8.998819,5.152799,0.000143,87.023345,0.787332,0.589447,0.991609,,,,,,,,,,,,
17,952,40,8.996631,0,0,0,0.132874,0.098181,0.197724,,,,,,,,,,,,
3,1332,56,8.986499,0.001178,0,0.024664,0.185335,0.137774,0.275514,,,,,,,,,,,,
4,1808,75,9.01723,0.018183,0,0.146138,0.252405,0.188097,0.372147,,,,,,,,,,,,
20,1948,81,9.0269,0.008246,0,0.074523,0.271529,0.203278,0.405455,,,,,,,,,,,,
18,3346,139,8.990197,0.315476,0.000018,1.234651,0.464259,0.347549,0.693467,,,,,,,,,,,,
4,1868,78,9.009167,0.046302,0,0.217337,0.259877,0.194751,0.388268,,,,,,,,,,,,
7,3234,135,8.996351,0.415698,0,1.551548,0.448094,0.336195,0.670611,,,,,,,,,,,,
8,4192,175,8.982968,0.904193,0.000015,13.730447,0.580291,0.435851,0.86941,,,,,,,,,,,,
15,2754,115,8.99183,0.145708,0,0.663896,0.380841,0.285484,0.572759,,,,,,,,,,,,
8,3888,162,8.996882,0.73845,0.000001,3.603895,0.540441,0.402588,0.806653,,,,,,,,,,,,
14,1542,64,9.014414,0.000249,0,0.01231,0.214758,0.160143,0.320599,,,,,,,,,,,,
4,1908,80,8.99176,0.012557,0,0.098093,0.265665,0.19751,0.393127,,,,,,,,,,,,
14,6594,275,8.991113,8.819633,0.000073,175.606226,0.913665,0.681222,0.995307,,,,,,,,,,,,
5,2480,103,9.010053,0.051281,0,0.339191,0.344878,0.257125,0.512617,,,,,,,,,,,,
18,8838,368,8.996059,127.7316,0.000063,229.113306,0.994506,0.744035,0.99593,,,,,,,,,,,,
17,8041,335,9.004188,94.516071,0,236.999368,0.999999,0.747434,0.996227,,,,,,,,,,,,
11,7974,332,8.996952,60.25152,0.000022,235.658055,0.995011,0.74678,0.996035,,,,,,,,,,,,
9,4338,181,8.998138,1.056916,0.000054,6.279327,0.603521,0.450305,0.885128,,,,,,,,,,,,
3,5700,238,9.000659,4.075929,0.000096,94.587853,0.785599,0.587686,0.992384,,,,,,,,,,,,
9,4338,181,9.015259,1.325002,0.000015,8.683749,0.603445,0.450221,0.884935,,,,,,,,,,,,
6,504,21,9.042263,0,0,0,0.07029,0.052426,0.106074,,,,,,,,,,,,
3,1503,63,8.995321,0.003646,0,0.067584,0.207746,0.155236,0.312648,,,,,,,,,,,,
9,4293,179,8.989035,1.463506,0,16.823227,0.593824,0.443634,0.884731,,,,,,,,,,,,
20,7956,332,8.992541,91.307635,0.000208,228.240028,0.990657,0.74153,0.996098,,,,,,,,,,,,
18,9054,377,9.002101,122.333989,0.000073,238.384926,0.999801,0.747952,0.996147,,,,,,,,,,,,
18,7938,331,8.98958,67.194337,0.000095,239.355415,0.999999,0.748256,0.99617,,,,,,,,,,,,
16,6398,267,9.002404,6.479252,0.000017,185.383476,0.879692,0.658086,0.993851,,,,,,,,,,,,
20,10380,433,9.001685,243.733621,0.000135,238.64348,0.999285,0.750232,0.995937,,,,,,,,,,,,
11,1972,82,8.960336,0.004953,0,0.086992,0.272076,0.204907,0.406892,,,,,,,,,,,,
2,976,41,9.0061,0,0,0.003736,0.136412,0.100003,0.201149,,,,,,,,,,,,
10,8080,337,9.00616,91.806778,0.000078,228.163851,0.993148,0.744403,0.996086,,,,,,,,,,,,
13,3640,152,8.996807,0.63821,0.000082,3.68127,0.504889,0.379543,0.757872,,,,,,,,,,,,
18,1530,64,9.001631,0.001069,0,0.033444,0.211848,0.15836,0.315675,,,,,,,,,,,,
6,3458,144,8.992666,0.497055,0,2.166715,0.479699,0.356094,0.707159,,,,,,,,,,,,
15,7875,328,9.007393,68.157345,0.000033,230.378519,0.993142,0.742327,0.995955,,,,,,,,,,,,
8,9380,391,9.005699,169.430309,0.000066,238.796359,0.999999,0.747766,0.995999,,,,,,,,,,,,
13,3888,162,9.014479,0.676353,0,4.088087,0.536986,0.399957,0.802761,,,,,,,,,,,,
3,6734,281,8.999175,13.603812,0.000049,212.311344,0.934279,0.698075,0.99085,,,,,,,,,,,,
6,7259,302,9.006862,51.999725,0.000083,215.245388,0.978338,0.732628,0.995995,,,,,,,,,,,,
10,4720,197,8.978274,1.701632,0,16.247175,0.651102,0.485996,0.94613,,,,,,,,,,,,
12,6144,256,8.999299,4.510898,0.000099,126.768562,0.846966,0.633395,0.99469,,,,,,,,,,,,
10,4900,204,9.023341,1.661472,0.000065,36.330218,0.680355,0.51074,0.987564,,,,,,,,,,,,
8,3374,141,9.003518,0.3349,0,1.397404,0.467645,0.351046,0.699201,,,,,,,,,,,,
10,4972,207,9.036539,1.928741,0.000023,44.433533,0.691667,0.519012,0.995953,,,,,,,,,,,,
9,4374,182,8.969373,1.123298,0.000008,6.792292,0.605188,0.453926,0.892268,,,,,,,,,,,,
8,3832,160,8.995559,0.619577,0.000058,3.067218,0.532074,0.397367,0.784147,,,,,,,,,,,,
8,1419,59,9.013154,0,0,0.02707,0.196485,0.147645,0.296259,,,,,,,,,,,,
3,1569,65,9.010302,0.001773,0,0.040409,0.218473,0.162703,0.326099,,,,,,,,,,,,
9,9010,375,8.988276,140.081043,0.000001,235.550685,0.995832,0.744176,0.992973,,,,,,,,,,,,
4,1976,82,8.985605,0.027874,0,0.162675,0.273336,0.204411,0.409391,,,,,,,,,,,,
8,3592,150,8.974294,0.810337,0.000014,3.27206,0.497477,0.372444,0.739877,,,,,,,,,,,,
1,494,21,9.017771,0,0,0,0.068911,0.051266,0.103237,,,,,,,,,,,,
18,2340,98,9.015432,0.058998,0,0.314205,0.325158,0.242708,0.485839,,,,,,,,,,,,
10,4900,204,8.985197,1.938283,0.000003,32.706499,0.675801,0.504886,0.988623,,,,,,,,,,,,
13,5456,227,9.001652,3.25459,0.000054,74.865544,0.754836,0.565015,0.988289,,,,,,,,,,,,
18,8964,374,8.999749,173.677354,0.000021,232.184785,0.997172,0.743914,0.995551,,,,,,,,,,,,
2,978,41,9.01267,0,0,0.000118,0.136611,0.101624,0.203202,,,,,,,,,,,,
14,2340,98,9.009794,0.070068,0,0.355417,0.325204,0.242474,0.485011,,,,,,,,,,,,
12,2012,84,8.992131,0.025898,0,0.15902,0.277179,0.209212,0.416634,,,,,,,,,,,,
8,8245,344,8.99405,106.453455,0.000101,212.77748,0.980526,0.732321,0.993553,,,,,,,,,,,,
6,9240,385,8.984187,111.452511,0.000037,226.918764,0.991799,0.739767,0.996105,,,,,,,,,,,,
3,1308,55,9.017444,0,0,0.026945,0.18247,0.135759,0.271561,,,,,,,,,,,,
8,7650,319,9.024699,54.228828,0.000065,215.329093,0.976092,0.732967,0.990427,,,,,,,,,,,,
10,4940,206,8.992451,1.834845,0.000001,20.114644,0.682481,0.509067,0.981047,,,,,,,,,,,,
19,9500,396,9.011516,170.097238,0.000101,233.508762,0.99489,0.74531,0.996038,,,,,,,,,,,,
16,7136,297,8.99191,20.653393,0.000081,211.813894,0.969283,0.724696,0.993009,,,,,,,,,,,,
17,8398,350,8.990941,103.570103,0.000139,231.636714,0.994908,0.746697,0.99583,,,,,,,,,,,,
16,9306,388,8.992098,178.159089,0.000118,217.889381,0.986799,0.738618,0.995892,,,,,,,,,,,,
18,9558,398,9.007479,199.390925,0.000011,235.371393,0.999999,0.743945,0.99613,,,,,,,,,,,,
19,6706,279,9.001141,8.121261,0.000099,190.824088,0.929173,0.695607,0.995906,,,,,,,,,,,,
6,2694,112,8.984724,0.250653,0,0.699516,0.371835,0.280417,0.557212,,,,,,,,,,,,
4,1736,72,8.989179,0.00857,0,0.100385,0.239687,0.180586,0.359469,,,,,,,,,,,,
7,2455,102,9.018736,0.057816,0,0.529082,0.340354,0.254198,0.510598,,,,,,,,,,,,
7,3290,137,9.005696,0.356572,0,1.160528,0.456018,0.342821,0.6807,,,,,,,,,,,,
20,8854,369,8.99622,131.022005,0.000037,232.735299,0.996034,0.747157,0.996161,,,,,,,,,,,,
3,1413,59,8.998036,0.000861,0,0.0302,0.194848,0.147196,0.296268,,,,,,,,,,,,
8,3688,154,8.995773,0.58646,0,2.669864,0.513212,0.384049,0.764328,,,,,,,,,,,,
11,5643,235,9.005187,4.803748,0.000017,80.74173,0.781079,0.583355,0.996009,,,,,,,,,,,,
15,9760,407,9.004857,206.88373,0.000111,239.75062,0.999999,0.747753,0.995984,,,,,,,,,,,,
6,5820,243,9.004297,4.170376,0.000027,135.977585,0.809687,0.606858,0.975742,,,,,,,,,,,,
16,7264,303,9.000191,36.819878,0.000098,233.470728,0.992857,0.743762,0.99584,,,,,,,,,,,,
3,3535,147,8.997425,0.388842,0,1.87333,0.489665,0.365401,0.727233,,,,,,,,,,,,
14,6328,264,8.999119,8.900988,0.00028,132.860982,0.867683,0.65073,0.995938,,,,,,,,,,,,
3,1446,60,8.99609,0.00202,0,0.033238,0.200966,0.150211,0.300789,,,,,,,,,,,,
13,5967,249,8.994339,5.010688,0.00003,123.955842,0.819847,0.612335,0.995881,,,,,,,,,,,,
9,1924,80,9.009917,0.019208,0,0.107682,0.268617,0.200694,0.399507,,,,,,,,,,,,
9,4635,193,9.00441,1.350387,0.000012,12.665236,0.639504,0.47815,0.943988,,,,,,,,,,,,
7,3402,142,9.004061,0.617555,0,2.530669,0.471261,0.351632,0.702099,,,,,,,,,,,,
10,6972,291,8.98957,17.599994,0.000062,226.004767,0.967827,0.726937,0.996009,,,,,,,,,,,,
10,1896,79,8.990797,0.025182,0,0.223232,0.261963,0.196404,0.3912,,,,,,,,,,,,
7,3409,142,8.994304,0.426213,0.000023,2.116144,0.472945,0.355291,0.707129,,,,,,,,,,,,
15,7885,329,8.988356,86.020171,0.000033,236.02287,0.997891,0.746172,0.995975,,,,,,,,,,,,
4,7808,325,9.005327,81.101785,0.000076,228.607205,0.981599,0.734925,0.984847,,,,,,,,,,,,
17,8568,357,9.004707,107.009383,0.00005,237.7324,0.999949,0.747483,0.996007,,,,,,,,,,,,
3,1470,61,8.988686,0.001666,0,0.038519,0.202914,0.152254,0.304316,,,,,,,,,,,,
13,6422,268,8.991327,8.111729,0.000114,151.399475,0.888355,0.664808,0.996053,,,,,,,,,,,,
8,8109,338,9.007781,46.568045,0.000017,238.767138,0.998967,0.746342,0.995908,,,,,,,,,,,,
8,3912,163,8.993105,0.661942,0.000177,2.737573,0.54166,0.404368,0.806386,,,,,,,,,,,,
11,7648,319,9.004711,59.267369,0.000043,235.422748,0.992008,0.742173,0.990652,,,,,,,,,,,,
12,5628,235,9.000715,3.474077,0.000091,83.534405,0.769238,0.576061,0.99355,,,,,,,,,,,,
19,9101,379,9.020137,189.50339,0.000058,240.747649,0.999999,0.749498,0.995927,,,,,,,,,,,,
12,2658,111,9.010934,0.209126,0,0.708134,0.367953,0.276559,0.549357,,,,,,,,,,,,
13,6253,261,8.989895,6.616347,0.00012,151.118009,0.857681,0.640653,0.991215,,,,,,,,,,,,
6,2832,118,9.008206,0.289703,0,0.885455,0.39265,0.294865,0.586605,,,,,,,,,,,,
17,938,39,9.039839,0,0,0.000908,0.130274,0.097236,0.196841,,,,,,,,,,,,
8,6240,260,9.00826,4.741,0.000048,156.222382,0.866419,0.647783,0.990267,,,,,,,,,,,,
17,9360,390,9.011474,197.743431,0.000113,231.848048,0.990947,0.742908,0.990353,,,,,,,,,,,,
3,1443,60,9.044619,0.000046,0,0.020151,0.201814,0.150535,0.302043,,,,,,,,,,,,
15,7080,295,8.999497,23.1847,0.000068,207.283715,0.966815,0.722249,0.995817,,,,,,,,,,,,
14,5544,231,9.015264,2.469931,0.000058,113.634365,0.769467,0.574773,0.99596,,,,,,,,,,,,
8,5313,221,9.003681,3.100419,0,83.771217,0.735743,0.549898,0.991392,,,,,,,,,,,,
3,6123,255,8.980097,6.562006,0.000124,108.328506,0.827482,0.620133,0.986196,,,,,,,,,,,,
3,1350,56,8.975947,0,0,0.024643,0.187926,0.139448,0.280478,,,,,,,,,,,,
15,2964,124,8.993644,0.237588,0.000023,0.945888,0.411301,0.307801,0.611535,,,,,,,,,,,,
11,4820,201,8.9894,2.389692,0.000021,24.920316,0.664979,0.500539,0.940344,,,,,,,,,,,,
16,4980,208,8.993772,2.581802,0.000015,32.925321,0.689928,0.51571,0.974203,,,,,,,,,,,,
5,4224,176,8.990913,0.69469,0.000056,4.181559,0.585485,0.440184,0.872896,,,,,,,,,,,,
15,7260,303,8.98696,33.512077,0.000025,202.095704,0.95041,0.711767,0.996149,,,,,,,,,,,,
3,4990,208,8.999608,1.818635,0.000185,51.629638,0.691217,0.518342,0.986681,,,,,,,,,,,,
4,1876,78,8.984775,0.017146,0,0.105234,0.259112,0.193948,0.388831,,,,,,,,,,,,
13,6669,278,8.990447,17.11059,0.000057,222.474955,0.925842,0.689919,0.995763,,,,,,,,,,,,
2,5952,248,9.015617,3.891497,0.000033,146.850597,0.825764,0.618574,0.995893,,,,,,,,,,,,
6,5753,240,8.99101,4.815626,0.00003,84.730573,0.797171,0.598729,0.991614,,,,,,,,,,,,
18,8208,342,9.002089,78.827492,0.00005,241.933766,0.999999,0.749531,0.99603,,,,,,,,,,,,
6,4770,199,8.998343,1.669404,0.00018,13.967249,0.658343,0.494564,0.962825,,,,,,,,,,,,
14,7210,300,8.999992,19.384968,0.000179,229.870739,0.980348,0.73575,0.995829,,,,,,,,,,,,
2,5335,222,8.988757,2.892407,0.000036,83.304546,0.73718,0.553782,0.984968,,,,,,,,,,,,
17,7252,302,9.014195,19.217117,0.000094,228.75153,0.98721,0.739585,0.995965,,,,,,,,,,,,
4,1900,79,9.007956,0.01122,0,0.112261,0.263451,0.197423,0.393544,,,,,,,,,,,,
5,2445,102,9.000116,0.084422,0,0.456498,0.339439,0.253385,0.504671,,,,,,,,,,,,
11,7185,299,9.005511,24.494858,0.000119,236.329349,0.973347,0.730935,0.995942,,,,,,,,,,,,
15,2485,104,9.013343,0.100211,0,0.557811,0.343808,0.256649,0.512132,,,,,,,,,,,,
6,2916,122,9.003836,0.211521,0.00002,0.768692,0.406234,0.304059,0.604286,,,,,,,,,,,,
5,2415,101,8.982035,0.082107,0,0.433747,0.335229,0.250875,0.500345,,,,,,,,,,,,
2,964,40,9.014948,0,0,0.000303,0.133871,0.100925,0.200019,,,,,,,,,,,,
11,1443,60,8.988796,0.00074,0,0.022355,0.200643,0.150058,0.296884,,,,,,,,,,,,
20,9960,415,8.989193,198.348878,0,237.166682,0.999822,0.744781,0.995927,,,,,,,,,,,,
11,3409,142,8.991974,0.398776,0,1.961751,0.4719,0.352488,0.699742,,,,,,,,,,,,
6,2940,123,8.973388,0.175424,0,0.844797,0.406906,0.303069,0.607387,,,,,,,,,,,,
2,4040,168,8.988541,0.898383,0.00007,4.01046,0.559144,0.419168,0.833944,,,,,,,,,,,,
12,9139,381,9.006881,154.637821,0.000026,235.428934,0.999087,0.749339,0.996173,,,,,,,,,,,,
4,1980,83,9.002583,0.055648,0,0.204754,0.275382,0.206533,0.41168,,,,,,,,,,,,
17,8873,370,9.016035,137.287006,0.000017,235.023975,0.998418,0.747078,0.996221,,,,,,,,,,,,
17,990,41,8.963041,0,0,0.002148,0.137362,0.103111,0.203215,,,,,,,,,,,,
8,3672,153,9.000245,0.588799,0.000021,2.295918,0.508938,0.383702,0.760489,,,,,,,,,,,,
15,7365,307,9.020823,33.06878,0.000048,227.698081,0.988357,0.738377,0.995268,,,,,,,,,,,,
8,3528,147,8.985756,0.564195,0,1.948598,0.487574,0.365351,0.723918,,,,,,,,,,,,
13,5759,240,9.0069,3.883912,0.00004,134.937132,0.795404,0.594992,0.989488,,,,,,,,,,,,
2,7840,327,9.002973,54.681432,0.00003,238.766127,0.999999,0.749811,0.996129,,,,,,,,,,,,
15,2820,118,9.011352,0.189639,0,0.728407,0.391515,0.293367,0.585011,,,,,,,,,,,,
1,479,20,9.021916,0,0,0,0.06701,0.04978,0.099645,,,,,,,,,,,,
15,6900,288,8.997501,24.262753,0.000097,196.740566,0.955097,0.712304,0.992379,,,,,,,,,,,,
13,5500,229,8.983194,3.143856,0.000182,95.602793,0.758296,0.569103,0.990675,,,,,,,,,,,,
17,1359,57,9.010205,0.000849,0,0.020744,0.18967,0.141923,0.278481,,,,,,,,,,,,
6,6344,264,9.001206,6.427366,0.000067,151.461084,0.873969,0.652141,0.994871,,,,,,,,,,,,
14,7376,307,9.019878,34.339292,0.000041,215.595856,0.971541,0.729266,0.994759,,,,,,,,,,,,
15,7965,332,8.990344,87.946007,0.000053,231.383516,0.990657,0.74446,0.99091,,,,,,,,,,,,
3,5203,217,9.027231,2.325501,0.00009,74.060505,0.721136,0.5392,0.991127,,,,,,,,,,,,
10,435,18,9.012863,0,0,0,0.060244,0.045416,0.089981,,,,,,,,,,,,
18,1944,81,9.00973,0.022545,0,0.23489,0.269989,0.202666,0.404169,,,,,,,,,,,,
20,9980,416,8.983673,212.668021,0.000104,237.181733,0.999647,0.749079,0.995964,,,,,,,,,,,,
14,2664,111,8.98313,0.137849,0,0.583374,0.369067,0.276584,0.550702,,,,,,,,,,,,
17,7939,331,8.998529,98.404938,0.000018,236.41252,0.999851,0.7498,0.996063,,,,,,,,,,,,
17,4168,174,8.986024,0.758167,0,4.574381,0.577567,0.430909,0.868441,,,,,,,,,,,,
16,8240,343,8.99078,112.739887,0.000025,239.070429,0.999985,0.747196,0.996034,,,,,,,,,,,,
17,8228,343,8.98886,91.221929,0.000072,237.792869,0.999587,0.747566,0.996101,,,,,,,,,,,,
6,2982,124,9.007454,0.193167,0,0.914726,0.412565,0.30866,0.617563,,,,,,,,,,,,
2,1932,81,9.008928,0.007166,0,0.126944,0.268768,0.201601,0.402359,,,,,,,,,,,,
17,492,21,9.015999,0,0,0,0.068427,0.0515,0.101957,,,,,,,,,,,,
14,1368,57,8.971735,0,0,0.024367,0.190133,0.141422,0.281511,,,,,,,,,,,,
17,1760,73,8.983251,0.019457,0,0.105654,0.243229,0.181495,0.365208,,,,,,,,,,,,
8,9348,390,9.005106,146.986089,0.000097,237.962985,0.991167,0.741874,0.989051,,,,,,,,,,,,
3,1476,62,8.997889,0.003878,0,0.026719,0.205537,0.154324,0.303988,,,,,,,,,,,,
5,7395,308,8.98728,44.552231,0.000139,225.934357,0.991528,0.740812,0.995988,,,,,,,,,,,,
13,6214,259,8.995005,7.984886,0.000013,133.779303,0.858513,0.642415,0.995964,,,,,,,,,,,,
1,503,21,9.001827,0,0,0,0.069203,0.052296,0.104564,,,,,,,,,,,,
19,9500,396,8.979029,163.727002,0.000016,237.60053,0.999607,0.745817,0.996045,,,,,,,,,,,,
15,5313,221,8.993933,2.433368,0,60.227665,0.738449,0.551372,0.99508,,,,,,,,,,,,
12,7185,299,8.992808,50.453513,0.000155,191.227316,0.961706,0.717764,0.99135,,,,,,,,,,,,
1,469,20,8.979632,0,0,0,0.065049,0.048354,0.09756,,,,,,,,,,,,
2,932,39,8.953269,0,0,0.001502,0.12901,0.095569,0.192536,,,,,,,,,,,,
9,6214,259,8.990243,5.489615,0.000067,139.843027,0.852016,0.63634,0.995981,,,,,,,,,,,,
12,6144,256,8.997918,4.55469,0.000003,137.649645,0.838866,0.62779,0.995454,,,,,,,,,,,,
12,6120,255,8.989956,6.650046,0.000045,144.50094,0.848197,0.635613,0.989789,,,,,,,,,,,,
12,8194,341,8.995475,66.163362,0.000081,239.142879,0.999999,0.749456,0.996083,,,,,,,,,,,,
13,5941,248,9.007138,4.314127,0.000055,173.004443,0.822375,0.612874,0.995595,,,,,,,,,,,,
3,1533,64,9.011837,0.000102,0,0.035115,0.212858,0.159392,0.317402,,,,,,,,,,,,
20,10080,420,9.012435,223.827602,0.000035,238.128355,0.999999,0.750412,0.996041,,,,,,,,,,,,
6,2820,118,9.017363,0.2034,0,0.733547,0.392425,0.292045,0.584903,,,,,,,,,,,,
15,2400,100,9.004701,0.065879,0,0.383136,0.332969,0.24818,0.499511,,,,,,,,,,,,
10,4920,205,8.990155,2.313941,0.000141,24.162888,0.678808,0.510274,0.988153,,,,,,,,,,,,
13,6721,280,9.007788,12.818691,0.000019,204.681769,0.930203,0.698634,0.995009,,,,,,,,,,,,
20,8900,371,8.996229,185.450681,0.000009,230.662952,0.992783,0.741753,0.996089,,,,,,,,,,,,
11,5478,228,8.998597,4.162286,0.000022,110.177595,0.760847,0.568203,0.996088,,,,,,,,,,,,
17,8551,356,9.000248,158.306303,0,239.403467,0.999999,0.748766,0.995976,,,,,,,,,,,,
4,2856,119,9.000226,0.239298,0,0.930496,0.396333,0.296792,0.591115,,,,,,,,,,,,
15,4520,188,9.005375,1.863809,0,11.700728,0.625364,0.466869,0.928777,,,,,,,,,,,,
17,8928,372,9.009393,126.384481,0.000072,238.934631,0.999999,0.746755,0.996121,,,,,,,,,,,,
10,7200,300,9.004297,51.970559,0.00005,205.258499,0.971911,0.727539,0.99348,,,,,,,,,,,,
19,9614,401,8.995381,196.62622,0.000116,230.897247,0.993192,0.7448,0.996138,,,,,,,,,,,,
12,1380,58,9.01679,0.000081,0,0.021369,0.193227,0.142317,0.28743,,,,,,,,,,,,
12,5700,238,8.992887,5.846924,0.000049,72.016712,0.778313,0.584849,0.99579,,,,,,,,,,,,
6,2868,120,9.006042,0.358232,0,1.164106,0.400174,0.298317,0.59501,,,,,,,,,,,,
12,5760,240,8.991968,3.669634,0.000064,112.91022,0.797995,0.596973,0.996002,,,,,,,,,,,,
5,980,41,9.014731,0,0,0.002884,0.136765,0.102114,0.203913,,,,,,,,,,,,
11,6762,282,8.999929,14.032547,0.000037,182.479893,0.933894,0.696203,0.994882,,,,,,,,,,,,
5,2335,97,8.989545,0.074137,0,0.355165,0.322518,0.241504,0.482584,,,,,,,,,,,,
15,6678,278,8.994063,13.066285,0.000142,185.58609,0.924277,0.694616,0.991362,,,,,,,,,,,,
17,7820,326,8.992679,60.710274,0.00003,230.908683,0.995586,0.744823,0.996185,,,,,,,,,,,,
19,8778,366,9.022328,136.144313,0.000073,233.294915,0.998022,0.745213,0.995798,,,,,,,,,,,,
2,8303,346,8.989375,146.721711,0.000067,227.250353,0.991653,0.743027,0.995512,,,,,,,,,,,,
14,6958,290,9.004741,15.473103,0.000025,184.375947,0.940684,0.703194,0.995945,,,,,,,,,,,,
6,2658,111,8.986651,0.136043,0,0.676463,0.366715,0.274694,0.547855,,,,,,,,,,,,
11,5280,220,8.996264,2.181504,0.000064,65.783399,0.725757,0.544523,0.996272,,,,,,,,,,,,
6,2360,98,9.00025,0.056773,0,0.38298,0.327497,0.245619,0.492408,,,,,,,,,,,,
6,2670,111,9.007969,0.0843,0,0.434496,0.372005,0.27787,0.551577,,,,,,,,,,,,
19,8797,367,8.99345,143.591308,0.000076,242.154089,0.999962,0.748782,0.996092,,,,,,,,,,,,
20,9640,402,8.994653,164.082942,0.000078,240.154519,0.999487,0.74795,0.99618,,,,,,,,,,,,
4,1868,78,9.005408,0.011979,0,0.121442,0.260953,0.19394,0.384463,,,,,,,,,,,,
19,2968,124,9.007003,0.279324,0.000068,1.4309,0.412176,0.308968,0.619587,,,,,,,,,,,,
8,3936,164,8.989788,0.903134,0,6.057806,0.545311,0.407063,0.81378,,,,,,,,,,,,
9,4203,175,9.002576,1.014274,0.000052,5.789998,0.581928,0.435872,0.876168,,,,,,,,,,,,
7,3479,145,9.001056,0.41659,0,1.395943,0.484439,0.360385,0.720582,,,,,,,,,,,,
7,6555,273,8.985933,11.573621,0.000052,198.119097,0.909405,0.682705,0.993998,,,,,,,,,,,,
11,5467,228,8.994756,3.175222,0.000009,129.228097,0.760184,0.565908,0.982293,,,,,,,,,,,,
19,3976,166,8.998013,0.77223,0,4.517906,0.550057,0.412653,0.822297,,,,,,,,,,,,
11,4939,206,9.003368,2.018436,0.000097,51.372937,0.684641,0.513497,0.985038,,,,,,,,,,,,
13,7786,324,8.984334,74.283652,0.000035,235.500993,0.999691,0.747454,0.996154,,,,,,,,,,,,
18,5412,226,8.991623,3.051567,0.000377,80.52372,0.750111,0.561502,0.990856,,,,,,,,,,,,
16,7792,325,9.011418,64.343089,0.000059,234.830829,0.995531,0.74529,0.995823,,,,,,,,,,,,
13,5928,247,8.992843,6.720038,0.000053,142.933015,0.817284,0.60918,0.991694,,,,,,,,,,,,
5,2435,101,8.978729,0.084441,0,0.416957,0.337994,0.252334,0.50243,,,,,,,,,,,,
8,3568,149,8.99181,0.556531,0,2.395596,0.492819,0.368667,0.732217,,,,,,,,,,,,
10,9044,377,8.984172,141.03873,0.00001,226.555781,0.992085,0.737498,0.994673,,,,,,,,,,,,
10,1924,80,9.010832,0.008999,0,0.141341,0.267797,0.1992,0.39917,,,,,,,,,,,,
5,1362,57,9.009636,0.000292,0,0.025856,0.189284,0.142418,0.282374,,,,,,,,,,,,
5,10203,425,8.995763,210.378061,0.000024,241.74142,0.999999,0.749828,0.996143,,,,,,,,,,,,
13,8226,343,9.003362,74.226958,0.000092,227.737038,0.987305,0.739429,0.991242,,,,,,,,,,,,
18,4960,207,8.983392,2.280895,0.000041,58.262879,0.685896,0.515425,0.995711,,,,,,,,,,,,
3,4068,170,8.989215,0.984398,0.000017,4.840972,0.565518,0.421278,0.83528,,,,,,,,,,,,
11,7680,320,9.016122,45.140909,0.000076,214.035943,0.968957,0.724341,0.993474,,,,,,,,,,,,
2,1006,42,8.993906,0,0,0.006467,0.139256,0.104472,0.207596,,,,,,,,,,,,
16,7312,305,9.004492,21.356843,0.000073,215.259373,0.97791,0.734321,0.996272,,,,,,,,,,,,
16,1434,60,9.002939,0,0,0.038064,0.19932,0.149005,0.296992,,,,,,,,,,,,
8,3912,163,9.009052,0.591819,0.000024,3.31427,0.540484,0.405132,0.801354,,,,,,,,,,,,
3,4580,191,8.988249,1.792929,0.000003,9.33332,0.638412,0.476262,0.946533,,,,,,,,,,,,
5,4840,202,9.003648,2.033856,0.000047,32.808793,0.667442,0.501766,0.970157,,,,,,,,,,,,
6,2838,118,9.008972,0.188007,0,0.92189,0.394062,0.294972,0.589969,,,,,,,,,,,,
18,9180,383,8.978136,144.049261,0.000079,229.93364,0.99458,0.739755,0.996014,,,,,,,,,,,,
18,9378,391,9.000432,154.97357,0.000103,238.587462,0.999438,0.748637,0.996216,,,,,,,,,,,,
5,3792,158,8.984633,0.620469,0.000099,2.784469,0.526318,0.392339,0.781657,,,,,,,,,,,,
2,1004,42,8.976847,0,0,0.002224,0.139066,0.104381,0.208525,,,,,,,,,,,,
10,4690,195,8.998893,1.798243,0.000065,10.762169,0.651656,0.484961,0.958377,,,,,,,,,,,,
12,1044,44,9.007906,0,0,0.000201,0.14567,0.108254,0.216582,,,,,,,,,,,,
6,2784,116,9.006826,0.186119,0,0.672931,0.385202,0.289362,0.576897,,,,,,,,,,,,
6,972,41,8.990374,0,0,0,0.135157,0.100527,0.200833,,,,,,,,,,,,
6,4329,180,9.005055,1.003552,0.000006,5.253665,0.600295,0.448036,0.891586,,,,,,,,,,,,
4,497,21,8.936752,0,0,0,0.068045,0.051443,0.101769,,,,,,,,,,,,
12,968,40,8.973618,0,0,0.001762,0.133788,0.101066,0.200249,,,,,,,,,,,,
18,5720,238,9.002548,5.030398,0.000019,106.237229,0.791296,0.591893,0.987026,,,,,,,,,,,,
2,1002,42,9.002786,0,0,0.006876,0.138996,0.103769,0.208657,,,,,,,,,,,,
5,3612,151,8.998811,0.322105,0,1.681062,0.503033,0.375919,0.749497,,,,,,,,,,,,
9,4194,175,9.012735,0.982913,0.000012,5.756472,0.580903,0.434524,0.864242,,,,,,,,,,,,
11,5247,219,8.987648,2.382695,0.00013,55.014211,0.726764,0.545188,0.973839,,,,,,,,,,,,
3,1326,55,8.99116,0.002252,0,0.030266,0.184205,0.13944,0.272408,,,,,,,,,,,,
17,8483,353,8.989706,118.259254,0.000011,234.911421,0.993836,0.74816,0.993248,,,,,,,,,,,,
3,1972,82,8.995363,0.020458,0,0.139011,0.273113,0.20562,0.410083,,,,,,,,,,,,
14,10560,440,8.993261,217.881559,0.000075,239.562205,0.999999,0.746373,0.996103,,,,,,,,,,,,
17,4221,176,8.970706,0.806488,0.000026,4.221619,0.583932,0.43825,0.862946,,,,,,,,,,,,
11,5962,248,9.004343,4.103149,0.000125,153.138848,0.828413,0.618594,0.99427,,,,,,,,,,,,
8,3728,155,8.987366,0.584012,0.000033,4.5979,0.516461,0.388123,0.775115,,,,,,,,,,,,
4,1900,79,9.027468,0.022307,0,0.150962,0.263318,0.198337,0.395708,,,,,,,,,,,,
18,8964,374,8.995297,101.722642,0.000034,213.699861,0.978243,0.732721,0.995728,,,,,,,,,,,,
7,3437,143,8.984285,0.476833,0,1.74281,0.479211,0.356065,0.711142,,,,,,,,,,,,
5,2510,105,8.997398,0.096868,0,0.563104,0.347891,0.260447,0.51939,,,,,,,,,,,,
7,5993,250,8.994505,5.808308,0.000089,151.510486,0.815826,0.612094,0.991075,,,,,,,,,,,,
17,8748,365,8.990304,134.398735,0.000068,235.349804,0.999003,0.748276,0.995957,,,,,,,,,,,,
16,8256,344,9.008952,112.836983,0.000037,228.713232,0.993622,0.744068,0.995898,,,,,,,,,,,,
16,8448,352,8.983778,87.278813,0.000018,239.569107,0.99992,0.747743,0.996183,,,,,,,,,,,,
17,8245,344,9.012562,110.603309,0.000017,237.778185,0.999709,0.748438,0.996159,,,,,,,,,,,,
14,2652,111,8.994554,0.113247,0,0.505561,0.367859,0.274614,0.548137,,,,,,,,,,,,
3,1353,56,9.001677,0,0,0.006634,0.18842,0.141205,0.279682,,,,,,,,,,,,
18,8748,365,9.005393,128.187903,0.000134,237.727822,0.99829,0.745886,0.995843,,,,,,,,,,,,
17,4545,189,8.969361,0.984473,0.00001,6.745058,0.629635,0.469737,0.93303,,,,,,,,,,,,
18,4383,183,8.991014,1.034104,0.000006,9.868064,0.606364,0.452412,0.895038,,,,,,,,,,,,
14,6846,285,9.009786,10.989228,0.000054,207.895918,0.939814,0.704628,0.995814,,,,,,,,,,,,
1,2694,112,8.989263,0.213996,0,0.749155,0.370977,0.280076,0.55831,,,,,,,,,,,,
3,1437,60,9.001123,0.001098,0,0.026872,0.200039,0.149076,0.297893,,,,,,,,,,,,
20,9500,396,9.003447,141.847068,0.00008,236.051381,0.997347,0.746812,0.995967,,,,,,,,,,,,
17,2215,92,9.006139,0.092396,0.000012,0.492009,0.307849,0.2295,0.460207,,,,,,,,,,,,
8,9177,382,9.010892,127.440002,0.000138,241.812131,0.999999,0.750424,0.996039,,,,,,,,,,,,
14,6748,281,9.02295,15.680224,0.000198,192.523689,0.923269,0.693325,0.994375,,,,,,,,,,,,
3,1401,58,9.006325,0.000319,0,0.029738,0.196121,0.144993,0.291375,,,,,,,,,,,,
17,7956,332,8.994267,92.750643,0.000042,232.658381,0.994984,0.744275,0.996152,,,,,,,,,,,,
20,9360,390,8.989817,186.798122,0.00021,226.759814,0.99122,0.74325,0.996152,,,,,,,,,,,,
6,8432,351,9.025488,118.210471,0.000039,232.875067,0.996267,0.746127,0.996154,,,,,,,,,,,,
10,4520,188,8.980819,1.317161,0.00005,9.773759,0.625519,0.466607,0.91422,,,,,,,,,,,,
9,4401,183,9.00718,1.168251,0.000074,12.079206,0.609161,0.45619,0.908477,,,,,,,,,,,,
15,6900,288,9.007166,16.235126,0.000146,200.360828,0.946025,0.707721,0.990983,,,,,,,,,,,,
13,5707,238,8.991277,3.648177,0.000137,121.915672,0.786598,0.591644,0.996206,,,,,,,,,,,,
14,3675,153,9.01553,0.498396,0.00007,3.584459,0.508976,0.380444,0.749628,,,,,,,,,,,,
14,7252,302,8.999771,38.4239,0.000127,201.015143,0.967734,0.721794,0.995851,,,,,,,,,,,,
13,5760,240,8.994585,4.619028,0.000026,104.370663,0.800932,0.597509,0.9884,,,,,,,,,,,,
10,2838,118,8.995567,0.221615,0,0.677047,0.39227,0.292258,0.584857,,,,,,,,,,,,
19,9177,382,8.999092,182.884491,0.000032,235.00173,0.999999,0.746738,0.996172,,,,,,,,,,,,
19,9348,390,9.00112,161.119993,0.000123,221.22419,0.986412,0.739903,0.996082,,,,,,,,,,,,
3,2994,125,9.037603,0.234563,0,0.882059,0.415022,0.310512,0.617875,,,,,,,,,,,,
3,1368,57,9.018621,0,0,0.029244,0.189566,0.141369,0.282898,,,,,,,,,,,,
14,8892,371,8.988449,139.640493,0.000018,240.427398,0.999999,0.750267,0.996373,,,,,,,,,,,,
9,4401,183,9.005959,1.205793,0.000118,7.728566,0.609261,0.45721,0.909647,,,,,,,,,,,,
11,4983,208,8.992646,2.284451,0.000124,33.859386,0.690543,0.51535,0.986983,,,,,,,,,,,,
18,1446,60,9.01248,0.013765,0,0.068356,0.20207,0.15042,0.299921,,,,,,,,,,,,
16,7600,317,9.001218,63.379645,0.000093,229.528669,0.996041,0.744964,0.996205,,,,,,,,,,,,
2,1030,43,8.953976,0,0,0.000103,0.142093,0.106083,0.210654,,,,,,,,,,,,
4,1956,82,8.997766,0.016742,0,0.122237,0.271177,0.202088,0.408341,,,,,,,,,,,,
4,1900,79,9.019509,0.018182,0,0.183378,0.264717,0.198269,0.39646,,,,,,,,,,,,
17,7488,312,9.001223,48.330007,0.000103,236.879739,0.999369,0.745987,0.996187,,,,,,,,,,,,
13,6136,256,8.999613,6.188373,0.000095,112.853759,0.84942,0.634707,0.995815,,,,,,,,,,,,
15,4144,173,8.997464,0.720008,0.000062,3.060158,0.574628,0.429196,0.851773,,,,,,,,,,,,
14,6566,274,8.989102,11.865877,0.000033,169.535788,0.902783,0.675555,0.992821,,,,,,,,,,,,
3,6580,274,9.004155,8.557463,0.0001,183.760166,0.909235,0.679838,0.995547,,,,,,,,,,,,
8,3944,164,8.995271,0.713118,0,4.087364,0.547117,0.409297,0.817965,,,,,,,,,,,,
3,6012,251,9.001325,6.764398,0.000087,143.612052,0.824257,0.617367,0.996075,,,,,,,,,,,,
5,2415,101,9.018781,0.046947,0,0.358262,0.336098,0.251184,0.500186,,,,,,,,,,,,
1,440,18,8.924635,0,0,0,0.060442,0.045421,0.090196,,,,,,,,,,,,
18,9080,378,9.008133,139.448901,0.000078,238.360239,0.999999,0.746551,0.995949,,,,,,,,,,,,
5,9640,402,8.994865,186.754611,0.000029,237.382207,0.999795,0.74773,0.99609,,,,,,,,,,,,
3,7973,332,8.995867,88.133343,0.00005,233.200001,0.997431,0.745466,0.995693,,,,,,,,,,,,
4,1980,83,9.014989,0.035082,0,0.198518,0.275853,0.205437,0.412415,,,,,,,,,,,,
18,439,18,9.02587,0,0,0,0.061847,0.04578,0.090347,,,,,,,,,,,,
18,2904,121,9.003462,0.208971,0,0.687312,0.402903,0.30214,0.600656,,,,,,,,,,,,
14,6678,278,8.997705,9.764898,0.000131,178.463652,0.923848,0.690098,0.995877,,,,,,,,,,,,
6,2790,116,9.001956,0.176955,0,0.549357,0.387826,0.290375,0.578113,,,,,,,,,,,,
9,3143,131,8.977961,0.308022,0,1.053818,0.436413,0.32505,0.650616,,,,,,,,,,,,
13,7154,298,8.998702,26.089944,0.000151,209.874392,0.978073,0.730886,0.996003,,,,,,,,,,,,
1,472,20,9.029486,0,0,0,0.065611,0.049633,0.097203,,,,,,,,,,,,
10,4120,172,9.009257,0.917948,0.000006,6.903551,0.571425,0.4258,0.851852,,,,,,,,,,,,
6,536,22,9.047861,0,0,0,0.074591,0.056354,0.111368,,,,,,,,,,,,
6,2802,117,9.017769,0.111653,0,0.614455,0.390166,0.292095,0.5833,,,,,,,,,,,,
4,9367,390,8.983094,135.226686,0.000041,237.659972,0.999825,0.747787,0.996084,,,,,,,,,,,,
11,9036,377,9.007352,117.094375,0.000072,237.383345,0.999939,0.748926,0.99585,,,,,,,,,,,,
14,6986,291,9.011592,23.940563,0.000021,228.573886,0.96767,0.723728,0.992475,,,,,,,,,,,,
17,5400,225,9.000488,3.446596,0.000112,85.271917,0.748441,0.558517,0.985249,,,,,,,,,,,,
4,974,41,9.03255,0,0,0.002034,0.135632,0.101087,0.204056,,,,,,,,,,,,
12,5340,223,9.001417,3.100985,0.000003,44.567728,0.737765,0.551034,0.982942,,,,,,,,,,,,
15,1800,75,9.025382,0.04074,0,0.151105,0.249885,0.186518,0.375349,,,,,,,,,,,,
3,1437,60,9.025527,0.006963,0.000015,0.083801,0.199119,0.149971,0.299574,,,,,,,,,,,,
15,7020,293,8.997971,14.42876,0.000124,213.707617,0.957347,0.718255,0.996113,,,,,,,,,,,,
4,3036,127,8.993946,0.226769,0.000005,0.981575,0.420653,0.315201,0.627656,,,,,,,,,,,,
15,7305,304,9.008984,44.507506,0.000076,237.748782,0.997783,0.748041,0.996201,,,,,,,,,,,,
7,2500,104,8.991451,0.106821,0,0.369205,0.345562,0.259596,0.51502,,,,,,,,,,,,
13,2405,100,8.988343,0.052183,0,0.357839,0.333547,0.250401,0.499127,,,,,,,,,,,,
2,7999,333,8.996714,62.045022,0.000033,225.673626,0.985351,0.739024,0.996096,,,,,,,,,,,,
18,8478,353,8.996606,109.199606,0.000091,235.291112,0.992472,0.74396,0.99238,,,,,,,,,,,,
17,7485,312,8.981898,31.671283,0.000045,239.644688,0.999999,0.749213,0.996238,,,,,,,,,,,,
12,5940,248,8.994033,5.063301,0.000279,134.732855,0.822176,0.615617,0.992621,,,,,,,,,,,,
19,8835,368,8.996413,161.748643,0.000003,239.146571,0.999977,0.747587,0.996008,,,,,,,,,,,,
12,5856,244,9.022921,5.557593,0.000184,134.167238,0.809591,0.604162,0.989205,,,,,,,,,,,,
14,1440,60,9.029753,0.000417,0,0.02747,0.200807,0.148567,0.296893,,,,,,,,,,,,
14,6874,286,8.999409,16.964919,0.000061,174.827035,0.93392,0.69741,0.988289,,,,,,,,,,,,
14,5850,244,9.009912,5.281385,0.000038,136.908578,0.813298,0.610164,0.993479,,,,,,,,,,,,
20,10540,439,8.995812,257.618175,0.000019,240.161916,0.999999,0.74859,0.996107,,,,,,,,,,,,
19,5260,219,9.004957,1.754898,0.000059,40.434562,0.731335,0.546883,0.995718,,,,,,,,,,,,
10,8483,353,8.995765,115.200117,0.000161,240.915532,0.999999,0.749842,0.996079,,,,,,,,,,,,
4,1948,81,9.007478,0.028496,0,0.168011,0.271137,0.202195,0.404609,,,,,,,,,,,,
17,2590,108,8.99916,0.124786,0,0.475713,0.359689,0.268188,0.533008,,,,,,,,,,,,
18,8946,373,9.004893,130.240036,0.000087,237.456868,0.999999,0.746349,0.996073,,,,,,,,,,,,
5,9842,410,9.010535,174.31518,0.000095,239.863952,0.999502,0.748698,0.99596,,,,,,,,,,,,
19,4410,184,9.001657,1.358947,0.00002,14.10292,0.61262,0.456361,0.914565,,,,,,,,,,,,
6,6735,281,9.005467,10.277109,0.000128,184.802739,0.918218,0.687311,0.989652,,,,,,,,,,,,
4,1948,81,9.025575,0.008868,0,0.108701,0.271902,0.202677,0.40675,,,,,,,,,,,,
15,7875,328,9.015024,68.16094,0.000161,234.745038,0.998188,0.745974,0.995832,,,,,,,,,,,,
14,5724,239,9.009082,3.768634,0.000163,89.242309,0.782955,0.588862,0.988035,,,,,,,,,,,,
9,1776,74,8.986241,0.017111,0,0.085141,0.247401,0.184421,0.365374,,,,,,,,,,,,
3,7095,296,8.992274,28.378178,0.000166,207.661543,0.950885,0.714102,0.995917,,,,,,,,,,,,
7,6539,272,8.999231,8.860178,0.000087,184.17295,0.905812,0.677444,0.995928,,,,,,,,,,,,
19,946,39,8.974854,0,0,0.000985,0.131199,0.098045,0.195794,,,,,,,,,,,,
5,2310,96,9.001329,0.054191,0,0.323029,0.32099,0.239083,0.476289,,,,,,,,,,,,
13,6188,258,8.986762,9.588426,0.000142,126.944581,0.850416,0.637275,0.995736,,,,,,,,,,,,
14,6412,267,8.984691,6.643851,0.0001,161.388491,0.871607,0.652111,0.99607,,,,,,,,,,,,
5,2320,97,8.988168,0.067125,0,0.294749,0.320366,0.241575,0.477942,,,,,,,,,,,,
15,1804,75,9.017292,0.017647,0,0.128184,0.249956,0.186015,0.374968,,,,,,,,,,,,
7,3346,139,8.994201,0.39896,0.000161,1.786677,0.462941,0.34817,0.691371,,,,,,,,,,,,
4,2574,107,9.012375,0.130561,0.000006,0.437081,0.357643,0.266433,0.531425,,,,,,,,,,,,
19,4329,180,8.999663,0.993253,0.000031,5.551503,0.599997,0.447736,0.875667,,,,,,,,,,,,
12,5880,245,8.995507,5.358331,0.000035,144.476508,0.817458,0.610037,0.996048,,,,,,,,,,,,
7,6024,251,8.995921,5.08284,0.000061,135.785098,0.836708,0.625816,0.995912,,,,,,,,,,,,
15,1290,54,9.042801,0,0,0.008224,0.179977,0.134044,0.268488,,,,,,,,,,,,
2,3616,151,9.005375,0.783374,0.000022,2.469142,0.504255,0.375678,0.741968,,,,,,,,,,,,
14,6272,261,8.994574,6.257759,0.000089,173.621601,0.868492,0.650422,0.995819,,,,,,,,,,,,
1,1916,80,9.00769,0.039775,0,0.168799,0.266556,0.20031,0.396444,,,,,,,,,,,,
5,9126,380,8.999712,159.23805,0.000055,236.056302,0.999868,0.745478,0.996164,,,,,,,,,,,,
13,6409,267,8.993655,8.085946,0.000123,177.337182,0.881384,0.658761,0.996151,,,,,,,,,,,,
2,934,39,8.972774,0,0,0,0.129246,0.096763,0.191948,,,,,,,,,,,,
7,2520,105,9.00797,0.109504,0,0.443763,0.350287,0.261958,0.523541,,,,,,,,,,,,
17,8007,334,9.002813,66.37137,0.000074,229.773462,0.988999,0.743348,0.996223,,,,,,,,,,,,
13,9386,391,8.989248,157.685867,0.000113,239.665782,0.999026,0.748257,0.99598,,,,,,,,,,,,
5,2330,97,9.003546,0.056215,0,0.295532,0.323653,0.242099,0.484713,,,,,,,,,,,,
7,1317,55,8.986927,0.004705,0,0.03445,0.183622,0.135627,0.271314,,,,,,,,,,,,
4,1904,79,9.025498,0.027992,0,0.158978,0.266214,0.198449,0.396147,,,,,,,,,,,,
6,8194,341,8.995883,98.114079,0.000222,237.557226,0.999999,0.747215,0.996063,,,,,,,,,,,,
15,3060,128,9.001841,0.284618,0,1.283754,0.424888,0.316693,0.633243,,,,,,,,,,,,
11,5522,230,9.015937,2.891852,0.000051,103.15727,0.766471,0.573305,0.995898,,,,,,,,,,,,
14,6790,283,9.00692,9.495616,0.000033,169.202739,0.914425,0.682236,0.996079,,,,,,,,,,,,
3,1389,58,9.027513,0.000727,0,0.02151,0.19328,0.144972,0.290915,,,,,,,,,,,,
17,3992,166,9.004828,0.641386,0.000009,3.91515,0.553495,0.415991,0.834113,,,,,,,,,,,,
4,6426,268,9.005094,10.313558,0.000052,176.106179,0.877926,0.658311,0.995337,,,,,,,,,,,,
4,8658,361,8.979387,116.863919,0.000037,235.221262,0.998203,0.745804,0.995932,,,,,,,,,,,,
6,7973,332,8.998346,65.113057,0.000081,240.638849,0.999684,0.749889,0.99604,,,,,,,,,,,,
3,1470,61,9.002312,0.001069,0,0.030755,0.203124,0.153511,0.304901,,,,,,,,,,,,
19,4365,182,9.032322,1.182258,0,9.695937,0.607182,0.455717,0.898483,,,,,,,,,,,,
17,8568,357,8.991408,134.217694,0.00015,233.107116,0.993025,0.745143,0.994733,,,,,,,,,,,,
5,948,40,8.997556,0,0,0.001229,0.13099,0.099091,0.197559,,,,,,,,,,,,
12,8766,365,8.994976,121.128274,0.000028,221.627097,0.989146,0.738331,0.994613,,,,,,,,,,,,
13,5049,210,9.017097,2.17054,0.000006,51.080299,0.700754,0.522032,0.98431,,,,,,,,,,,,
8,4581,191,9.005901,1.353024,0.000013,12.647765,0.63505,0.47489,0.924214,,,,,,,,,,,,
12,1848,77,9.004287,0.021037,0,0.225297,0.257411,0.192557,0.383569,,,,,,,,,,,,
10,4560,190,8.999579,1.568358,0.000009,20.914774,0.633281,0.473654,0.941585,,,,,,,,,,,,
9,10526,439,9.002192,198.189145,0.00005,238.716051,0.999808,0.744972,0.996019,,,,,,,,,,,,
8,8835,368,8.996684,134.968407,0.000044,242.573335,0.999846,0.751511,0.99605,,,,,,,,,,,,
16,3832,160,8.984428,0.712392,0.000013,3.551712,0.529944,0.397794,0.792085,,,,,,,,,,,,
11,5976,249,9.01378,4.512653,0.000025,170.396806,0.826088,0.621142,0.981713,,,,,,,,,,,,
18,7848,327,9.003637,116.967444,0.000011,238.187053,0.995537,0.74356,0.992776,,,,,,,,,,,,
20,9600,400,8.976415,143.3287,0.000016,230.958486,0.992021,0.74031,0.996159,,,,,,,,,,,,
5,2245,94,8.983841,0.066987,0,0.295454,0.30945,0.231807,0.462691,,,,,,,,,,,,
19,9177,382,8.998565,174.482903,0.000201,235.565914,0.999999,0.745487,0.996061,,,,,,,,,,,,
1,486,20,9.065689,0,0,0,0.068308,0.05089,0.100861,,,,,,,,,,,,
10,9386,391,8.986544,174.016053,0.000149,214.390758,0.981068,0.736074,0.993588,,,,,,,,,,,,
15,3840,160,8.984481,0.757573,0.000122,3.564704,0.531365,0.399914,0.793505,,,,,,,,,,,,
7,3430,143,9.000264,0.62945,0.000075,2.474807,0.474189,0.353932,0.704917,,,,,,,,,,,,
3,9972,416,8.988515,214.825746,0.000009,241.021938,0.999999,0.747883,0.995826,,,,,,,,,,,,
19,8683,362,8.991679,134.956895,0.000008,239.667273,0.998831,0.749939,0.996097,,,,,,,,,,,,
16,4040,168,8.995649,0.781845,0.00007,4.725205,0.557043,0.416819,0.828245,,,,,,,,,,,,
7,3969,165,8.973553,1.189103,0,5.493556,0.55111,0.410403,0.825506,,,,,,,,,,,,
19,8987,374,8.990931,120.974967,0.00008,231.923171,0.995294,0.741566,0.995781,,,,,,,,,,,,
8,3944,164,9.010432,0.925934,0.000001,4.687874,0.548279,0.411252,0.818664,,,,,,,,,,,,
13,6162,257,8.992527,8.378716,0.000234,160.436584,0.855158,0.639953,0.981527,,,,,,,,,,,,
15,7560,315,9.000294,72.999578,0.000088,217.364214,0.982552,0.733324,0.996004,,,,,,,,,,,,
7,3374,141,9.006494,0.47414,0.000036,2.165452,0.47038,0.34975,0.696336,,,,,,,,,,,,
7,3563,148,9.002349,0.444915,0,2.240735,0.492998,0.369943,0.740136,,,,,,,,,,,,
16,8424,351,9.003618,82.940972,0.000168,203.190525,0.967504,0.726974,0.99588,,,,,,,,,,,,
9,4041,168,8.996605,1.015293,0.000002,8.319154,0.562141,0.420913,0.837096,,,,,,,,,,,,
3,8600,358,9.013832,129.839882,0.000098,228.273548,0.994609,0.742112,0.996035,,,,,,,,,,,,
10,4840,202,9.027106,1.6575,0.000063,46.887064,0.673826,0.505117,0.981632,,,,,,,,,,,,
1,490,20,9.0285,0,0,0,0.067648,0.050902,0.102293,,,,,,,,,,,,
4,1928,80,9.011642,0.015266,0,0.169735,0.267649,0.201497,0.401859,,,,,,,,,,,,
20,8064,336,8.986882,56.138997,0.00006,229.885837,0.990589,0.743977,0.995761,,,,,,,,,,,,
7,880,37,8.994233,0,0,0,0.120913,0.091209,0.183075,,,,,,,,,,,,
5,2450,102,8.995802,0.078503,0,0.446502,0.341651,0.253472,0.511115,,,,,,,,,,,,
18,9450,394,8.992994,128.518448,0.00001,229.064037,0.992524,0.742674,0.996036,,,,,,,,,,,,
12,5868,245,9.000223,4.425119,0.000094,130.928515,0.811046,0.607407,0.995836,,,,,,,,,,,,
12,2682,112,8.998116,0.233596,0,0.821057,0.372043,0.280131,0.554461,,,,,,,,,,,,
7,3178,132,9.008649,0.380433,0,1.651152,0.438728,0.330751,0.657987,,,,,,,,,,,,
3,4080,170,9.018175,0.803843,0.000044,4.121407,0.567473,0.424874,0.844499,,,,,,,,,,,,
16,7936,331,9.001447,91.653534,0.00004,231.159508,0.99085,0.741807,0.993419,,,,,,,,,,,,
13,6812,284,9.008,11.685819,0.000077,206.674288,0.932597,0.697231,0.996065,,,,,,,,,,,,
20,3549,148,8.990504,0.419506,0,1.878681,0.492395,0.367509,0.736015,,,,,,,,,,,,
14,3736,156,9.003169,0.739426,0.00001,4.75882,0.518585,0.387837,0.774013,,,,,,,,,,,,
8,3283,137,8.981163,0.339782,0,1.569221,0.453089,0.338517,0.673609,,,,,,,,,,,,
13,6383,266,9.010516,7.97974,0.000037,178.738183,0.887145,0.664285,0.995985,,,,,,,,,,,,
1,4554,190,8.982038,1.278984,0.000035,8.924343,0.630254,0.472408,0.931221,,,,,,,,,,,,
18,8712,363,8.996817,132.56036,0.000075,236.707133,0.995998,0.746362,0.995261,,,,,,,,,,,,
6,2826,118,8.989842,0.164275,0,0.806391,0.39212,0.291524,0.584679,,,,,,,,,,,,
10,3339,139,8.996506,0.369713,0,1.375728,0.464028,0.346014,0.694977,,,,,,,,,,,,
9,4194,175,9.007694,0.930011,0,7.87533,0.584138,0.436374,0.866687,,,,,,,,,,,,
17,3262,136,8.985212,0.266277,0,1.345762,0.45147,0.337427,0.674461,,,,,,,,,,,,
18,8928,372,8.990587,168.046084,0.000062,239.916467,0.999999,0.746658,0.996014,,,,,,,,,,,,
14,6762,282,9.000741,11.823197,0.000053,188.407518,0.927366,0.694131,0.99615,,,,,,,,,,,,
16,7968,332,8.994263,91.509692,0.00003,220.079787,0.987723,0.736981,0.995947,,,,,,,,,,,,
6,2766,115,9.001883,0.164845,0,0.495546,0.384636,0.287538,0.570085,,,,,,,,,,,,
7,3283,137,8.989561,0.327464,0.000174,1.390437,0.454304,0.339927,0.678995,,,,,,,,,,,,
6,2886,120,9.018108,0.207561,0,0.946298,0.400835,0.299627,0.600472,,,,,,,,,,,,
12,5568,232,8.999406,4.415215,0.000191,63.183975,0.768524,0.574664,0.996009,,,,,,,,,,,,
15,6420,268,9.009498,10.258253,0.000185,197.932264,0.889458,0.663972,0.996189,,,,,,,,,,,,
10,9215,384,9.007043,158.415676,0.000019,233.744273,0.996946,0.743779,0.996049,,,,,,,,,,,,
3,3290,137,9.001619,0.379606,0.000017,1.291009,0.456543,0.341311,0.683166,,,,,,,,,,,,
13,5220,218,8.980507,2.919492,0.000037,63.270824,0.721319,0.540257,0.986221,,,,,,,,,,,,
10,4890,204,9.001154,1.482348,0.000045,18.17661,0.679252,0.508596,0.968768,,,,,,,,,,,,
13,7059,294,8.988116,21.242639,0.000112,220.546057,0.972698,0.725174,0.993917,,,,,,,,,,,,
4,3896,162,8.997758,0.666192,0.000383,2.864418,0.538238,0.404648,0.806108,,,,,,,,,,,,
7,4158,173,9.007679,1.061059,0.000171,5.045896,0.576989,0.434234,0.855054,,,,,,,,,,,,
14,4480,187,8.983445,1.537666,0.000097,15.356618,0.621432,0.466406,0.922824,,,,,,,,,,,,
7,3192,133,8.999554,0.415787,0.000016,2.228072,0.442517,0.332557,0.664192,,,,,,,,,,,,
4,1912,80,9.001869,0.038143,0,0.193695,0.263176,0.197514,0.39584,,,,,,,,,,,,
8,3640,152,9.007278,0.701245,0.000167,2.81565,0.505342,0.379953,0.754761,,,,,,,,,,,,
2,7968,332,9.0024,81.264668,0.000063,233.954627,0.997224,0.745655,0.995932,,,,,,,,,,,,
4,4131,172,8.97913,1.138274,0.000011,7.182759,0.572086,0.429188,0.854478,,,,,,,,,,,,
13,6877,287,8.997244,11.756694,0,192.828248,0.94515,0.709244,0.996049,,,,,,,,,,,,
6,2712,113,9.022211,0.185952,0,0.65809,0.378096,0.282897,0.563324,,,,,,,,,,,,
15,5796,242,9.006713,4.891637,0.000046,126.274709,0.799339,0.601829,0.994648,,,,,,,,,,,,
15,5071,211,9.005995,2.346452,0.000112,62.822475,0.705058,0.526583,0.984286,,,,,,,,,,,,
10,1374,57,8.988713,0,0,0.014192,0.189463,0.142134,0.284553,,,,,,,,,,,,
12,5796,242,9.002906,3.187947,0.00039,132.573252,0.801326,0.600305,0.99598,,,,,,,,,,,,
19,4630,193,8.979923,1.459737,0,14.633447,0.640561,0.478846,0.955508,,,,,,,,,,,,
7,3318,138,9.007785,0.436331,0.000036,1.392601,0.460756,0.34401,0.682247,,,,,,,,,,,,
4,5030,210,8.98783,2.050282,0.000065,52.042697,0.694404,0.520883,0.991119,,,,,,,,,,,,
13,6006,250,9.006888,5.376646,0.000013,137.240673,0.831496,0.621892,0.995907,,,,,,,,,,,,
9,4131,172,8.990915,0.874955,0.000048,4.945389,0.56846,0.427019,0.850536,,,,,,,,,,,,
17,7922,330,9.005112,54.819826,0.000027,231.127008,0.994342,0.746376,0.995067,,,,,,,,,,,,
17,9006,375,8.993638,156.904668,0.000129,236.146224,0.998584,0.746546,0.995944,,,,,,,,,,,,
8,8466,353,8.994154,120.337499,0.000002,235.582853,0.998344,0.744758,0.995611,,,,,,,,,,,,
9,6747,281,8.996218,18.355193,0.00004,189.62059,0.91299,0.684861,0.985965,,,,,,,,,,,,
13,7973,332,8.995974,79.841027,0.00002,207.894942,0.973846,0.726704,0.994144,,,,,,,,,,,,
12,6513,271,8.987111,10.869816,0.000104,205.303892,0.897406,0.671293,0.996113,,,,,,,,,,,,
4,2048,85,8.981455,0.023493,0,0.136863,0.282729,0.213006,0.426855,,,,,,,,,,,,
5,3248,135,9.009345,0.378222,0,1.69816,0.451547,0.337691,0.673633,,,,,,,,,,,,
7,498,21,9.001554,0,0,0,0.068905,0.051812,0.10355,,,,,,,,,,,,
3,1920,80,8.992091,0.006738,0,0.113325,0.265667,0.199663,0.396225,,,,,,,,,,,,
3,4970,207,9.007187,2.069312,0.000053,32.724158,0.689405,0.516551,0.963254,,,,,,,,,,,,
8,8381,349,8.986383,119.913244,0.000067,230.063347,0.989263,0.739207,0.98893,,,,,,,,,,,,
9,1856,77,9.015375,0.016159,0,0.147093,0.257188,0.192504,0.383889,,,,,,,,,,,,
17,8313,346,8.992407,102.994442,0.000074,213.607059,0.973428,0.731406,0.988449,,,,,,,,,,,,
9,4428,185,9.000276,1.163353,0.000061,17.028574,0.613691,0.458469,0.917417,,,,,,,,,,,,
19,4545,189,9.030072,1.21676,0.000045,10.815854,0.633485,0.469446,0.924604,,,,,,,,,,,,
11,8280,345,9.014789,124.941156,0.000044,236.97436,0.999985,0.747191,0.996206,,,,,,,,,,,,
5,4920,205,8.992104,1.809379,0.000062,29.866356,0.68222,0.511038,0.98628,,,,,,,,,,,,
1,498,21,8.988753,0,0,0,0.069261,0.051739,0.102842,,,,,,,,,,,,
16,8930,372,9.015819,162.520176,0.000086,237.159443,0.999999,0.748041,0.996171,,,,,,,,,,,,
12,5676,237,8.998899,4.719444,0.000145,108.269578,0.773458,0.579122,0.98693,,,,,,,,,,,,
9,4266,178,8.993019,1.379879,0.000223,6.230881,0.592756,0.442692,0.865221,,,,,,,,,,,,
2,1008,42,9.00835,0,0,0.000921,0.138855,0.103971,0.21006,,,,,,,,,,,,
4,8246,344,9.009164,95.226684,0.000087,226.410353,0.990331,0.740538,0.995901,,,,,,,,,,,,
4,6097,254,8.997693,5.379211,0.000083,127.001264,0.839213,0.628171,0.993201,,,,,,,,,,,,
18,2748,115,8.987528,0.172271,0,0.629041,0.381314,0.283887,0.568493,,,,,,,,,,,,
2,1395,58,8.974185,0.000537,0,0.019027,0.193441,0.144703,0.285598,,,,,,,,,,,,
4,1920,80,8.97652,0.006585,0,0.087036,0.264639,0.199624,0.395524,,,,,,,,,,,,
9,4725,197,9.022637,1.663556,0.000027,25.768607,0.657457,0.491706,0.960939,,,,,,,,,,,,
15,7305,304,9.001622,25.251251,0.000026,230.475728,0.993546,0.743827,0.995105,,,,,,,,,,,,
2,1058,44,9.002434,0,0,0.000069,0.147016,0.110145,0.219063,,,,,,,,,,,,
8,3656,152,9.007015,0.551803,0.000013,2.385171,0.506144,0.37883,0.753004,,,,,,,,,,,,
17,8279,345,9.011102,92.828816,0.000116,231.021302,0.992825,0.745803,0.995956,,,,,,,,,,,,
5,3416,142,9.003102,0.40905,0,1.702332,0.47387,0.355578,0.706532,,,,,,,,,,,,
16,5291,220,8.992453,2.583332,0.000155,59.20244,0.729267,0.545998,0.987289,,,,,,,,,,,,
13,4446,185,9.008487,0.976032,0.000225,9.247283,0.617518,0.464853,0.924428,,,,,,,,,,,,
18,8334,347,9.012958,138.978858,0.000096,224.395326,0.990243,0.739731,0.995352,,,,,,,,,,,,
4,6036,252,8.986455,5.326581,0.000178,119.898258,0.830768,0.622148,0.981128,,,,,,,,,,,,
14,3507,146,9.008335,0.487814,0,1.98419,0.486075,0.365899,0.725561,,,,,,,,,,,,
8,3904,163,9.014982,0.68947,0.000008,2.775665,0.544639,0.406668,0.808244,,,,,,,,,,,,
19,8949,373,8.991096,164.562908,0.000084,237.394773,0.999999,0.747799,0.996114,,,,,,,,,,,,
17,7480,312,9.004617,33.924682,0.000026,223.715045,0.978815,0.733298,0.995891,,,,,,,,,,,,
11,5379,224,8.996805,2.592726,0.00003,109.039707,0.743763,0.557627,0.995689,,,,,,,,,,,,
19,8398,350,9.003914,102.549012,0.000026,227.079562,0.986524,0.736047,0.989642,,,,,,,,,,,,
15,1708,71,8.993026,0.006287,0,0.070666,0.237596,0.176262,0.352979,,,,,,,,,,,,
3,7112,296,8.983174,36.923189,0.000007,193.33386,0.959448,0.718171,0.996197,,,,,,,,,,,,
19,942,39,8.971426,0,0,0.000464,0.130556,0.097552,0.193949,,,,,,,,,,,,
4,6230,260,8.983952,7.09992,0.000161,144.760181,0.852854,0.638305,0.996118,,,,,,,,,,,,
15,7350,306,9.007468,35.151186,0.000132,234.636829,0.991202,0.741804,0.995971,,,,,,,,,,,,
4,6840,285,8.993002,14.571068,0.000021,225.657453,0.947715,0.706702,0.996065,,,,,,,,,,,,
17,8296,346,9.007953,62.171593,0.000113,229.968088,0.991609,0.742725,0.99608,,,,,,,,,,,,
20,8976,374,8.989733,106.676454,0.000035,237.409273,0.999999,0.748734,0.996161,,,,,,,,,,,,
14,2360,98,8.988449,0.084664,0,0.429816,0.325009,0.244139,0.487318,,,,,,,,,,,,
20,4500,188,9.003562,1.378918,0.000013,8.507008,0.623806,0.463639,0.906986,,,,,,,,,,,,
3,7956,332,9.008678,61.359689,0.000078,232.240714,0.995773,0.745622,0.995803,,,,,,,,,,,,
8,2136,89,9.021367,0.02386,0,0.212626,0.297076,0.222455,0.44198,,,,,,,,,,,,
5,2415,101,9.013631,0.059038,0,0.302089,0.336785,0.250999,0.500894,,,,,,,,,,,,
13,6136,256,9.001456,8.843924,0.000126,122.940468,0.842999,0.630315,0.996029,,,,,,,,,,,,
6,3006,125,8.997598,0.212395,0,0.792158,0.418482,0.312228,0.622584,,,,,,,,,,,,
9,8514,355,9.000972,162.091324,0.000097,238.278612,0.998037,0.750125,0.995985,,,,,,,,,,,,
8,5628,235,8.978384,3.881186,0.000063,74.702969,0.78178,0.586068,0.993151,,,,,,,,,,,,
1,495,21,8.980351,0,0,0,0.068216,0.051756,0.101163,,,,,,,,,,,,
1,444,19,8.971944,0,0,0,0.061858,0.045821,0.091213,,,,,,,,,,,,
13,3367,140,8.990659,0.330996,0,1.396632,0.465892,0.349979,0.698256,,,,,,,,,,,,
18,7728,322,8.988304,61.486046,0.000031,222.754119,0.983798,0.735249,0.996112,,,,,,,,,,,,
11,5038,210,9.003915,2.178404,0.000012,29.664578,0.699575,0.522046,0.996011,,,,,,,,,,,,
1,4890,204,8.984547,1.66705,0.000036,16.88308,0.681004,0.506033,0.976831,,,,,,,,,,,,
15,6975,291,8.990706,12.340382,0.000042,231.152758,0.947175,0.710039,0.995807,,,,,,,,,,,,
15,8687,362,8.984889,104.702908,0.000052,226.699903,0.985587,0.735996,0.989097,,,,,,,,,,,,
17,8449,352,8.99121,98.058858,0,235.667872,0.999999,0.743621,0.996186,,,,,,,,,,,,
19,10051,419,9.00334,233.023104,0.000015,230.091421,0.995094,0.742851,0.995925,,,,,,,,,,,,
3,986,41,9.014921,0,0,0.003111,0.136871,0.10286,0.202288,,,,,,,,,,,,
20,6860,286,8.997552,25.178643,0.000087,229.879835,0.9538,0.711229,0.995954,,,,,,,,,,,,
3,1443,60,8.977057,0.000317,0,0.030259,0.199577,0.150113,0.298791,,,,,,,,,,,,
1,3248,135,9.006761,0.421208,0.000019,1.342981,0.451036,0.337702,0.673836,,,,,,,,,,,,
19,9006,375,9.006287,147.669448,0.000085,233.795238,0.998106,0.74621,0.995959,,,,,,,,,,,,
3,7760,323,8.971468,94.656558,0.000019,229.073046,0.979113,0.735895,0.982025,,,,,,,,,,,,
2,960,40,8.969417,0,0,0.000327,0.132967,0.099769,0.19893,,,,,,,,,,,,
8,3936,164,8.988972,0.745525,0.000175,5.935936,0.545848,0.407061,0.812747,,,,,,,,,,,,
19,9120,380,8.994167,160.634059,0.00003,239.52629,0.999999,0.749793,0.996053,,,,,,,,,,,,
4,2020,84,9.011263,0.026594,0,0.178052,0.281095,0.209715,0.419339,,,,,,,,,,,,
19,4880,203,8.988168,1.745629,0.000001,28.637495,0.67629,0.507877,0.974769,,,,,,,,,,,,
3,3736,156,9.003752,0.556874,0.000035,3.196438,0.520369,0.388829,0.7704,,,,,,,,,,,,
14,6487,270,9.00971,7.506982,0.000107,157.514264,0.878226,0.658928,0.994912,,,,,,,,,,,,
19,1401,58,9.007144,0.000029,0,0.026985,0.194101,0.145625,0.290927,,,,,,,,,,,,
11,5181,216,8.993508,2.321694,0.000096,41.31131,0.7164,0.537815,0.970304,,,,,,,,,,,,
17,8279,345,9.002645,65.729699,0.000033,239.089586,0.995934,0.744997,0.996001,,,,,,,,,,,,
4,9215,384,9.003027,177.8608,0.00016,236.946122,0.99684,0.746381,0.994055,,,,,,,,,,,,
18,507,21,8.977721,0,0,0,0.070461,0.051879,0.105213,,,,,,,,,,,,
10,4780,199,8.994263,1.583361,0.000064,18.328013,0.664494,0.49839,0.958952,,,,,,,,,,,,
4,1972,82,9.010909,0.038667,0,0.164575,0.274054,0.203914,0.405179,,,,,,,,,,,,
12,5736,239,8.997239,4.404192,0.000191,107.232946,0.794633,0.597955,0.988051,,,,,,,,,,,,
9,4473,186,8.985424,1.444659,0.000004,11.99952,0.619745,0.46415,0.931381,,,,,,,,,,,,
9,4410,184,8.987791,1.329391,0.000044,9.482681,0.609389,0.456982,0.912154,,,,,,,,,,,,
10,8010,334,8.9951,134.240926,0.000068,237.077453,0.997465,0.749382,0.994836,,,,,,,,,,,,
3,1464,61,8.97505,0.000976,0,0.030168,0.201872,0.151944,0.301522,,,,,,,,,,,,
3,1395,58,8.990597,0.000166,0,0.023529,0.193142,0.145697,0.289579,,,,,,,,,,,,
13,5850,244,8.976386,5.7667,0.000048,145.013032,0.81014,0.605858,0.989975,,,,,,,,,,,,
16,5652,236,9.009429,3.5421,0.000081,87.422513,0.780007,0.584533,0.995098,,,,,,,,,,,,
13,7290,304,8.995891,29.547393,0.000033,185.021014,0.9343,0.698574,0.995523,,,,,,,,,,,,
5,2365,99,8.995435,0.066143,0,0.324049,0.327954,0.244983,0.486126,,,,,,,,,,,,
20,4113,171,8.994271,1.088634,0.000037,6.403861,0.570607,0.426885,0.848844,,,,,,,,,,,,
13,9025,376,8.987413,154.258558,0.00003,235.250924,0.997098,0.746065,0.995478,,,,,,,,,,,,
11,7785,324,9.006879,64.746263,0.000313,206.933406,0.973506,0.72698,0.995802,,,,,,,,,,,,
17,8279,345,8.993381,104.46522,0,237.907964,0.998588,0.743884,0.995909,,,,,,,,,,,,
10,5360,223,8.997165,2.0596,0.000041,67.263596,0.743764,0.554246,0.995892,,,,,,,,,,,,
5,8500,354,8.976204,128.924284,0.00008,220.965787,0.989034,0.73984,0.99616,,,,,,,,,,,,
16,7632,318,9.01383,51.568987,0.000065,239.523576,0.999999,0.749809,0.996087,,,,,,,,,,,,
18,9270,386,9.005457,194.488806,0.000041,234.709754,0.987142,0.737959,0.985873,,,,,,,,,,,,
10,1404,59,8.990672,0.001401,0,0.030432,0.194929,0.145703,0.291791,,,,,,,,,,,,
2,920,38,9.011265,0,0,0.007334,0.127323,0.095965,0.190356,,,,,,,,,,,,
1,9367,390,8.992073,167.127746,0.000018,234.129567,0.998698,0.746518,0.995988,,,,,,,,,,,,
2,1026,43,9.011461,0,0,0,0.14219,0.106731,0.213394,,,,,,,,,,,,
3,1458,61,9.00027,0.000934,0,0.03081,0.200711,0.150504,0.29899,,,,,,,,,,,,
9,4914,205,9.005607,1.47742,0,34.815385,0.681592,0.511485,0.985202,,,,,,,,,,,,
16,7552,315,9.011907,33.457419,0.000014,233.867168,0.995076,0.745915,0.996178,,,,,,,,,,,,
14,6314,263,9.010009,6.077754,0.000129,148.085475,0.863969,0.645325,0.996095,,,,,,,,,,,,
18,8550,356,9.002931,142.682244,0.000053,225.804783,0.989721,0.739643,0.995902,,,,,,,,,,,,
3,1434,60,9.009646,0.002095,0,0.029365,0.199748,0.148759,0.298287,,,,,,,,,,,,
11,5258,219,9.006969,2.62798,0.00008,35.640881,0.727017,0.544011,0.995672,,,,,,,,,,,,
6,2748,115,9.006486,0.222652,0,0.735067,0.380149,0.284231,0.570229,,,,,,,,,,,,
15,2395,100,9.027956,0.056072,0,0.325958,0.334541,0.249349,0.497849,,,,,,,,,,,,
11,5643,235,8.997676,2.873051,0.000076,119.059143,0.770968,0.579589,0.996027,,,,,,,,,,,,
17,10300,429,8.993916,198.363279,0.000124,240.213591,0.999999,0.748175,0.995955,,,,,,,,,,,,
15,6870,286,9.006662,14.584418,0.000091,223.312151,0.949709,0.712702,0.996085,,,,,,,,,,,,
7,3325,139,9.002122,0.408429,0,1.654975,0.460699,0.346692,0.690699,,,,,,,,,,,,
16,1864,78,8.989675,0.023131,0,0.135846,0.258507,0.192275,0.385409,,,,,,,,,,,,
9,5555,231,9.004347,3.339889,0.000084,95.284429,0.767425,0.571988,0.990679,,,,,,,,,,,,
4,2530,105,9.013699,0.121484,0,0.526053,0.350982,0.263635,0.524553,,,,,,,,,,,,
15,7170,299,9.00192,19.396131,0.000122,221.7901,0.962388,0.72044,0.994181,,,,,,,,,,,,
10,7888,329,9.01345,47.573583,0.000133,235.661064,0.9895,0.742125,0.996055,,,,,,,,,,,,
18,960,40,8.989703,0,0,0.000887,0.133185,0.099906,0.199554,,,,,,,,,,,,
9,2385,99,8.983503,0.075071,0,0.418087,0.332543,0.246453,0.492578,,,,,,,,,,,,
15,7035,293,9.007249,40.576364,0.000012,196.641322,0.954235,0.714971,0.996061,,,,,,,,,,,,
3,9367,390,9.008363,200.94665,0.000007,230.715002,0.989207,0.741122,0.989322,,,,,,,,,,,,
12,5400,225,8.986722,2.830507,0.000173,102.080215,0.749506,0.562006,0.986814,,,,,,,,,,,,
6,6487,270,8.999983,7.42754,0.000042,195.975222,0.895725,0.671305,0.995939,,,,,,,,,,,,
6,3030,126,9.014559,0.298546,0,1.311747,0.421264,0.316281,0.631932,,,,,,,,,,,,
11,5456,227,9.0098,3.607677,0.000018,99.528145,0.754792,0.564792,0.995888,,,,,,,,,,,,
19,8854,369,8.996218,139.743655,0.000064,236.19598,0.99763,0.746956,0.995046,,,,,,,,,,,,
18,2225,93,9.012341,0.065859,0,0.292334,0.307593,0.231125,0.460297,,,,,,,,,,,,
4,1976,82,8.995335,0.020289,0,0.17087,0.274086,0.205489,0.409562,,,,,,,,,,,,
15,7425,309,8.997941,41.782853,0.000057,224.774246,0.981583,0.736209,0.996133,,,,,,,,,,,,
19,7275,303,9.004392,35.103229,0.000019,211.568313,0.976776,0.730702,0.995957,,,,,,,,,,,,
8,4088,170,8.997101,0.795993,0,4.040007,0.566845,0.425759,0.845914,,,,,,,,,,,,
20,1338,56,8.995185,0.003659,0,0.03136,0.184928,0.139949,0.277738,,,,,,,,,,,,
7,3423,143,9.005361,0.356885,0,1.437305,0.476783,0.356255,0.709664,,,,,,,,,,,,
20,8900,371,8.993902,140.629497,0.000028,229.329891,0.991715,0.7435,0.995978,,,,,,,,,,,,
20,9760,407,8.996586,212.656576,0.000039,238.617398,0.999999,0.750721,0.996087,,,,,,,,,,,,
2,956,40,9.026017,0,0,0,0.13281,0.098976,0.198769,,,,,,,,,,,,
15,7605,317,9.010643,52.926374,0.000091,231.09465,0.994402,0.743623,0.994611,,,,,,,,,,,,
7,8347,348,8.99907,86.110755,0.000059,239.494336,0.999999,0.747978,0.996009,,,,,,,,,,,,
8,4740,198,9.013098,2.14512,0,23.212805,0.656615,0.492781,0.951773,,,,,,,,,,,,
15,2004,84,8.976438,0.002886,0,0.086835,0.277249,0.207351,0.414592,,,,,,,,,,,,
19,9519,397,8.989841,193.717912,0.000043,239.598975,0.999999,0.747663,0.995851,,,,,,,,,,,,
7,3157,132,8.982627,0.276393,0,1.076107,0.435989,0.327135,0.653041,,,,,,,,,,,,
3,4518,188,9.004582,1.379435,0.000105,9.798659,0.62707,0.471209,0.907067,,,,,,,,,,,,
15,7425,309,8.985162,50.193203,0.00001,225.626126,0.98871,0.737889,0.995073,,,,,,,,,,,,
17,7125,297,8.978157,17.662122,0.00001,215.442038,0.972499,0.725944,0.992523,,,,,,,,,,,,
9,7792,325,8.997099,57.733767,0.000044,203.523748,0.972622,0.724303,0.996029,,,,,,,,,,,,
19,9386,391,9.002942,158.413155,0.000147,238.750332,0.999999,0.747137,0.995976,,,,,,,,,,,,
4,3269,136,8.993724,0.340078,0.000004,1.178116,0.453139,0.338865,0.676075,,,,,,,,,,,,
8,4112,171,9.003609,0.842723,0.000004,4.072425,0.571719,0.427436,0.856093,,,,,,,,,,,,
19,8000,333,8.983278,105.048838,0.000055,226.182095,0.99046,0.741045,0.995925,,,,,,,,,,,,
9,4023,168,8.977698,0.943927,0.000237,5.316104,0.555301,0.415785,0.828889,,,,,,,,,,,,
2,996,42,9.031167,0,0,0.001985,0.13817,0.103923,0.208046,,,,,,,,,,,,
7,3423,143,9.001835,0.414687,0,1.945953,0.476738,0.355235,0.709358,,,,,,,,,,,,
9,6058,252,9.006231,6.104632,0.000093,137.08935,0.839988,0.627794,0.992763,,,,,,,,,,,,
13,6175,257,9.002754,8.236433,0.000051,187.51533,0.853629,0.640118,0.996231,,,,,,,,,,,,
8,4144,173,8.983349,0.748673,0,7.852268,0.571615,0.427618,0.856311,,,,,,,,,,,,
6,8694,362,9.002741,126.674843,0.000122,228.262744,0.991637,0.739867,0.995972,,,,,,,,,,,,
1,4950,206,8.985502,1.76622,0.000113,35.512573,0.684831,0.512558,0.972836,,,,,,,,,,,,
16,7320,305,9.001563,55.997123,0.000085,210.094453,0.974679,0.727567,0.991815,,,,,,,,,,,,
12,5225,218,8.988843,2.409563,0.000124,83.273186,0.720335,0.53989,0.99594,,,,,,,,,,,,
9,9386,391,9.010209,185.014307,0.000019,236.931052,0.997944,0.746904,0.995948,,,,,,,,,,,,
6,2886,120,9.005757,0.215018,0,0.759876,0.402659,0.299889,0.60021,,,,,,,,,,,,
3,1557,65,9.037275,0.011781,0,0.072155,0.217824,0.161881,0.326658,,,,,,,,,,,,
10,4610,192,8.97755,1.355544,0.000093,17.506658,0.638131,0.476898,0.946467,,,,,,,,,,,,
15,7185,299,9.004769,13.915281,0.000057,215.964264,0.970884,0.72781,0.991931,,,,,,,,,,,,
13,7744,323,8.997357,76.788771,0.000156,232.229375,0.993779,0.744335,0.994271,,,,,,,,,,,,
10,8892,371,9.006111,158.144498,0.000037,236.892665,0.996606,0.747601,0.996188,,,,,,,,,,,,
4,1964,82,9.008918,0.014859,0,0.134554,0.273203,0.203701,0.408515,,,,,,,,,,,,
15,10032,418,9.012826,214.346295,0.000064,238.998702,0.999999,0.74948,0.99599,,,,,,,,,,,,
4,8244,344,9.006462,59.579548,0.00006,236.174522,0.995506,0.743181,0.996103,,,,,,,,,,,,
7,1410,59,8.988365,0.000309,0,0.032434,0.195402,0.147579,0.290807,,,,,,,,,,,,
2,7424,309,8.98638,26.98841,0.000039,223.883585,0.977724,0.733602,0.995993,,,,,,,,,,,,
7,3458,144,9.000024,0.37831,0.000004,1.709474,0.479987,0.358699,0.714582,,,,,,,,,,,,
9,982,41,8.998501,0,0,0.00077,0.13646,0.101975,0.204534,,,,,,,,,,,,
19,8702,363,8.983925,135.505621,0.000077,234.679581,0.996987,0.745612,0.995931,,,,,,,,,,,,
2,3760,157,9.002136,0.637082,0.000225,3.075594,0.522931,0.392604,0.779202,,,,,,,,,,,,
13,6357,265,8.988247,6.484419,0.000003,162.751047,0.879968,0.656353,0.996103,,,,,,,,,,,,
7,7632,318,8.99622,65.741294,0.000139,227.461385,0.992369,0.740629,0.996062,,,,,,,,,,,,
5,5200,217,9.012002,2.023621,0.000053,73.25704,0.722259,0.540955,0.995992,,,,,,,,,,,,
20,4032,168,9.011597,0.611545,0.000004,4.784549,0.559505,0.420081,0.835615,,,,,,,,,,,,
18,8388,350,9.00417,91.702065,0.00005,237.415976,0.999847,0.74609,0.99612,,,,,,,,,,,,
16,4610,192,9.006592,1.476475,0.000169,10.573492,0.641013,0.478944,0.957452,,,,,,,,,,,,
7,3605,150,9.019113,0.555701,0,2.537161,0.499239,0.373418,0.7424,,,,,,,,,,,,
14,916,38,8.982167,0,0,0.001211,0.126743,0.09557,0.189288,,,,,,,,,,,,
7,3402,142,9.006082,0.47331,0,1.640581,0.47266,0.353605,0.703217,,,,,,,,,,,,
3,7260,303,8.996203,31.665233,0.000028,239.486029,0.999999,0.744667,0.996164,,,,,,,,,,,,
19,9576,399,8.978454,185.11063,0.000132,240.097716,0.999786,0.748602,0.996113,,,,,,,,,,,,
14,6552,273,8.999524,8.822932,0.00007,186.377636,0.909849,0.678467,0.992919,,,,,,,,,,,,
3,1614,67,9.005551,0.001878,0,0.040627,0.223761,0.16749,0.333969,,,,,,,,,,,,
14,6524,272,9.011628,8.554098,0.000032,183.285786,0.899806,0.672226,0.995966,,,,,,,,,,,,
8,4770,199,8.997107,1.640106,0.000105,19.69151,0.66192,0.495764,0.969525,,,,,,,,,,,,
5,7275,303,9.00948,34.01703,0.000073,205.529197,0.972381,0.726339,0.993134,,,,,,,,,,,,
14,3171,132,8.987731,0.45656,0.000002,1.6876,0.439904,0.330618,0.655521,,,,,,,,,,,,
15,1407,59,8.978685,0,0,0.027794,0.193919,0.145534,0.29224,,,,,,,,,,,,
18,8496,354,9.005673,130.363718,0.000017,223.942064,0.987818,0.738892,0.996025,,,,,,,,,,,,
16,7872,328,9.001641,87.296955,0.000232,232.649185,0.991881,0.744134,0.993916,,,,,,,,,,,,
16,7472,311,9.011373,52.635881,0,235.388774,0.993021,0.742874,0.990834,,,,,,,,,,,,
19,9880,412,8.988078,254.640979,0.000052,240.305227,0.999947,0.750279,0.99606,,,,,,,,,,,,
13,7136,297,8.989301,16.524666,0.000014,231.220496,0.970582,0.725809,0.996152,,,,,,,,,,,,
18,8190,341,8.988201,122.616688,0.000083,242.861688,0.999999,0.749874,0.996209,,,,,,,,,,,,
19,9538,397,9.008979,211.703522,0.000033,236.273237,0.998735,0.747896,0.996117,,,,,,,,,,,,
